CustomerID,Id khách hàng,Company(Đơn vị),City(Thành phố),Province(Tỉnh),Province Code(Mã vùng),District(Quận Huyện),District Code(Mã Quận Huyện),Ward(Phường Xã),Ward Code(Mã Phường Xã),Country(Quốc gia),Country Code(Mã quốc gia),Zip,Accepts Marketing(Nhận quảng cáo),Tags,Note(Ghi chú),Giới tính,Ngày sinh,Total Spent(Tổng chi tiêu),Total Orders(Tổng đơn hàng)
KH00001,17445770,,,,,,,,,Vietnam,VN,,no,,,female,,0,0
KH00002,17445771,,,,,,,,,Vietnam,VN,,no,,,male,,0,0
KH00003,17445772,,,,,,,,,,,,no,,,male,,0,0
KH00004,17445773,,,,,,,,,,,,no,,,male,,0,0
KH00005,17445774,,,,,,,,,,,,no,,,female,,0,0
KH00006,17445775,,,,,,,,,Vietnam,VN,,no,,,male,,0,0
KH00007,17445776,,,,,,,,,,,,no,,,male,,0,0
KH00008,17445777,,,,,,,,,Vietnam,VN,,no,,,male,,0,0
KH00009,17445778,,,,,,,,,Vietnam,VN,,no,,,male,,0,0
KH00010,17445779,,,,,,,,,,,,no,,,male,,0,0
KH00011,17445780,,,,,,,,,,,,no,,,male,,0,0
KH00012,17445781,,,,,,,,,Vietnam,VN,,no,,,male,,0,0
KH00013,17445782,,,,,,,,,,,,no,,,male,,0,0
KH00014,17445783,,,,,,,,,,,,no,,,male,,0,0
KH00015,17445784,,,,,,,,,Vietnam,VN,,no,,,female,,0,0
KH00016,17445785,,,,,,,,,Vietnam,VN,,no,,,male,,0,0
KH00017,17445786,,,,,,,,,Vietnam,VN,,no,,,other,,0,0
KH00018,17445787,,,,,,,,,,,,no,,,male,,0,0
KH00019,17445788,,,,,,,,,Vietnam,VN,,no,,,male,,0,0
KH00020,17445789,,,,,,,,,,,,no,,,male,,0,0
KH00021,17445790,,,,,,,,,,,,no,,,female,,0,0
KH00022,17445791,,,,,,,,,Vietnam,VN,,no,,,other,,0,0
KH00023,17445792,,,,,,,,,Vietnam,VN,,no,,,male,,0,0
KH00024,17445793,,,,,,,,,Vietnam,VN,,no,,,male,,0,0
KH00025,17445794,,,,,,,,,Vietnam,VN,,no,,,male,,0,0
KH00026,17445795,,,,,,,,,,,,no,,,female,,0,0
KH00027,17445796,,,,,,,,,,,,no,,,male,,0,0
KH00028,17445797,,,,,,,,,Vietnam,VN,,no,,,male,,0,0
KH00029,17445798,,,,,,,,,,,,no,,,male,,0,0
KH00030,17445799,,,,,,,,,Vietnam,VN,,no,,,male,,0,0
KH00031,17445800,,,,,,,,,Vietnam,VN,,no,,,male,,0,0
KH00032,17445801,,,,,,,,,Vietnam,VN,,no,,,male,,0,0
KH00033,17445802,,,,,,,,,Vietnam,VN,,no,,,male,,0,0
KH00034,17445803,,,,,,,,,Vietnam,VN,,no,,,other,,0,0
KH00035,17445804,,,,,,,,,Vietnam,VN,,no,,,male,,0,0
KH00036,17445805,,,,,,,,,Vietnam,VN,,no,,,male,,0,0
KH00037,17445806,,,,,,,,,Vietnam,VN,,no,,,male,,0,0
KH00038,17445807,,,,,,,,,Vietnam,VN,,no,,,male,,1408380,2
KH00039,17445808,,,,,,,,,Vietnam,VN,,no,,,male,,0,0
KH00040,17445809,,,,,,,,,,,,no,,,male,,0,0
KH00041,17445810,,,,,,,,,,,,no,,,male,,754000,1
KH00042,17445811,,,,,,,,,Vietnam,VN,,no,,,female,,0,0
KH00043,17445812,,,,,,,,,Vietnam,VN,,no,,,other,,0,0
KH00044,17445813,,,,,,,,,,,,no,,,male,,0,0
KH00045,17445814,,,,,,,,,,,,no,,,male,,0,0
KH00046,17445815,,,,,,,,,,,,no,,,female,,0,0
KH00047,17445816,,,,,,,,,,,,no,,,male,,0,0
KH00048,17445817,,,,,,,,,,,,no,,,male,,0,0
KH00049,17445818,,,,,,,,,Vietnam,VN,,no,,,other,,0,0
KH00050,17445819,,,,,,,,,Vietnam,VN,,no,,,male,,4090000,2
KH00051,17445820,,,,,,,,,Vietnam,VN,,no,,,male,,0,0
KH00052,17445821,,,,,,,,,Vietnam,VN,,no,,,male,,0,0
KH00053,17445822,,,,,,,,,Vietnam,VN,,no,,,female,,0,0
KH00054,17445823,,,,,,,,,,,,no,,,female,,0,0
KH00055,17445824,,,,,,,,,,,,no,,,male,,0,0
KH00056,17445825,,Lâm Đồng,Lâm Đồng,36.0,,,,,Vietnam,VN,,no,,,female,,0,0
KH00057,17445826,,,,,,,,,,,,no,,,other,,0,0
KH00058,17445827,,,,,,,,,Vietnam,VN,,no,,,male,,0,0
KH00059,17445828,,,,,,,,,Vietnam,VN,,no,,,male,,980000,1
KH00060,17445829,,,,,,,,,,,,no,,,male,,0,0
KH00061,17445830,,,,,,,,,,,,no,,,male,,0,0
KH00062,17445831,,,,,,,,,Vietnam,VN,,no,,,female,,0,0
KH00063,17445832,,,,,,,,,Vietnam,VN,,no,,,female,,0,0
KH00064,17445833,,Đồng Nai,Đồng Nai,21.0,Thành phố Long Khánh,225.0,Phường Xuân Bình,8992.0,Vietnam,VN,,no,sapo_social,Khách gửi Chành Xe Võ Cúc Phương - Bến Xe Long Khánh,female,,14235000,11
KH00065,17445834,,,,,,,,,Vietnam,VN,,no,,,male,,0,0
KH00066,17445835,,,,,,,,,,,,no,,,male,,0,0
KH00067,17445836,,,,,,,,,,,,no,,,male,,0,0
KH00068,17445837,,,,,,,,,,,,no,,,male,,0,0
KH00069,17445838,,,,,,,,,,,,no,,,female,,0,0
KH00070,17445839,,,,,,,,,Vietnam,VN,,no,,,male,,0,0
KH00071,17445840,,,,,,,,,,,,no,,,female,,0,0
KH00072,17445841,,,,,,,,,Vietnam,VN,,no,,,male,,0,0
KH00073,17445842,,,,,,,,,Vietnam,VN,,no,,,male,,0,0
KH00074,17445843,,,,,,,,,Vietnam,VN,,no,,,male,,0,0
KH00075,17445844,,,,,,,,,,,,no,,,male,,0,0
KH00076,17445845,,,,,,,,,,,,no,,,female,,0,0
KH00077,17445846,,,,,,,,,Vietnam,VN,,no,,,male,,0,0
KH00078,17445847,,,,,,,,,Vietnam,VN,,no,,,female,,0,0
KH00079,17445848,,,,,,,,,Vietnam,VN,,no,,,female,,0,0
KH00080,17445849,,,,,,,,,Vietnam,VN,,no,,,male,,0,0
KH00081,17445850,,,,,,,,,Vietnam,VN,,no,,,male,,0,0
KH00082,17445851,,,,,,,,,,,,no,,,female,,0,0
KH00083,17445852,,,,,,,,,Vietnam,VN,,no,,,other,,0,0
KH00084,17445853,,,,,,,,,Vietnam,VN,,no,,,other,,0,0
KH00085,17445854,,,,,,,,,Vietnam,VN,,no,,,male,,0,0
KH00086,17445855,,,,,,,,,Vietnam,VN,,no,,,male,,0,0
KH00087,17445856,,,,,,,,,Vietnam,VN,,yes,,,male,2001-02-01,960000,2
KH00088,17445857,,,,,,,,,Vietnam,VN,,no,,,other,,0,0
KH00089,17445858,,,,,,,,,Vietnam,VN,,no,,,other,,0,0
KH00090,17445859,,,,,,,,,Vietnam,VN,,no,,,other,,0,0
KH00091,17445860,,,,,,,,,Vietnam,VN,,no,,,male,,0,0
KH00092,17445861,,Kon Tum,Kon Tum,34.0,,,,,Vietnam,VN,,no,,,female,,0,0
KH00093,17445862,,,,,,,,,Vietnam,VN,,no,,,other,,0,0
KH00094,17445863,,,,,,,,,,,,no,,,female,,0,0
KH00095,17445864,,,,,,,,,,,,no,,,female,,0,0
KH00096,17445865,,,,,,,,,,,,no,,,male,,0,0
KH00097,17445866,,,,,,,,,,,,no,,,male,,0,0
KH00098,17445867,,,,,,,,,Vietnam,VN,,no,,,other,,0,0
KH00099,17445868,,,,,,,,,Vietnam,VN,,no,,,female,,0,0
KH00100,17445869,,,,,,,,,Vietnam,VN,,no,,,male,,0,0
KH00101,17445870,,,,,,,,,Vietnam,VN,,no,,,male,,0,0
KH00102,17445871,,,,,,,,,,,,no,,,other,,0,0
KH00103,17445872,,,,,,,,,,,,no,,,female,,0,0
KH00104,17445873,,,,,,,,,,,,no,,,female,,0,0
KH00105,17445874,,,,,,,,,,,,no,,,male,,0,0
KH00106,17445875,,,,,,,,,Vietnam,VN,,no,,,male,,0,0
KH00107,17445876,,,,,,,,,,,,no,,,male,,0,0
KH00108,17445877,,,,,,,,,,,,no,,,male,,0,0
KH00109,17445878,,,,,,,,,Vietnam,VN,,no,,,male,,0,0
KH00110,17445879,,,,,,,,,,,,no,,,female,,0,0
KH00111,17445880,,,,,,,,,Vietnam,VN,,no,,,other,,0,0
KH00112,17445881,,,,,,,,,Vietnam,VN,,no,,,other,,0,0
KH00113,17445882,,,,,,,,,,,,no,,,male,,0,0
KH00114,17445883,,,,,,,,,,,,no,,,female,,0,0
KH00115,17445884,,,,,,,,,Vietnam,VN,,no,,,female,,0,0
KH00116,17445885,,,,,,,,,,,,no,,,male,,0,0
KH00117,17445886,,,,,,,,,Vietnam,VN,,no,,,male,,0,0
KH00118,17445887,,,,,,,,,Vietnam,VN,,no,,,female,,0,0
KH00119,17445888,,,,,,,,,Vietnam,VN,,no,,,male,,0,0
KH00120,17445889,,,,,,,,,Vietnam,VN,,no,,,female,,0,0
KH00121,17445890,,,,,,,,,,,,no,,,female,,0,0
KH00122,17445891,,,,,,,,,,,,no,,,male,,0,0
KH00123,17445892,,,,,,,,,,,,no,,,female,,0,0
KH00124,17445893,,,,,,,,,,,,no,,,female,,0,0
KH00125,17445895,,,,,,,,,,,,no,,,male,,0,0
KH00126,17445896,,,,,,,,,,,,no,,,female,,0,0
KH00127,17445897,,,,,,,,,,,,no,,,female,,0,0
KH00128,17445898,,,,,,,,,,,,no,,,male,,1460000,1
KH00129,17445899,,,,,,,,,,,,no,,,male,,0,0
KH00130,17445900,,,,,,,,,,,,no,,,male,,0,0
KH00131,17445901,,,,,,,,,,,,no,,,female,,0,0
KH00132,17445902,,,,,,,,,Vietnam,VN,,no,,,male,,0,0
KH00133,17445903,,,,,,,,,Vietnam,VN,,no,,,female,,0,0
KH00134,17445904,,,,,,,,,,,,no,,,male,,0,0
KH00135,17445905,,,,,,,,,Vietnam,VN,,no,,,male,,0,0
KH00136,17445906,,,,,,,,,Vietnam,VN,,no,,,male,,0,0
KH00137,17445907,,,,,,,,,Vietnam,VN,,no,,,other,,0,0
KH00138,17445908,,,,,,,,,,,,no,,,male,,0,0
KH00139,17445909,,,,,,,,,Vietnam,VN,,no,,,female,,0,0
KH00140,17445910,,,,,,,,,Vietnam,VN,,no,,,female,,0,0
KH00141,17445911,,,,,,,,,Vietnam,VN,,no,,,male,,0,0
KH00142,17445912,,,,,,,,,Vietnam,VN,,no,,,male,,0,0
KH00143,17445913,,,,,,,,,Vietnam,VN,,no,,,male,,0,0
KH00144,17445914,,,,,,,,,Vietnam,VN,,no,,,male,,0,0
KH00145,17445915,,,,,,,,,Vietnam,VN,,no,,,female,,0,0
KH00146,17445916,,,,,,,,,Vietnam,VN,,no,,,female,,0,0
KH00147,17445917,,,,,,,,,Vietnam,VN,,no,,,female,,0,0
KH00148,17445918,,,,,,,,,,,,no,,,male,,0,0
KH00149,17445919,,,,,,,,,Vietnam,VN,,no,,,male,,0,0
KH00150,17445920,,,,,,,,,Vietnam,VN,,no,,,male,,0,0
KH00151,17445921,,,,,,,,,Vietnam,VN,,no,,,male,,0,0
KH00152,17445922,,,,,,,,,Vietnam,VN,,no,,,male,,0,0
KH00153,17445923,,,,,,,,,Vietnam,VN,,no,,,other,,0,0
KH00154,17445924,,,,,,,,,Vietnam,VN,,no,,,male,,0,0
KH00155,17445925,,,,,,,,,Vietnam,VN,,no,,,other,,0,0
KH00156,17445926,,,,,,,,,Vietnam,VN,,no,,,male,,0,0
KH00157,17445927,,,,,,,,,Vietnam,VN,,no,,,other,,0,0
KH00158,17445928,,,,,,,,,Vietnam,VN,,no,,,other,,0,0
KH00159,17445929,,,,,,,,,Vietnam,VN,,no,,,other,,0,0
KH00160,17445930,,,,,,,,,Vietnam,VN,,no,,,male,,0,0
KH00161,17445931,,,,,,,,,Vietnam,VN,,no,,,male,,0,0
KH00162,17445932,,,,,,,,,,,,no,,,female,,0,0
KH00163,17445933,,,,,,,,,,,,no,,,male,,0,0
KH00164,17445934,,,,,,,,,,,,no,,,female,,0,0
KH00165,17445935,,,,,,,,,Vietnam,VN,,no,,,male,,0,0
KH00166,17445936,,,,,,,,,,,,no,,,male,,0,0
KH00167,17445937,,,,,,,,,,,,no,,,male,,0,0
KH00168,17445938,,,,,,,,,Vietnam,VN,,no,,,male,,0,0
KH00169,17445939,,,,,,,,,Vietnam,VN,,no,,,other,,0,0
KH00170,17445940,,,,,,,,,Vietnam,VN,,no,,,male,,0,0
KH00171,17445941,,,,,,,,,Vietnam,VN,,no,,,other,,0,0
KH00172,17445942,,,,,,,,,Vietnam,VN,,no,,,male,,0,0
KH00173,17445943,,,,,,,,,,,,no,,,male,,3500000,1
KH00174,17445944,,,,,,,,,,,,no,,,male,,0,0
KH00175,17445945,,,,,,,,,,,,no,,,male,,0,0
KH00176,17445946,,,,,,,,,Vietnam,VN,,no,,,male,,1350000,2
KH00177,17445947,,,,,,,,,Vietnam,VN,,no,,,male,,0,0
KH00178,17445948,,,,,,,,,,,,no,,,male,,0,0
KH00179,17445949,,,,,,,,,,,,no,,,other,,0,0
KH00180,17445950,,,,,,,,,,,,no,,,female,,0,0
KH00181,17445951,,,,,,,,,Vietnam,VN,,no,,,male,,0,0
KH00182,17445952,,,,,,,,,Vietnam,VN,,no,,,male,,0,0
KH00183,17445953,,,,,,,,,,,,no,,,male,,0,0
KH00184,17445954,,,,,,,,,,,,no,,,other,,0,0
KH00185,17445955,,,,,,,,,Vietnam,VN,,no,,,male,,0,0
KH00186,17445956,,,,,,,,,Vietnam,VN,,no,,,male,,0,0
KH00187,17445957,,,,,,,,,,,,no,,,male,,0,0
KH00188,17445958,,,,,,,,,,,,no,,,male,,0,0
KH00189,17445959,,,,,,,,,,,,no,,,female,,0,0
KH00190,17445960,,,,,,,,,Vietnam,VN,,no,,,female,,0,0
KH00191,17445961,,,,,,,,,Vietnam,VN,,no,,,male,,0,0
KH00192,17445962,,,,,,,,,Vietnam,VN,,no,,,male,,0,0
KH00193,17445963,,,,,,,,,Vietnam,VN,,no,,,other,,0,0
KH00194,17445964,,,,,,,,,Vietnam,VN,,no,,,male,,0,0
KH00195,17445965,,,,,,,,,,,,no,,,male,,0,0
KH00196,17445966,,,,,,,,,,,,no,,,female,,0,0
KH00197,17445967,,,,,,,,,,,,no,,,female,,0,0
KH00198,17445968,,,,,,,,,,,,no,,,male,,0,0
KH00199,17445969,,Tây Ninh,Tây Ninh,53.0,,,,,Vietnam,VN,,no,,,male,,0,0
KH00200,17445970,,,,,,,,,Vietnam,VN,,no,,27 đường 38 thảo điền q2,male,,0,0
KH00201,17445971,,,,,,,,,,,,no,,,male,,0,0
KH00202,17445972,,,,,,,,,Vietnam,VN,,no,,,male,,0,0
KH00203,17445973,,,,,,,,,Vietnam,VN,,no,,,female,,0,0
KH00204,17445974,,,,,,,,,Vietnam,VN,,no,,,female,,0,0
KH00205,17445975,,,,,,,,,Vietnam,VN,,no,,,male,,0,0
KH00206,17445976,,,,,,,,,Vietnam,VN,,no,,,male,,0,0
KH00207,17445977,,,,,,,,,,,,no,,,male,,0,0
KH00208,17445978,,,,,,,,,Vietnam,VN,,no,,,male,,0,0
KH00209,17445979,,,,,,,,,,,,no,,,female,,0,0
KH00210,17445980,,,,,,,,,,,,no,,,male,,0,0
KH00211,17445981,,,,,,,,,,,,no,,,female,,0,0
KH00212,17445982,,,,,,,,,Vietnam,VN,,no,,,male,,0,0
KH00213,17445983,,,,,,,,,Vietnam,VN,,no,,,male,,0,0
KH00214,17445984,,TP Hồ Chí Minh,TP Hồ Chí Minh,2.0,Quận Phú Nhuận,46.0,Phường 9,9327.0,Vietnam,VN,,no,sapo_social,,other,,620000,1
KH00215,17445985,,,,,,,,,Vietnam,VN,,no,,,female,,0,0
KH00216,17445986,,,,,,,,,Vietnam,VN,,no,,,male,,0,0
KH00217,17445987,,,,,,,,,Vietnam,VN,,no,,,male,,0,0
KH00218,17445988,,,,,,,,,Vietnam,VN,,no,,,other,,0,0
KH00219,17445989,,,,,,,,,Vietnam,VN,,no,,,female,,0,0
KH00220,17445990,,,,,,,,,,,,no,,,female,,0,0
KH00221,17445991,,,,,,,,,,,,no,,,male,,0,0
KH00222,17445992,,,,,,,,,,,,no,,,male,,0,0
KH00223,17445993,,,,,,,,,Vietnam,VN,,no,,,male,,425000,1
KH00224,17445994,,,,,,,,,Vietnam,VN,,no,,,male,,0,0
KH00225,17445995,,,,,,,,,,,,no,,,female,,0,0
KH00226,17445996,,,,,,,,,,,,no,,,male,,0,0
KH00227,17445997,,,,,,,,,,,,no,,,male,,0,0
KH00228,17445998,,,,,,,,,Vietnam,VN,,no,,,female,,0,0
KH00229,17445999,,,,,,,,,Vietnam,VN,,no,,,male,,0,0
KH00230,17446000,,,,,,,,,,,,no,,,female,,0,0
KH00231,17446001,,,,,,,,,,,,no,,,male,,0,0
KH00232,17446002,,,,,,,,,Vietnam,VN,,no,,,male,,0,0
KH00233,17446003,,,,,,,,,Vietnam,VN,,no,,,male,,0,0
KH00234,17446004,,,,,,,,,,,,no,,,male,,0,0
KH00235,17446005,,,,,,,,,,,,no,,,male,,0,0
KH00236,17446006,,,,,,,,,,,,no,,,male,,0,0
KH00237,17446007,,,,,,,,,,,,no,,,female,,0,0
KH00238,17446008,,,,,,,,,Vietnam,VN,,no,,,male,,0,0
KH00239,17446009,,,,,,,,,Vietnam,VN,,no,,,male,,0,0
KH00240,17446010,,,,,,,,,Vietnam,VN,,no,,,female,,0,0
KH00241,17446011,,,,,,,,,Vietnam,VN,,no,,,male,,0,0
KH00242,17446012,,,,,,,,,Vietnam,VN,,no,,,female,,0,0
KH00243,17446013,,,,,,,,,,,,no,,,male,,0,0
KH00244,17446014,,,,,,,,,,,,no,,,male,,0,0
KH00245,17446015,,,,,,,,,Vietnam,VN,,no,,,male,,0,0
KH00246,17446016,,,,,,,,,Vietnam,VN,,no,,,male,,0,0
KH00247,17446017,,,,,,,,,Vietnam,VN,,no,,,other,,0,0
KH00248,17446018,,,,,,,,,Vietnam,VN,,no,,,male,,0,0
KH00249,17446019,,,,,,,,,,,,no,,,female,,0,0
KH00250,17446020,,,,,,,,,Vietnam,VN,,no,,,male,,0,0
KH00251,17446021,,,,,,,,,Vietnam,VN,,no,,,male,,0,0
KH00252,17446022,,,,,,,,,Vietnam,VN,,no,,,other,,0,0
KH00253,17446024,,,,,,,,,,,,no,,,male,,0,0
KH00254,17446025,,,,,,,,,,,,no,,,male,,0,0
KH00255,17446026,,,,,,,,,Vietnam,VN,,no,,,male,,0,0
KH00256,17446027,,,,,,,,,,,,no,,,other,,0,0
KH00257,17446028,,,,,,,,,Vietnam,VN,,no,,,male,,0,0
KH00258,17446029,,TP Hồ Chí Minh,TP Hồ Chí Minh,2.0,Huyện Bình Chánh,51.0,Xã Vĩnh Lộc A,9511.0,Vietnam,VN,,no,,,male,,835000,1
KH00259,17446030,,,,,,,,,,,,no,,,male,,0,0
KH00260,17446031,,,,,,,,,Vietnam,VN,,no,,,male,,0,0
KH00261,17446032,,,,,,,,,,,,no,,,female,,0,0
KH00262,17446033,,,,,,,,,,,,no,,,male,,0,0
KH00263,17446034,,,,,,,,,,,,no,,,male,,0,0
KH00264,17446035,,Bình Dương,Bình Dương,10.0,,,,,Vietnam,VN,,no,,,male,,0,0
KH00265,17446036,,,,,,,,,,,,no,,,female,,0,0
KH00266,17446037,,,,,,,,,Vietnam,VN,,no,,,other,,0,0
KH00267,17446038,,,,,,,,,Vietnam,VN,,no,,,other,,0,0
KH00268,17446039,,,,,,,,,Vietnam,VN,,no,,,other,,0,0
KH00269,17446040,,,,,,,,,Vietnam,VN,,no,,,male,,0,0
KH00270,17446041,,,,,,,,,Vietnam,VN,,no,,,male,,0,0
KH00271,17446042,,,,,,,,,Vietnam,VN,,no,,,male,,0,0
KH00272,17446043,,,,,,,,,,,,no,,,male,,0,0
KH00273,17446044,,,,,,,,,,,,no,,,male,,0,0
KH00274,17446045,,,,,,,,,,,,no,,,male,,0,0
KH00275,17446046,,,,,,,,,Vietnam,VN,,no,,,female,,0,0
KH00276,17446047,,,,,,,,,Vietnam,VN,,no,,,male,,0,0
KH00277,17446048,,,,,,,,,Vietnam,VN,,no,,,other,,0,0
KH00278,17446049,,TP Hồ Chí Minh,TP Hồ Chí Minh,2.0,Quận 5,34.0,Phường 3,9413.0,Vietnam,VN,,no,sapo_social,,male,,2600000,1
KH00279,17446050,,,,,,,,,,,,no,,,male,,0,0
KH00280,17446051,,,,,,,,,,,,no,,,male,,0,0
KH00281,17446052,,,,,,,,,Vietnam,VN,,no,,,male,,0,0
KH00282,17446053,,,,,,,,,,,,no,,,male,,0,0
KH00283,17446054,CÔNG TY CỔ PHẦN MANNY,,,,,,,,Vietnam,VN,,no,,,female,,0,0
KH00284,17446055,,,,,,,,,,,,no,,,female,,0,0
KH00285,17446056,,,,,,,,,Vietnam,VN,,no,,,male,,0,0
KH00286,17446057,,,,,,,,,,,,no,,,female,,0,0
KH00287,17446058,,,,,,,,,Vietnam,VN,,no,,,male,,0,0
KH00288,17446059,,,,,,,,,Vietnam,VN,,no,,,male,,0,0
KH00289,17446060,,,,,,,,,Vietnam,VN,,no,,,male,,0,0
KH00290,17446061,,,,,,,,,,,,no,,,male,,0,0
KH00291,17446062,,,,,,,,,Vietnam,VN,,no,,,female,,0,0
KH00292,17446063,,,,,,,,,,,,no,,,male,,0,0
KH00293,17446064,,,,,,,,,,,,no,,,male,,0,0
KH00294,17446065,,,,,,,,,Vietnam,VN,,no,,,male,,0,0
KH00295,17446066,,,,,,,,,Vietnam,VN,,no,,,male,,0,0
KH00296,17446067,,,,,,,,,,,,no,,,female,,0,0
KH00297,17446068,,,,,,,,,,,,no,,,male,,0,0
KH00298,17446069,,,,,,,,,,,,no,,,male,,0,0
KH00299,17446070,,,,,,,,,,,,no,,,male,,550000,1
KH00300,17446071,,,,,,,,,,,,no,,,female,,0,0
KH00301,17446072,,,,,,,,,,,,no,,,female,,0,0
KH00302,17446073,,,,,,,,,Vietnam,VN,,no,,,female,,0,0
KH00303,17446074,,,,,,,,,Vietnam,VN,,no,,,male,,1180000,1
KH00304,17446075,,,,,,,,,Vietnam,VN,,no,,,male,,0,0
KH00305,17446076,,,,,,,,,Vietnam,VN,,no,,,male,,0,0
KH00306,17446077,,,,,,,,,Vietnam,VN,,no,,,female,,0,0
KH00307,17446078,,,,,,,,,Vietnam,VN,,no,,,female,,0,0
KH00308,17446079,,,,,,,,,Vietnam,VN,,no,,,other,,0,0
KH00309,17446080,,Khánh Hòa,Khánh Hòa,32.0,,,,,Vietnam,VN,,no,,,male,,0,0
KH00310,17446081,,,,,,,,,,,,no,,,male,,0,0
KH00311,17446082,,,,,,,,,Vietnam,VN,,no,,,male,,0,0
KH00312,17446083,,,,,,,,,Vietnam,VN,,no,,,male,,0,0
KH00313,17446084,,,,,,,,,Vietnam,VN,,no,,,male,,0,0
KH00314,17446085,,,,,,,,,Vietnam,VN,,no,,,male,,0,0
KH00315,17446086,,,,,,,,,,,,no,,,female,,0,0
KH00316,17446087,,,,,,,,,Vietnam,VN,,no,,,female,,0,0
KH00317,17446088,,,,,,,,,Vietnam,VN,,no,,,female,,0,0
KH00318,17446089,,,,,,,,,Vietnam,VN,,no,,,other,,0,0
KH00319,17446090,,,,,,,,,Vietnam,VN,,no,,,male,,0,0
KH00320,17446091,,,,,,,,,Vietnam,VN,,no,,,male,,0,0
KH00321,17446092,,,,,,,,,,,,no,,,female,,0,0
KH00322,17446093,,,,,,,,,,,,no,,,female,,0,0
KH00323,17446094,,,,,,,,,,,,no,,,male,,0,0
KH00324,17446095,,,,,,,,,,,,no,,,female,,0,0
KH00325,17446096,,,,,,,,,,,,no,,,female,,0,0
KH00326,17446097,,,,,,,,,,,,no,,,male,,0,0
KH00327,17446098,,TP Hồ Chí Minh,TP Hồ Chí Minh,2.0,Quận 3,32.0,Phường Võ Thị Sáu,107463.0,Vietnam,VN,,no,sapo_social,,male,,1006000,2
KH00328,17446099,,,,,,,,,,,,no,,,female,,0,0
KH00329,17446100,,,,,,,,,,,,no,,,male,,0,0
KH00330,17446101,,Bình Dương,Bình Dương,10.0,,,,,Vietnam,VN,,no,,,female,,0,0
KH00331,17446102,,,,,,,,,,,,no,,,male,,0,0
KH00332,17446103,,Bình Dương,Bình Dương,10.0,,,,,Vietnam,VN,,no,,,male,,0,0
KH00333,17446104,,,,,,,,,,,,no,,,male,,0,0
KH00334,17446105,,,,,,,,,,,,no,,,male,,0,0
KH00335,17446106,,,,,,,,,,,,no,,,female,,0,0
KH00336,17446107,,,,,,,,,Vietnam,VN,,no,,,other,,0,0
KH00337,17446108,,,,,,,,,,,,no,,,male,,0,0
KH00338,17446109,,,,,,,,,,,,no,,,male,,0,0
KH00339,17446110,,,,,,,,,,,,no,,,male,,0,0
KH00340,17446111,,,,,,,,,Vietnam,VN,,no,,,female,,0,0
KH00341,17446112,,,,,,,,,Vietnam,VN,,no,,,male,,0,0
KH00342,17446113,,Phú Yên,Phú Yên,45.0,,,,,Vietnam,VN,,no,,,male,,0,0
KH00343,17446114,,,,,,,,,,,,no,,,female,,0,0
KH00344,17446115,,,,,,,,,,,,no,,,male,,0,0
KH00345,17446116,,,,,,,,,Vietnam,VN,,no,,,female,,0,0
KH00346,17446118,,,,,,,,,Vietnam,VN,,no,,,male,,0,0
KH00347,17446119,,,,,,,,,,,,no,,,male,,0,0
KH00348,17446120,,,,,,,,,,,,no,,,male,,0,0
KH00349,17446121,,,,,,,,,Vietnam,VN,,no,,,male,,0,0
KH00350,17446122,,,,,,,,,Vietnam,VN,,no,,,male,,0,0
KH00351,17446123,,,,,,,,,,,,no,,,male,,0,0
KH00352,17446124,,,,,,,,,,,,no,,,male,,0,0
KH00353,17446125,,,,,,,,,Vietnam,VN,,no,,,male,,0,0
KH00354,17446126,,,,,,,,,Vietnam,VN,,no,,,other,,0,0
KH00355,17446127,,,,,,,,,,,,no,,,female,,0,0
KH00356,17446128,,,,,,,,,Vietnam,VN,,no,,,female,,0,0
KH00357,17446129,,,,,,,,,,,,no,,,female,,0,0
KH00358,17446130,,,,,,,,,,,,no,,,male,,0,0
KH00359,17446131,,,,,,,,,,,,no,,,male,,0,0
KH00360,17446132,,,,,,,,,Vietnam,VN,,no,,,male,,0,0
KH00361,17446133,,,,,,,,,,,,no,,,male,,0,0
KH00362,17446134,,,,,,,,,Vietnam,VN,,no,,,female,,0,0
KH00363,17446135,,,,,,,,,Vietnam,VN,,no,,,other,,0,0
KH00364,17446136,,,,,,,,,Vietnam,VN,,no,,,male,,0,0
KH00365,17446137,,,,,,,,,,,,no,,,female,,0,0
KH00366,17446138,,,,,,,,,,,,no,,,male,,0,0
KH00367,17446139,,,,,,,,,Vietnam,VN,,no,,,male,,0,0
KH00368,17446140,,,,,,,,,Vietnam,VN,,no,,,other,,0,0
KH00369,17446141,,,,,,,,,Vietnam,VN,,no,,,other,,0,0
KH00370,17446142,,,,,,,,,Vietnam,VN,,no,,,other,,0,0
KH00371,17446143,,,,,,,,,Vietnam,VN,,no,,,male,,0,0
KH00372,17446144,,,,,,,,,,,,no,,,female,,0,0
KH00373,17446145,,,,,,,,,Vietnam,VN,,no,sapo_social,,male,,1727000,2
KH00374,17446146,,,,,,,,,Vietnam,VN,,no,,,male,,0,0
KH00375,17446147,,,,,,,,,Vietnam,VN,,no,,,male,,0,0
KH00376,17446148,,,,,,,,,Vietnam,VN,,no,,,male,,0,0
KH00377,17446149,,TP Hồ Chí Minh,TP Hồ Chí Minh,2.0,Quận 8,37.0,Phường 5,9450.0,Vietnam,VN,,no,sapo_social,,male,,1478000,3
KH00378,17446150,,,,,,,,,Vietnam,VN,,no,,,other,,0,0
KH00379,17446151,,,,,,,,,Vietnam,VN,,no,,,male,,0,0
KH00380,17446152,,,,,,,,,,,,no,,,male,,0,0
KH00381,17446153,,,,,,,,,Vietnam,VN,,no,,,other,,0,0
KH00382,17446154,,,,,,,,,,,,no,,,male,,0,0
KH00383,17446155,,,,,,,,,,,,no,,,male,,0,0
KH00384,17446156,,,,,,,,,Vietnam,VN,,no,,,male,,0,0
KH00385,17446157,,,,,,,,,Vietnam,VN,,no,,,female,,0,0
KH00386,17446158,,,,,,,,,Vietnam,VN,,no,,,male,,0,0
KH00387,17446159,,,,,,,,,Vietnam,VN,,no,,,male,,0,0
KH00388,17446160,,,,,,,,,Vietnam,VN,,no,,,male,,0,0
KH00389,17446161,,,,,,,,,Vietnam,VN,,no,,,other,,2670000,3
KH00390,17446162,,,,,,,,,Vietnam,VN,,no,,,other,,0,0
KH00391,17446163,,,,,,,,,Vietnam,VN,,no,,,female,,0,0
KH00392,17446164,,,,,,,,,Vietnam,VN,,no,,,male,,0,0
KH00393,17446166,,,,,,,,,Vietnam,VN,,no,,,female,,0,0
KH00394,17446167,,,,,,,,,Vietnam,VN,,no,,,other,,0,0
KH00395,17446168,,,,,,,,,Vietnam,VN,,no,,,male,,0,0
KH00396,17446169,,,,,,,,,Vietnam,VN,,no,,,male,,0,0
KH00397,17446170,,,,,,,,,Vietnam,VN,,no,,,other,,0,0
KH00398,17446171,,,,,,,,,Vietnam,VN,,no,,,other,,0,0
KH00399,17446172,,,,,,,,,Vietnam,VN,,no,,,male,,0,0
KH00400,17446173,,,,,,,,,Vietnam,VN,,no,,,male,,0,0
KH00401,17446174,,,,,,,,,Vietnam,VN,,no,,,other,,0,0
KH00402,17446175,,,,,,,,,,,,no,,,male,,450000,1
KH00403,17446176,,,,,,,,,,,,no,,,female,,0,0
KH00404,17446177,,,,,,,,,,,,no,,,male,,0,0
KH00405,17446178,,,,,,,,,Vietnam,VN,,no,,,other,,0,0
KH00406,17446179,,,,,,,,,,,,no,,,male,,0,0
KH00407,17446180,,,,,,,,,,,,no,,,male,,0,0
KH00408,17446181,,,,,,,,,Vietnam,VN,,no,,,male,,0,0
KH00409,17446182,,,,,,,,,Vietnam,VN,,no,,,male,,0,0
KH00410,17446183,,,,,,,,,Vietnam,VN,,no,,,male,,0,0
KH00411,17446184,,,,,,,,,,,,no,,,female,,0,0
KH00412,17446185,,,,,,,,,Vietnam,VN,,no,,,male,,0,0
KH00413,17446186,,,,,,,,,,,,no,,,male,,0,0
KH00414,17446187,,,,,,,,,Vietnam,VN,,no,,,other,,0,0
KH00415,17446188,,,,,,,,,Vietnam,VN,,no,,,other,,0,0
KH00416,17446189,,,,,,,,,Vietnam,VN,,no,,,female,,0,0
KH00417,17446190,,,,,,,,,Vietnam,VN,,no,,,male,,0,0
KH00418,17446191,,,,,,,,,,,,no,,,other,,0,0
KH00419,17446192,,,,,,,,,Vietnam,VN,,no,,,female,,330000,1
KH00420,17446193,,,,,,,,,,,,no,,,other,,0,0
KH00421,17446194,,,,,,,,,Vietnam,VN,,no,,,male,,0,0
KH00422,17446195,,,,,,,,,Vietnam,VN,,no,,,female,,0,0
KH00423,17446196,,,,,,,,,Vietnam,VN,,no,,,male,,0,0
KH00424,17446197,,,,,,,,,Vietnam,VN,,no,,,male,,0,0
KH00425,17446198,,,,,,,,,Vietnam,VN,,no,,,other,,0,0
KH00426,17446199,,,,,,,,,,,,no,,,female,,0,0
KH00427,17446200,,,,,,,,,Vietnam,VN,,no,,,male,,0,0
KH00428,17446201,,,,,,,,,,,,no,,,male,,0,0
KH00429,17446202,,,,,,,,,,,,no,,,male,,0,0
KH00430,17446203,,,,,,,,,Vietnam,VN,,no,,,other,,0,0
KH00431,17446204,,,,,,,,,Vietnam,VN,,no,,,female,,0,0
KH00432,17446205,,,,,,,,,Vietnam,VN,,no,,,male,,0,0
KH00433,17446206,,,,,,,,,,,,no,,,male,,0,0
KH00434,17446207,,,,,,,,,Vietnam,VN,,no,,,male,,0,0
KH00435,17446208,,,,,,,,,,,,no,,,male,,0,0
KH00436,17446209,,,,,,,,,,,,no,,,male,,0,0
KH00437,17446210,,,,,,,,,,,,no,,,male,,0,0
KH00438,17446211,,,,,,,,,,,,no,,,female,,0,0
KH00439,17446212,,,,,,,,,Vietnam,VN,,no,,,male,,0,0
KH00440,17446213,,,,,,,,,Vietnam,VN,,no,,,male,,0,0
KH00441,17446214,,,,,,,,,Vietnam,VN,,no,,,male,,0,0
KH00442,17446215,,,,,,,,,,,,no,,,female,,0,0
KH00443,17446216,,,,,,,,,Vietnam,VN,,no,,,male,,0,0
KH00444,17446217,,,,,,,,,Vietnam,VN,,no,,,male,,0,0
KH00445,17446218,,,,,,,,,Vietnam,VN,,no,,,female,,0,0
KH00446,17446219,,,,,,,,,Vietnam,VN,,no,,,male,,0,0
KH00447,17446220,,,,,,,,,,,,no,,,female,,0,0
KH00448,17446221,,,,,,,,,Vietnam,VN,,no,,,male,,0,0
KH00449,17446222,,,,,,,,,Vietnam,VN,,no,,,male,,0,0
KH00450,17446223,,,,,,,,,Vietnam,VN,,no,,,male,,0,0
KH00451,17446224,,,,,,,,,Vietnam,VN,,no,,,other,,0,0
KH00452,17446225,,,,,,,,,Vietnam,VN,,no,,,other,,0,0
KH00453,17446226,,,,,,,,,Vietnam,VN,,no,,,other,,0,0
KH00454,17446227,,,,,,,,,Vietnam,VN,,no,,,other,,0,0
KH00455,17446228,,,,,,,,,Vietnam,VN,,no,,,other,,0,0
KH00456,17446229,,,,,,,,,Vietnam,VN,,no,,,other,,0,0
KH00457,17446230,,,,,,,,,Vietnam,VN,,no,,,male,,0,0
KH00458,17446231,,,,,,,,,Vietnam,VN,,no,,,other,,0,0
KH00459,17446232,,,,,,,,,Vietnam,VN,,no,,,other,,0,0
KH00460,17446233,,,,,,,,,Vietnam,VN,,no,,,female,,0,0
KH00461,17446234,,,,,,,,,Vietnam,VN,,no,,,other,,0,0
KH00462,17446235,,,,,,,,,Vietnam,VN,,no,,,other,,0,0
KH00463,17446236,,,,,,,,,Vietnam,VN,,no,,,other,,0,0
KH00464,17446237,,,,,,,,,Vietnam,VN,,no,,,other,,0,0
KH00465,17446238,,,,,,,,,Vietnam,VN,,no,,,female,,0,0
KH00466,17446239,,,,,,,,,,,,no,,,male,,0,0
KH00467,17446240,,,,,,,,,,,,no,,,male,,0,0
KH00468,17446241,,,,,,,,,,,,no,,,male,,0,0
KH00469,17446242,,,,,,,,,Vietnam,VN,,no,,,male,,0,0
KH00470,17446243,,,,,,,,,,,,no,,,other,,0,0
KH00471,17446244,,,,,,,,,Vietnam,VN,,no,,,other,,0,0
KH00472,17446245,,,,,,,,,,,,no,,,male,,0,0
KH00473,17446246,,,,,,,,,Vietnam,VN,,no,,,male,,0,0
KH00474,17446247,,,,,,,,,,,,no,,,male,,0,0
KH00475,17446248,,,,,,,,,,,,no,,,female,,0,0
KH00476,17446249,,,,,,,,,,,,no,,,female,,0,0
KH00477,17446250,,,,,,,,,,,,no,,,other,,0,0
KH00478,17446251,,,,,,,,,,,,no,,,male,,0,0
KH00479,17446252,,,,,,,,,Vietnam,VN,,no,,,male,,470000,1
KH00480,17446253,,,,,,,,,Vietnam,VN,,no,,,other,,0,0
KH00481,17446254,,,,,,,,,Vietnam,VN,,no,,,female,,0,0
KH00482,17446255,,,,,,,,,,,,no,,,male,,0,0
KH00483,17446256,,,,,,,,,Vietnam,VN,,no,,,male,,0,0
KH00484,17446257,,,,,,,,,Vietnam,VN,,no,,,male,,0,0
KH00485,17446258,,,,,,,,,Vietnam,VN,,no,,,other,,0,0
KH00486,17446259,,,,,,,,,,,,no,,,female,,0,0
KH00487,17446260,,,,,,,,,Vietnam,VN,,no,,,other,,0,0
KH00488,17446261,,,,,,,,,Vietnam,VN,,no,,,female,,0,0
KH00489,17446262,,,,,,,,,,,,no,,,male,,0,0
KH00490,17446263,,,,,,,,,,,,no,,,female,,0,0
KH00491,17446264,,,,,,,,,,,,no,,,male,,0,0
KH00492,17446265,,,,,,,,,,,,no,,,male,,0,0
KH00493,17446266,,,,,,,,,Vietnam,VN,,no,sapo_social,,female,,8564000,21
KH00494,17446267,,,,,,,,,Vietnam,VN,,no,,,other,,0,0
KH00495,17446268,,,,,,,,,Vietnam,VN,,no,,,other,,0,0
KH00496,17446269,,,,,,,,,Vietnam,VN,,no,,,male,,0,0
KH00497,17446270,,,,,,,,,,,,no,,,female,,0,0
KH00498,17446271,,,,,,,,,Vietnam,VN,,no,,,male,,0,0
KH00499,17446272,,,,,,,,,,,,no,,,male,,0,0
KH00500,17446273,,,,,,,,,,,,no,,,male,,0,0
KH00501,17446274,,,,,,,,,Vietnam,VN,,no,,,female,,0,0
KH00502,17446275,,,,,,,,,Vietnam,VN,,no,,,male,,0,0
KH00503,17446276,,,,,,,,,Vietnam,VN,,no,,,male,,0,0
KH00504,17446277,,,,,,,,,Vietnam,VN,,no,,,male,,0,0
KH00505,17446278,,,,,,,,,Vietnam,VN,,no,,,female,,0,0
KH00506,17446279,,,,,,,,,Vietnam,VN,,no,,,male,,0,0
KH00507,17446280,,,,,,,,,Vietnam,VN,,no,,,female,,0,0
KH00508,17446281,,,,,,,,,,,,no,,,female,,0,0
KH00509,17446282,,,,,,,,,Vietnam,VN,,no,,,other,,0,0
KH00510,17446283,,,,,,,,,Vietnam,VN,,no,,,other,,0,0
KH00511,17446284,,,,,,,,,Vietnam,VN,,no,,,other,,4750000,2
KH00512,17446285,,,,,,,,,Vietnam,VN,,no,,,other,,0,0
KH00513,17446286,,,,,,,,,Vietnam,VN,,no,,,male,,0,0
KH00514,17446287,,,,,,,,,,,,no,,,male,,0,0
KH00515,17446288,,,,,,,,,Vietnam,VN,,no,,,male,,0,0
KH00516,17446289,,,,,,,,,Vietnam,VN,,no,,,male,,0,0
KH00517,17446290,,,,,,,,,,,,no,,,female,,0,0
KH00518,17446291,,,,,,,,,,,,no,,,male,,490000,1
KH00519,17446292,,,,,,,,,,,,no,,,male,,0,0
KH00520,17446293,,,,,,,,,Vietnam,VN,,no,,,male,,0,0
KH00521,17446294,,,,,,,,,Vietnam,VN,,no,,,male,,0,0
KH00522,17446295,,,,,,,,,Vietnam,VN,,no,,,male,,0,0
KH00523,17446296,,,,,,,,,,,,no,,,male,,0,0
KH00524,17446297,,,,,,,,,Vietnam,VN,,no,,,female,,0,0
KH00525,17446298,,TP Hồ Chí Minh,TP Hồ Chí Minh,2.0,Quận Bình Thạnh,45.0,Phường 13,9279.0,Vietnam,VN,,no,sapo_social,,male,,0,1
KH00526,17446299,,,,,,,,,,,,no,,,male,,0,0
KH00527,17446300,,Đồng Nai,Đồng Nai,21.0,,,,,Vietnam,VN,,no,,,female,,500000,1
KH00528,17446301,,,,,,,,,,,,no,,,female,,0,0
KH00529,17446302,,Đồng Nai,Đồng Nai,21.0,,,,,Vietnam,VN,,no,,,female,,0,0
KH00530,17446303,,,,,,,,,,,,no,,,male,,0,0
KH00531,17446304,,,,,,,,,Vietnam,VN,,no,,,other,,0,0
KH00532,17446305,,,,,,,,,Vietnam,VN,,no,,,other,,0,0
KH00533,17446306,,,,,,,,,Vietnam,VN,,no,,,other,,0,0
KH00534,17446307,,,,,,,,,Vietnam,VN,,no,,,other,,0,0
KH00535,17446308,,,,,,,,,,,,no,,,male,,0,0
KH00536,17446309,,,,,,,,,Vietnam,VN,,no,,,other,,0,0
KH00537,17446310,,,,,,,,,,,,no,,,female,,0,0
KH00538,17446311,,,,,,,,,,,,no,,,female,,0,0
KH00539,17446312,,,,,,,,,Vietnam,VN,,no,,,male,,0,0
KH00540,17446313,,,,,,,,,,,,no,,,female,,0,0
KH00541,17446314,,,,,,,,,,,,no,,,female,,0,0
KH00542,17446315,,TP Hồ Chí Minh,TP Hồ Chí Minh,2.0,Quận Bình Thạnh,45.0,Phường 26,9282.0,Vietnam,VN,,no,sapo_social,,male,,1040000,2
KH00543,17446316,,,,,,,,,Vietnam,VN,,no,,,other,,0,0
KH00544,17446317,,,,,,,,,,,,no,,,male,,0,0
KH00545,17446318,,,,,,,,,,,,no,,,female,,0,0
KH00546,17446319,,,,,,,,,,,,no,,,female,,0,0
KH00547,17446320,,,,,,,,,Vietnam,VN,,no,,,male,,0,0
KH00548,17446321,,,,,,,,,Vietnam,VN,,no,,,other,,0,0
KH00549,17446322,,,,,,,,,,,,no,,,male,,0,0
KH00550,17446323,,,,,,,,,,,,no,,,male,,0,0
KH00551,17446324,,,,,,,,,,,,no,,,male,,0,0
KH00552,17446325,,,,,,,,,Vietnam,VN,,no,,,other,,0,0
KH00553,17446326,,TP Hồ Chí Minh,TP Hồ Chí Minh,2.0,Quận 3,32.0,Phường 5,9361.0,Vietnam,VN,,no,sapo_social,,female,,492000,1
KH00554,17446327,,,,,,,,,,,,no,,,male,,0,0
KH00555,17446328,,,,,,,,,,,,no,,,female,,0,0
KH00556,17446329,,,,,,,,,,,,no,,,male,,0,0
KH00557,17446330,,,,,,,,,,,,no,,,male,,0,0
KH00558,17446331,,,,,,,,,,,,no,,,male,,0,0
KH00559,17446332,,,,,,,,,,,,no,,,male,,0,0
KH00560,17446333,,,,,,,,,,,,no,,,male,,0,0
KH00561,17446334,,,,,,,,,,,,no,,,male,,0,0
KH00562,17446335,,,,,,,,,,,,no,,,male,,0,0
KH00563,17446336,,,,,,,,,Vietnam,VN,,no,,,male,,0,0
KH00564,17446337,,,,,,,,,,,,no,,,male,,0,0
KH00565,17446338,,,,,,,,,Vietnam,VN,,no,sapo_social,,other,,1617000,2
KH00566,17446339,,,,,,,,,Vietnam,VN,,no,,,other,,0,0
KH00567,17446340,,,,,,,,,Vietnam,VN,,no,,,male,,0,0
KH00568,17446341,,,,,,,,,Vietnam,VN,,no,,,other,,0,0
KH00569,17446342,,,,,,,,,Vietnam,VN,,no,,,other,,0,0
KH00570,17446343,,,,,,,,,Vietnam,VN,,no,,,other,,0,0
KH00571,17446344,,,,,,,,,Vietnam,VN,,no,,,other,,0,0
KH00572,17446345,,Khánh Hòa,Khánh Hòa,32.0,,,,,Vietnam,VN,,no,,,male,,0,0
KH00573,17446346,,,,,,,,,Vietnam,VN,,no,,,other,,0,0
KH00574,17446347,,,,,,,,,Vietnam,VN,,no,,,other,,0,0
KH00575,17446348,,,,,,,,,Vietnam,VN,,no,,,other,,0,0
KH00576,17446349,,,,,,,,,Vietnam,VN,,no,,,other,,0,0
KH00577,17446350,,,,,,,,,Vietnam,VN,,no,,,other,,0,0
KH00578,17446351,,,,,,,,,Vietnam,VN,,no,,,other,,0,0
KH00579,17446352,,,,,,,,,Vietnam,VN,,no,,,other,,0,0
KH00580,17446353,,,,,,,,,Vietnam,VN,,no,,,other,,0,0
KH00581,17446354,,,,,,,,,Vietnam,VN,,no,,,male,,0,0
KH00582,17446355,,,,,,,,,Vietnam,VN,,no,,,female,,0,0
KH00583,17446356,,,,,,,,,Vietnam,VN,,no,,,male,,0,0
KH00584,17446357,,,,,,,,,Vietnam,VN,,no,,,female,,0,0
KH00585,17446358,,,,,,,,,Vietnam,VN,,no,,,other,,0,0
KH00586,17446359,,,,,,,,,Vietnam,VN,,no,,,other,,0,0
KH00587,17446360,,,,,,,,,Vietnam,VN,,no,,,male,,0,0
KH00588,17446361,,,,,,,,,Vietnam,VN,,no,,,other,,0,0
KH00589,17446362,,,,,,,,,Vietnam,VN,,no,,,other,,0,0
KH00590,17446363,,,,,,,,,Vietnam,VN,,no,,,other,,0,0
KH00591,17446364,,,,,,,,,,,,no,,,female,,0,0
KH00592,17446365,,,,,,,,,Vietnam,VN,,no,,,male,,0,0
KH00593,17446366,,,,,,,,,Vietnam,VN,,no,,,male,,0,0
KH00594,17446367,,,,,,,,,Vietnam,VN,,no,,,other,,0,0
KH00595,17446368,,,,,,,,,,,,no,,,female,,0,0
KH00596,17446369,,,,,,,,,,,,no,,,male,,0,0
KH00597,17446370,,,,,,,,,Vietnam,VN,,no,,,female,,0,0
KH00598,17446371,,,,,,,,,,,,no,,,male,,0,0
KH00599,17446372,,,,,,,,,Vietnam,VN,,no,,,other,,0,0
KH00600,17446373,,,,,,,,,Vietnam,VN,,no,,,other,,0,0
KH00601,17446374,,,,,,,,,Vietnam,VN,,no,,,other,,0,0
KH00602,17446375,,,,,,,,,Vietnam,VN,,no,,,other,,0,0
KH00603,17446376,,,,,,,,,Vietnam,VN,,no,,,male,,0,0
KH00604,17446377,,,,,,,,,Vietnam,VN,,no,,,male,,0,0
KH00605,17446378,,,,,,,,,Vietnam,VN,,no,,,female,,0,0
KH00606,17446379,,,,,,,,,Vietnam,VN,,no,,,male,,0,0
KH00607,17446380,,,,,,,,,,,,no,,,female,,0,0
KH00608,17446381,,,,,,,,,Vietnam,VN,,no,,,other,,0,0
KH00609,17446382,,,,,,,,,Vietnam,VN,,no,,,other,,0,0
KH00610,17446383,,,,,,,,,Vietnam,VN,,no,,,other,,0,0
KH00611,17446384,,,,,,,,,Vietnam,VN,,no,,,other,,0,0
KH00612,17446385,,,,,,,,,Vietnam,VN,,no,,,other,,0,0
KH00613,17446386,,Bến Tre,Bến Tre,9.0,,,,,Vietnam,VN,,no,,,male,,25000000,1
KH00614,17446387,,,,,,,,,,,,no,,,male,,0,0
KH00615,17446388,,,,,,,,,Vietnam,VN,,no,,,other,,0,0
KH00616,17446389,,,,,,,,,Vietnam,VN,,no,,,other,,0,0
KH00617,17446390,,,,,,,,,Vietnam,VN,,no,,,other,,0,0
KH00618,17446391,,,,,,,,,,,,no,,,male,,0,0
KH00619,17446392,,,,,,,,,,,,no,,,male,,0,0
KH00620,17446393,,,,,,,,,Vietnam,VN,,no,,,male,,0,0
KH00621,17446394,,,,,,,,,Vietnam,VN,,no,,,other,,0,0
KH00622,17446395,,,,,,,,,Vietnam,VN,,no,,,other,,0,0
KH00623,17446396,,,,,,,,,Vietnam,VN,,no,,,other,,0,0
KH00624,17446397,,,,,,,,,,,,no,,,male,,0,0
KH00625,17446398,,,,,,,,,,,,no,,,male,,0,0
KH00626,17446399,,,,,,,,,,,,no,,,male,,0,0
KH00627,17446400,,,,,,,,,Vietnam,VN,,no,,,male,,0,0
KH00628,17446401,,,,,,,,,Vietnam,VN,,no,,,female,,0,0
KH00629,17446402,,,,,,,,,,,,no,,,male,,0,0
KH00630,17446403,,,,,,,,,Vietnam,VN,,no,,,other,,0,0
KH00631,17446404,,,,,,,,,Vietnam,VN,,no,,,other,,0,0
KH00632,17446405,,,,,,,,,Vietnam,VN,,no,,,male,,0,0
KH00633,17446406,,,,,,,,,Vietnam,VN,,no,,,male,,0,0
KH00634,17446407,,,,,,,,,Vietnam,VN,,no,,,male,,0,0
KH00635,17446408,,,,,,,,,Vietnam,VN,,no,,,other,,0,0
KH00636,17446409,,,,,,,,,Vietnam,VN,,no,,,other,,0,0
KH00637,17446410,,,,,,,,,Vietnam,VN,,no,,,other,,0,0
KH00638,17446411,,,,,,,,,Vietnam,VN,,no,,,other,,0,0
KH00639,17446412,,,,,,,,,Vietnam,VN,,no,,,other,,0,0
KH00640,17446414,,,,,,,,,Vietnam,VN,,no,,,other,,0,0
KH00641,17446415,,,,,,,,,Vietnam,VN,,no,,,other,,0,0
KH00642,17446416,,,,,,,,,Vietnam,VN,,no,,,other,,0,0
KH00643,17446417,,,,,,,,,,,,no,,,female,,0,0
KH00644,17446418,,,,,,,,,,,,no,,,other,,0,0
KH00645,17446419,,,,,,,,,Vietnam,VN,,no,,,male,,0,0
KH00646,17446420,,,,,,,,,Vietnam,VN,,no,,,other,,0,0
KH00647,17446421,,,,,,,,,,,,no,,,female,,0,0
KH00648,17446422,,,,,,,,,Vietnam,VN,,no,,,male,,0,0
KH00649,17446423,,,,,,,,,Vietnam,VN,,no,,,female,,0,0
KH00650,17446424,,,,,,,,,Vietnam,VN,,no,,,male,,0,0
KH00651,17446425,,,,,,,,,,,,no,,,male,,0,0
KH00652,17446426,,,,,,,,,Vietnam,VN,,no,,,other,,0,0
KH00653,17446427,,,,,,,,,,,,no,,,male,,0,0
KH00654,17446428,,TP Hồ Chí Minh,TP Hồ Chí Minh,2.0,Quận 7,36.0,Phường Tân Hưng,9469.0,Vietnam,VN,,no,,,male,,1275000,1
KH00655,17446429,,,,,,,,,,,,no,,,male,,0,0
KH00656,17446430,,,,,,,,,,,,no,,,female,,0,0
KH00657,17446431,,,,,,,,,,,,no,,,male,,0,0
KH00658,17446432,,,,,,,,,,,,no,,,female,,0,0
KH00659,17446433,,,,,,,,,,,,no,,,male,,0,0
KH00660,17446434,,TP Hồ Chí Minh,TP Hồ Chí Minh,2.0,Quận Bình Thạnh,45.0,Phường 22,9296.0,Vietnam,VN,,no,sapo_social,,other,,460000,2
KH00661,17446435,,,,,,,,,Vietnam,VN,,no,,,female,,0,0
KH00662,17446436,,,,,,,,,,,,no,,,other,,0,0
KH00663,17446437,,,,,,,,,Vietnam,VN,,no,,,other,,0,0
KH00664,17446438,,Tây Ninh,Tây Ninh,53.0,,,,,Vietnam,VN,,no,,,male,,0,0
KH00665,17446439,,,,,,,,,,,,no,,,male,,0,0
KH00666,17446440,,,,,,,,,,,,no,,,male,,0,0
KH00667,17446441,,,,,,,,,Vietnam,VN,,no,,,male,,0,0
KH00668,17446442,,,,,,,,,Vietnam,VN,,no,,,male,,0,0
KH00669,17446443,,,,,,,,,Vietnam,VN,,no,,,male,,0,0
KH00670,17446444,,,,,,,,,Vietnam,VN,,no,,,male,,0,0
KH00671,17446445,,,,,,,,,Vietnam,VN,,no,,,other,,0,0
KH00672,17446446,,,,,,,,,Vietnam,VN,,no,,,female,,0,0
KH00673,17446447,,,,,,,,,Vietnam,VN,,no,,,male,,0,0
KH00674,17446448,,,,,,,,,,,,no,,,male,,0,0
KH00675,17446449,,,,,,,,,,,,no,,,male,,0,0
KH00676,17446450,,,,,,,,,,,,no,,,female,,0,0
KH00677,17446451,,,,,,,,,Vietnam,VN,,no,,,other,,0,0
KH00678,17446452,,,,,,,,,Vietnam,VN,,no,,,other,,0,0
KH00679,17446453,,,,,,,,,Vietnam,VN,,no,,,other,,0,0
KH00680,17446454,,,,,,,,,Vietnam,VN,,no,,,female,,0,0
KH00681,17446455,,,,,,,,,,,,no,,,female,,0,0
KH00682,17446456,,,,,,,,,Vietnam,VN,,no,,,male,,0,0
KH00683,17446457,,,,,,,,,,,,no,,,male,,0,0
KH00684,17446458,,,,,,,,,,,,no,,,male,,0,0
KH00685,17446459,,,,,,,,,,,,no,,,male,,3594000,1
KH00686,17446460,,,,,,,,,Vietnam,VN,,no,,,male,,0,0
KH00687,17446461,,,,,,,,,Vietnam,VN,,no,,,male,,0,0
KH00688,17446462,,,,,,,,,,,,no,,,male,,0,0
KH00689,17446463,,,,,,,,,Vietnam,VN,,no,,,male,,0,0
KH00690,17446464,,,,,,,,,,,,no,,,female,,0,0
KH00691,17446465,,,,,,,,,,,,no,,,male,,0,0
KH00692,17446466,,,,,,,,,Vietnam,VN,,no,,,female,,0,0
KH00693,17446467,,,,,,,,,,,,no,,,male,,0,0
KH00694,17446468,,,,,,,,,,,,no,,,male,,0,0
KH00695,17446469,,,,,,,,,,,,no,,,male,,0,0
KH00696,17446470,,,,,,,,,,,,no,,,male,,0,0
KH00697,17446471,,,,,,,,,,,,no,,,female,,0,0
KH00698,17446473,,,,,,,,,,,,no,,,male,,0,0
KH00699,17446474,,,,,,,,,,,,no,,,male,,0,0
KH00700,17446475,,,,,,,,,Vietnam,VN,,no,,,female,,0,0
KH00701,17446476,,,,,,,,,Vietnam,VN,,no,,,male,,0,0
KH00702,17446477,,,,,,,,,Vietnam,VN,,no,,,male,,0,0
KH00703,17446478,,,,,,,,,Vietnam,VN,,no,,,female,,0,0
KH00704,17446479,,,,,,,,,,,,no,,,male,,0,0
KH00705,17446480,,,,,,,,,,,,no,,,female,,0,0
KH00706,17446481,,,,,,,,,,,,no,,,male,,0,0
KH00707,17446482,,,,,,,,,Vietnam,VN,,no,,,male,,0,0
KH00708,17446483,,,,,,,,,Vietnam,VN,,no,,,female,,0,0
KH00709,17446484,,,,,,,,,Vietnam,VN,,no,,,male,,0,0
KH00710,17446485,,,,,,,,,,,,no,,,male,,0,0
KH00711,17446486,,,,,,,,,,,,no,,,female,,0,0
KH00712,17446487,,,,,,,,,Vietnam,VN,,no,,,female,,0,0
KH00713,17446488,,,,,,,,,Vietnam,VN,,no,,,male,,0,0
KH00714,17446489,,,,,,,,,Vietnam,VN,,no,,,other,,0,0
KH00715,17446490,,,,,,,,,Vietnam,VN,,no,,,other,,0,0
KH00716,17446491,,,,,,,,,,,,no,,,female,,0,0
KH00717,17446492,,,,,,,,,Vietnam,VN,,no,,,female,,0,0
KH00718,17446493,,,,,,,,,,,,no,,,female,,0,0
KH00719,17446494,,,,,,,,,Vietnam,VN,,no,,,other,,0,0
KH00720,17446495,,,,,,,,,Vietnam,VN,,no,,,other,,0,0
KH00721,17446496,,,,,,,,,,,,no,,,male,,0,0
KH00722,17446497,,,,,,,,,Vietnam,VN,,no,,,other,,0,0
KH00723,17446498,,,,,,,,,Vietnam,VN,,no,,,other,,0,0
KH00724,17446499,,,,,,,,,Vietnam,VN,,no,,,male,,0,0
KH00725,17446500,,,,,,,,,Vietnam,VN,,no,,,other,,0,0
KH00726,17446501,,,,,,,,,Vietnam,VN,,no,,,other,,0,0
KH00727,17446502,,,,,,,,,,,,no,,,male,,0,0
KH00728,17446503,,,,,,,,,Vietnam,VN,,no,,,other,,0,0
KH00729,17446504,,,,,,,,,Vietnam,VN,,no,,,other,,0,0
KH00730,17446505,,Cần Thơ,Cần Thơ,16.0,,,,,Vietnam,VN,,no,,,male,,0,0
KH00731,17446506,,,,,,,,,,,,no,,,male,,0,0
KH00732,17446507,,,,,,,,,,,,no,,,male,,0,0
KH00733,17446508,,,,,,,,,Vietnam,VN,,no,,,other,,0,0
KH00734,17446509,,,,,,,,,Vietnam,VN,,no,,,male,,0,0
KH00735,17446510,,,,,,,,,,,,no,,,female,,0,0
KH00736,17446511,,,,,,,,,Vietnam,VN,,no,,,male,,1800000,1
KH00737,17446512,,,,,,,,,Vietnam,VN,,no,,,male,,0,0
KH00738,17446513,,,,,,,,,Vietnam,VN,,no,,,female,,0,0
KH00739,17446514,,,,,,,,,Vietnam,VN,,no,,,male,,0,0
KH00740,17446515,,,,,,,,,,,,no,,,male,,0,0
KH00741,17446516,,,,,,,,,,,,no,,,female,,0,0
KH00742,17446517,,,,,,,,,,,,no,,,female,,0,0
KH00743,17446518,,,,,,,,,,,,no,,,male,,0,0
KH00744,17446519,,,,,,,,,Vietnam,VN,,no,,,male,,0,0
KH00745,17446520,,,,,,,,,Vietnam,VN,,no,,,other,,0,0
KH00746,17446521,,,,,,,,,Vietnam,VN,,no,,,other,,800000,1
KH00747,17446522,,,,,,,,,,,,no,,,female,,0,0
KH00748,17446523,,,,,,,,,Vietnam,VN,,no,,,other,,0,0
KH00749,17446524,,,,,,,,,Vietnam,VN,,no,,,other,,0,0
KH00750,17446525,,,,,,,,,,,,no,,,male,,0,0
KH00751,17446526,,TP Hồ Chí Minh,TP Hồ Chí Minh,2.0,Quận Bình Thạnh,45.0,Phường 21,9295.0,Vietnam,VN,,no,sapo_social,,other,,2240000,1
KH00752,17446527,,,,,,,,,,,,no,,,female,,0,0
KH00753,17446528,,,,,,,,,Vietnam,VN,,no,,,other,,0,0
KH00754,17446529,,,,,,,,,Vietnam,VN,,no,,,other,,0,0
KH00755,17446530,,,,,,,,,Vietnam,VN,,no,,,other,,0,0
KH00756,17446531,,,,,,,,,Vietnam,VN,,no,,,other,,0,0
KH00757,17446532,,,,,,,,,Vietnam,VN,,no,,,other,,0,0
KH00758,17446533,,,,,,,,,Vietnam,VN,,no,,,other,,746500,1
KH00759,17446534,,,,,,,,,,,,no,,,male,,0,0
KH00760,17446535,,,,,,,,,,,,no,,,male,,3715000,2
KH00761,17446536,,,,,,,,,Vietnam,VN,,no,,,male,,490000,1
KH00762,17446537,,,,,,,,,,,,no,,,male,,0,0
KH00763,17446538,,,,,,,,,,,,no,,,female,,0,0
KH00764,17446539,,,,,,,,,,,,no,,,female,,0,0
KH00765,17446540,,,,,,,,,Vietnam,VN,,no,,,other,,0,0
KH00766,17446541,,,,,,,,,Vietnam,VN,,no,,,other,,0,0
KH00767,17446542,,,,,,,,,Vietnam,VN,,no,,,other,,0,0
KH00768,17446543,,,,,,,,,Vietnam,VN,,no,,,other,,0,0
KH00769,17446544,,,,,,,,,Vietnam,VN,,no,,,other,,0,0
KH00770,17446545,,,,,,,,,Vietnam,VN,,no,,,other,,0,0
KH00771,17446546,,,,,,,,,Vietnam,VN,,no,,,other,,0,0
KH00772,17446547,,,,,,,,,Vietnam,VN,,no,,,other,,0,0
KH00773,17446548,,,,,,,,,Vietnam,VN,,no,,,other,,17505000,7
KH00774,17446549,,,,,,,,,Vietnam,VN,,no,,,other,,0,0
KH00775,17446550,,,,,,,,,Vietnam,VN,,no,,,other,,0,0
KH00776,17446551,,,,,,,,,,,,no,,,female,,0,0
KH00777,17446552,,,,,,,,,Vietnam,VN,,no,,,female,,0,0
KH00778,17446553,,,,,,,,,Vietnam,VN,,no,,,other,,0,0
KH00779,17446554,,,,,,,,,Vietnam,VN,,no,,,other,,0,0
KH00780,17446555,,,,,,,,,Vietnam,VN,,no,,,other,,0,0
KH00781,17446556,,,,,,,,,Vietnam,VN,,no,,,other,,0,0
KH00782,17446557,,,,,,,,,Vietnam,VN,,no,,,other,,0,0
KH00783,17446558,,,,,,,,,,,,no,,,male,,0,0
KH00784,17446559,,,,,,,,,Vietnam,VN,,no,,,other,,0,0
KH00785,17446560,,,,,,,,,,,,no,,,male,,0,0
KH00786,17446561,,,,,,,,,,,,no,,,female,,0,0
KH00787,17446562,,,,,,,,,Vietnam,VN,,no,,,other,,0,0
KH00788,17446563,,,,,,,,,Vietnam,VN,,no,,,other,,0,0
KH00789,17446564,,Phú Yên,Phú Yên,45.0,,,,,Vietnam,VN,,no,,NHÀ XE 0983383309,male,,0,0
KH00790,17446565,,,,,,,,,,,,no,,,male,,0,0
KH00791,17446566,,,,,,,,,Vietnam,VN,,no,,,other,,0,0
KH00792,17446567,,,,,,,,,Vietnam,VN,,no,,,other,,0,0
KH00793,17446568,,,,,,,,,Vietnam,VN,,no,,,other,,0,0
KH00794,17446569,,,,,,,,,Vietnam,VN,,no,,,other,,0,0
KH00795,17446570,,,,,,,,,,,,no,,,male,,0,0
KH00796,17446571,,,,,,,,,,,,no,,,male,,0,0
KH00797,17446572,,,,,,,,,Vietnam,VN,,no,,,male,,0,0
KH00798,17446573,,,,,,,,,,,,no,,,female,,0,0
KH00799,17446574,,,,,,,,,,,,no,,,male,,0,0
KH00800,17446575,,,,,,,,,Vietnam,VN,,no,,,other,,0,0
KH00801,17446576,,,,,,,,,,,,no,,,female,,0,0
KH00802,17446577,,,,,,,,,Vietnam,VN,,no,,,other,,0,0
KH00803,17446578,,,,,,,,,Vietnam,VN,,no,,,other,,0,0
KH00804,17446579,,,,,,,,,Vietnam,VN,,no,,,male,,0,0
KH00805,17446580,,,,,,,,,Vietnam,VN,,no,,,male,,0,0
KH00806,17446581,,,,,,,,,,,,no,,,male,,0,0
KH00807,17446582,,,,,,,,,,,,no,,,female,,0,0
KH00808,17446583,,,,,,,,,,,,no,,,male,,0,0
KH00809,17446584,,,,,,,,,,,,no,,,male,,0,0
KH00810,17446585,,,,,,,,,Vietnam,VN,,no,,,male,,0,0
KH00811,17446586,,,,,,,,,Vietnam,VN,,no,,,male,,0,0
KH00812,17446587,,,,,,,,,,,,no,,,male,,0,0
KH00813,17446588,,,,,,,,,,,,no,,,female,,0,0
KH00814,17446589,,,,,,,,,Vietnam,VN,,no,,,male,,0,0
KH00815,17446590,,,,,,,,,,,,no,,,female,,0,0
KH00816,17446591,,,,,,,,,,,,no,,,female,,0,0
KH00817,17446592,,,,,,,,,Vietnam,VN,,no,,,male,,0,0
KH00818,17446593,,,,,,,,,Vietnam,VN,,no,,,male,,0,0
KH00819,17446594,,,,,,,,,Vietnam,VN,,no,,,male,,0,0
KH00820,17446595,,,,,,,,,,,,no,,,female,,0,0
KH00821,17446596,,,,,,,,,Vietnam,VN,,no,,,male,,0,0
KH00822,17446597,,,,,,,,,,,,no,,,male,,0,0
KH00823,17446598,,,,,,,,,Vietnam,VN,,no,,,male,,0,0
KH00824,17446599,,,,,,,,,,,,no,,,male,,0,0
KH00825,17446600,,,,,,,,,Vietnam,VN,,no,,,female,,0,0
KH00826,17446601,,,,,,,,,Vietnam,VN,,no,,,female,,0,0
KH00827,17446602,,,,,,,,,,,,no,,,male,,0,0
KH00828,17446603,,,,,,,,,Vietnam,VN,,no,,,male,,0,0
KH00829,17446604,,,,,,,,,,,,no,,,male,,0,0
KH00830,17446605,,,,,,,,,,,,no,,,male,,0,0
KH00831,17446606,,,,,,,,,Vietnam,VN,,no,,,female,,0,0
KH00832,17446607,,,,,,,,,Vietnam,VN,,no,,,male,,0,0
KH00833,17446608,,,,,,,,,Vietnam,VN,,no,,,male,,0,0
KH00834,17446609,,,,,,,,,,,,no,,,female,,0,0
KH00835,17446610,,,,,,,,,,,,no,,,male,,0,0
KH00836,17446611,,,,,,,,,,,,no,,,male,,0,0
KH00837,17446612,,,,,,,,,,,,no,,,male,,0,0
KH00838,17446613,,,,,,,,,,,,no,,,female,,0,0
KH00839,17446614,,,,,,,,,Vietnam,VN,,no,,,female,,0,0
KH00840,17446615,,,,,,,,,,,,no,,,female,,0,0
KH00841,17446616,,,,,,,,,Vietnam,VN,,no,,,male,,0,0
KH00842,17446617,,,,,,,,,Vietnam,VN,,no,,,other,,0,0
KH00843,17446618,,,,,,,,,Vietnam,VN,,no,,,other,,0,0
KH00844,17446619,,,,,,,,,Vietnam,VN,,no,,,male,,0,0
KH00845,17446620,,,,,,,,,Vietnam,VN,,no,,,female,,0,0
KH00846,17446621,,,,,,,,,Vietnam,VN,,no,,,male,,0,0
KH00847,17446622,,,,,,,,,Vietnam,VN,,no,,,male,,0,0
KH00848,17446623,,,,,,,,,,,,no,,,female,,0,0
KH00849,17446624,,,,,,,,,,,,no,,,male,,0,0
KH00850,17446625,,,,,,,,,Vietnam,VN,,no,,,female,,0,0
KH00851,17446626,,,,,,,,,Vietnam,VN,,no,,,male,,0,0
KH00852,17446627,,,,,,,,,,,,no,,,female,,0,0
KH00853,17446628,,,,,,,,,Vietnam,VN,,no,,,female,,0,0
KH00854,17446629,,,,,,,,,Vietnam,VN,,no,,,other,,0,0
KH00855,17446630,,,,,,,,,Vietnam,VN,,no,,,other,,0,0
KH00856,17446631,,,,,,,,,,,,no,,,female,,0,0
KH00857,17446632,,,,,,,,,,,,no,,,male,,0,0
KH00858,17446633,,,,,,,,,Vietnam,VN,,no,,,other,,0,0
KH00859,17446634,,,,,,,,,Vietnam,VN,,no,,,other,,0,0
KH00860,17446635,,,,,,,,,Vietnam,VN,,no,,,male,,0,0
KH00861,17446636,,,,,,,,,,,,no,,,female,,0,0
KH00862,17446637,,,,,,,,,,,,no,,,male,,0,0
KH00863,17446638,,,,,,,,,,,,no,,,male,,0,0
KH00864,17446639,,,,,,,,,,,,no,,,female,,0,0
KH00865,17446640,,,,,,,,,,,,no,,,female,,0,0
KH00866,17446641,,,,,,,,,,,,no,,,male,,0,0
KH00867,17446642,,,,,,,,,Vietnam,VN,,no,,,female,,0,0
KH00868,17446643,,,,,,,,,Vietnam,VN,,no,,,other,,0,0
KH00869,17446644,,,,,,,,,Vietnam,VN,,no,,,other,,0,0
KH00870,17446645,,,,,,,,,Vietnam,VN,,no,,,female,,0,0
KH00871,17446646,,,,,,,,,Vietnam,VN,,no,,,male,,0,0
KH00872,17446647,,,,,,,,,Vietnam,VN,,no,,,other,,0,0
KH00873,17446648,,,,,,,,,Vietnam,VN,,no,,,male,,0,0
KH00874,17446649,,,,,,,,,,,,no,,,male,,0,0
KH00875,17446650,,,,,,,,,,,,no,,,other,,3630000,1
KH00876,17446651,,,,,,,,,,,,no,,,other,,0,0
KH00877,17446652,,,,,,,,,Vietnam,VN,,no,,,female,,0,0
KH00878,17446653,,,,,,,,,,,,no,,,male,,0,0
KH00879,17446654,,,,,,,,,Vietnam,VN,,no,,,male,,0,0
KH00880,17446655,,,,,,,,,Vietnam,VN,,no,,,female,,0,0
KH00881,17446656,,,,,,,,,Vietnam,VN,,no,,,male,,0,0
KH00882,17446657,,,,,,,,,Vietnam,VN,,no,,,female,,0,0
KH00883,17446658,,,,,,,,,,,,no,,,male,,0,0
KH00884,17446659,,,,,,,,,Vietnam,VN,,no,,,male,,0,0
KH00885,17446660,,,,,,,,,Vietnam,VN,,no,,,male,,0,0
KH00886,17446661,,,,,,,,,,,,no,,,male,,0,0
KH00887,17446662,,,,,,,,,Vietnam,VN,,no,,,male,,0,0
KH00888,17446663,,,,,,,,,,,,no,,,female,,0,0
KH00889,17446664,,,,,,,,,,,,no,,,male,,0,0
KH00890,17446665,,,,,,,,,,,,no,,,male,,0,0
KH00891,17446666,,,,,,,,,,,,no,,,male,,0,0
KH00892,17446667,,,,,,,,,Vietnam,VN,,no,,,female,,0,0
KH00893,17446668,,,,,,,,,Vietnam,VN,,no,,,male,,0,0
KH00894,17446669,,,,,,,,,,,,no,,,male,,0,0
KH00895,17446670,,,,,,,,,Vietnam,VN,,no,,,male,,0,0
KH00896,17446671,,,,,,,,,Vietnam,VN,,no,,,male,,0,0
KH00897,17446672,,,,,,,,,,,,no,,,male,,0,0
KH00898,17446673,,,,,,,,,,,,no,,,male,,0,0
KH00899,17446674,,,,,,,,,,,,no,,,female,,0,0
KH00900,17446675,,,,,,,,,Vietnam,VN,,no,,,male,,0,0
KH00901,17446676,,,,,,,,,,,,no,,,male,,0,0
KH00902,17446677,,,,,,,,,Vietnam,VN,,no,,,male,,0,0
KH00903,17446678,,,,,,,,,,,,no,,,female,,0,0
KH00904,17446679,,,,,,,,,,,,no,,,male,,0,0
KH00905,17446680,,,,,,,,,Vietnam,VN,,no,,,male,,0,0
KH00906,17446681,,,,,,,,,,,,no,,,male,,0,0
KH00907,17446682,,,,,,,,,,,,no,,,male,,0,0
KH00908,17446683,,,,,,,,,Vietnam,VN,,no,,,male,,0,0
KH00909,17446684,,,,,,,,,Vietnam,VN,,no,,,male,,0,0
KH00910,17446685,,,,,,,,,Vietnam,VN,,no,,,male,,0,0
KH00911,17446686,,,,,,,,,,,,no,,,male,,0,0
KH00912,17446687,,,,,,,,,Vietnam,VN,,no,,,male,,0,0
KH00913,17446688,,,,,,,,,,,,no,,,other,,0,0
KH00914,17446689,,,,,,,,,Vietnam,VN,,no,,,male,,0,0
KH00915,17446690,,,,,,,,,Vietnam,VN,,no,,,female,,0,0
KH00916,17446691,,,,,,,,,Vietnam,VN,,no,,,male,,0,0
KH00917,17446692,,,,,,,,,,,,no,,,female,,0,0
KH00918,17446693,,,,,,,,,,,,no,,,male,,0,0
KH00919,17446694,,,,,,,,,,,,no,,,male,,0,0
KH00920,17446695,,,,,,,,,Vietnam,VN,,no,,,male,,0,0
KH00921,17446696,,,,,,,,,Vietnam,VN,,no,,,female,,0,0
KH00922,17446697,,,,,,,,,,,,no,,,female,,0,0
KH00923,17446698,,,,,,,,,,,,no,,,male,,0,0
KH00924,17446699,,,,,,,,,,,,no,,,female,,0,0
KH00925,17446700,,,,,,,,,,,,no,,,male,,0,0
KH00926,17446701,,,,,,,,,Vietnam,VN,,no,,,female,,0,0
KH00927,17446702,,,,,,,,,Vietnam,VN,,no,,,male,,0,0
KH00928,17446703,,,,,,,,,,,,no,,,male,,0,0
KH00929,17446704,,,,,,,,,Vietnam,VN,,no,,,male,,0,0
KH00930,17446705,,,,,,,,,Vietnam,VN,,no,,,male,,0,0
KH00931,17446706,,,,,,,,,Vietnam,VN,,no,,,female,,0,0
KH00932,17446707,,,,,,,,,Vietnam,VN,,no,,,male,,0,0
KH00933,17446708,,,,,,,,,Vietnam,VN,,no,,,other,,0,0
KH00934,17446709,,,,,,,,,Vietnam,VN,,no,,,female,,0,0
KH00935,17446710,,,,,,,,,Vietnam,VN,,no,,,male,,0,0
KH00936,17446711,,,,,,,,,Vietnam,VN,,no,,,other,,0,0
KH00937,17446712,,,,,,,,,Vietnam,VN,,no,,,male,,0,0
KH00938,17446713,,,,,,,,,Vietnam,VN,,no,,,male,,0,0
KH00939,17446714,,,,,,,,,,,,no,,,male,,0,0
KH00940,17446715,,,,,,,,,Vietnam,VN,,no,,,other,,0,0
KH00941,17446716,,,,,,,,,Vietnam,VN,,no,,,female,,0,0
KH00942,17446717,,,,,,,,,Vietnam,VN,,no,,,other,,0,0
KH00943,17446718,,,,,,,,,Vietnam,VN,,no,,,other,,0,0
KH00944,17446719,,,,,,,,,,,,no,,,male,,0,0
KH00945,17446720,,,,,,,,,Vietnam,VN,,no,,,other,,0,0
KH00946,17446721,,,,,,,,,Vietnam,VN,,no,,,male,,0,0
KH00947,17446722,,,,,,,,,Vietnam,VN,,no,,,female,,0,0
KH00948,17446723,,,,,,,,,Vietnam,VN,,no,,,female,,390000,1
KH00949,17446724,,Bình Dương,Bình Dương,10.0,,,,,Vietnam,VN,,no,,,male,,0,0
KH00950,17446725,,,,,,,,,,,,no,,,male,,0,0
KH00951,17446726,,,,,,,,,,,,no,,,male,,0,0
KH00952,17446727,,,,,,,,,,,,no,,,male,,0,0
KH00953,17446728,,,,,,,,,Vietnam,VN,,no,,,female,,0,0
KH00954,17446729,,,,,,,,,,,,no,,,female,,0,0
KH00955,17446730,,,,,,,,,,,,no,,,male,,0,0
KH00956,17446731,,,,,,,,,,,,no,,,male,,0,0
KH00957,17446732,,,,,,,,,,,,no,,,female,,0,0
KH00958,17446733,,,,,,,,,,,,no,,,male,,0,0
KH00959,17446734,,,,,,,,,,,,no,,,female,,0,0
KH00960,17446735,,,,,,,,,,,,no,,,female,,900000,1
KH00961,17446736,,,,,,,,,,,,no,,,male,,0,0
KH00962,17446737,,,,,,,,,,,,no,,,male,,0,0
KH00963,17446738,,,,,,,,,Vietnam,VN,,no,,,male,,0,0
KH00964,17446739,,,,,,,,,Vietnam,VN,,no,,,male,,0,0
KH00965,17446740,,,,,,,,,,,,no,,,male,,0,0
KH00966,17446741,,,,,,,,,Vietnam,VN,,no,,,male,,0,0
KH00967,17446742,,,,,,,,,Vietnam,VN,,no,,,male,,450000,1
KH00968,17446743,,,,,,,,,Vietnam,VN,,no,,,male,,0,0
KH00969,17446744,,,,,,,,,Vietnam,VN,,no,,,male,,0,0
KH00970,17446745,,,,,,,,,,,,no,,,male,,312000,1
KH00971,17446746,,,,,,,,,,,,no,,,male,,0,0
KH00972,17446747,,,,,,,,,,,,no,,,male,,0,0
KH00973,17446748,,,,,,,,,,,,no,,,male,,0,0
KH00974,17446749,,,,,,,,,Vietnam,VN,,no,,,other,,0,0
KH00975,17446750,,,,,,,,,,,,no,,,male,,410000,1
KH00976,17446751,,,,,,,,,,,,no,,,male,,0,0
KH00977,17446752,,,,,,,,,,,,no,,,male,,0,0
KH00978,17446753,,,,,,,,,,,,no,,,male,,0,0
KH00979,17446754,,,,,,,,,,,,no,,,female,,0,0
KH00980,17446755,,,,,,,,,Vietnam,VN,,no,,,other,,0,0
KH00981,17446756,,,,,,,,,,,,no,,,male,,0,0
KH00982,17446757,,,,,,,,,,,,no,,,male,,0,0
KH00983,17446758,,,,,,,,,,,,no,,,male,,0,0
KH00984,17446759,,,,,,,,,,,,no,,,male,,0,0
KH00985,17446760,,,,,,,,,,,,no,,,female,,0,0
KH00986,17446761,,,,,,,,,,,,no,,,female,,0,0
KH00987,17446762,,,,,,,,,,,,no,,,male,,0,0
KH00988,17446763,,,,,,,,,,,,no,,,male,,0,0
KH00989,17446764,,,,,,,,,,,,no,,,male,,0,0
KH00990,17446765,,,,,,,,,,,,no,,,male,,0,0
KH00991,17446766,,,,,,,,,,,,no,,,male,,0,0
KH00992,17446767,,,,,,,,,,,,no,,,female,,0,0
KH00993,17446768,,,,,,,,,,,,no,,,male,,0,0
KH00994,17446769,,,,,,,,,Vietnam,VN,,no,,,male,,0,0
KH00995,17446770,,,,,,,,,,,,no,,,male,,0,0
KH00996,17446771,,,,,,,,,,,,no,,,male,,0,0
KH00997,17446772,,,,,,,,,Vietnam,VN,,no,,,other,,0,0
KH00998,17446773,,,,,,,,,,,,no,,,male,,0,0
KH00999,17446774,,,,,,,,,,,,no,,,male,,0,0
KH01000,17446775,,,,,,,,,,,,no,,,male,,0,0
KH01001,17446776,,,,,,,,,,,,no,,,male,,0,0
KH01002,17446777,,,,,,,,,Vietnam,VN,,no,,,other,,0,0
KH01003,17446778,,,,,,,,,,,,no,,,male,,0,0
KH01004,17446779,,,,,,,,,,,,no,,,female,,0,0
KH01005,17446780,,,,,,,,,,,,no,,,male,,0,0
KH01006,17446781,,,,,,,,,,,,no,,,male,,0,0
KH01007,17446782,,,,,,,,,,,,no,,,male,,0,0
KH01008,17446783,,,,,,,,,,,,no,,,female,,0,0
KH01009,17446784,,,,,,,,,,,,no,,,male,,0,0
KH01010,17446785,,,,,,,,,,,,no,,,male,,0,0
KH01011,17446786,,,,,,,,,,,,no,,,female,,0,0
KH01012,17446787,,,,,,,,,Vietnam,VN,,no,,,female,,0,0
KH01013,17446788,,,,,,,,,Vietnam,VN,,no,,,male,,0,0
KH01014,17446789,,,,,,,,,Vietnam,VN,,no,,,other,,0,0
KH01015,17446790,,,,,,,,,,,,no,,,male,,0,0
KH01016,17446791,,,,,,,,,,,,no,,,female,,0,0
KH01017,17446792,,,,,,,,,,,,no,,,female,,0,0
KH01018,17446793,,,,,,,,,,,,no,,,male,,0,0
KH01019,17446794,,,,,,,,,,,,no,,,female,,1330000,1
KH01020,17446795,,,,,,,,,,,,no,,,male,,0,0
KH01021,17446796,,,,,,,,,Vietnam,VN,,no,,,male,,0,0
KH01022,17446797,,,,,,,,,Vietnam,VN,,no,,,male,,0,0
KH01023,17446798,,,,,,,,,,,,no,,,male,,0,0
KH01024,17446799,,,,,,,,,Vietnam,VN,,no,,,male,,0,0
KH01025,17446800,,,,,,,,,,,,no,,,male,,0,0
KH01026,17446801,,,,,,,,,,,,no,,,male,,0,0
KH01027,17446802,,,,,,,,,,,,no,,,male,,0,0
KH01028,17446803,,,,,,,,,,,,no,,,male,,0,0
KH01029,17446804,,,,,,,,,,,,no,,,male,,0,0
KH01030,17446805,,,,,,,,,,,,no,,,male,,0,0
KH01031,17446806,,,,,,,,,,,,no,,,male,,0,0
KH01032,17446807,,,,,,,,,,,,no,,,male,,0,0
KH01033,17446808,,,,,,,,,,,,no,,,male,,0,0
KH01034,17446809,,,,,,,,,,,,no,,,male,,0,0
KH01035,17446810,,,,,,,,,Vietnam,VN,,no,,,male,,0,0
KH01036,17446811,,,,,,,,,Vietnam,VN,,no,,,male,,0,0
KH01037,17446812,,,,,,,,,,,,no,,,male,,0,0
KH01038,17446813,,Lâm Đồng,Lâm Đồng,36.0,,,,,Vietnam,VN,,no,,,male,,0,0
KH01039,17446814,,,,,,,,,,,,no,,,male,,0,0
KH01040,17446815,,,,,,,,,Vietnam,VN,,no,sapo_social,,male,,11798000,4
KH01041,17446816,,,,,,,,,,,,no,,,male,,0,0
KH01042,17446817,,,,,,,,,Vietnam,VN,,no,,,male,,0,0
KH01043,17446818,,,,,,,,,,,,no,,,male,,0,0
KH01044,17446819,,,,,,,,,,,,no,,,male,,0,0
KH01045,17446820,,,,,,,,,,,,no,,,male,,0,0
KH01046,17446821,,,,,,,,,,,,no,,,male,,0,0
KH01047,17446822,,,,,,,,,,,,no,,,female,,0,0
KH01048,17446823,,,,,,,,,Vietnam,VN,,no,,,female,,0,0
KH01049,17446824,,,,,,,,,,,,no,,,female,,0,0
KH01050,17446825,CTY GIẢI PHÁP SIÊU VIỆT,,,,,,,,Vietnam,VN,,no,,,male,,0,0
KH01051,17446826,,,,,,,,,Vietnam,VN,,no,,,female,,0,0
KH01052,17446827,,,,,,,,,,,,no,,,female,,0,0
KH01053,17446828,,,,,,,,,,,,no,,,male,,0,0
KH01054,17446829,,,,,,,,,,,,no,,,female,,0,0
KH01055,17446830,,,,,,,,,Vietnam,VN,,no,,,female,,0,0
KH01056,17446831,,,,,,,,,,,,no,,,male,,0,0
KH01057,17446832,,,,,,,,,Vietnam,VN,,no,,,male,,0,0
KH01058,17446833,,,,,,,,,Vietnam,VN,,no,,,female,,0,0
KH01059,17446834,,,,,,,,,,,,no,,,female,,0,0
KH01060,17446835,,,,,,,,,,,,no,,,female,,690000,1
KH01061,17446836,,,,,,,,,,,,no,,,male,,0,0
KH01062,17446837,,,,,,,,,,,,no,,,female,,0,0
KH01063,17446838,,,,,,,,,,,,no,,,male,,0,0
KH01064,17446839,,,,,,,,,,,,no,,,male,,0,0
KH01065,17446840,,,,,,,,,,,,no,,,male,,0,0
KH01066,17446841,,,,,,,,,,,,no,,,female,,0,0
KH01067,17446842,,,,,,,,,,,,no,,,female,,0,0
KH01068,17446843,,,,,,,,,,,,no,,,male,,0,0
KH01069,17446844,,,,,,,,,,,,no,,,male,,0,0
KH01070,17446845,,Tây Ninh,Tây Ninh,53.0,,,,,Vietnam,VN,,no,,,female,,56256420,3
KH01071,17446846,,,,,,,,,,,,no,,,female,,0,0
KH01072,17446847,,,,,,,,,,,,no,,,male,,0,0
KH01073,17446848,,,,,,,,,,,,no,,,male,,0,0
KH01074,17446849,,,,,,,,,,,,no,,,male,,0,0
KH01075,17446850,,,,,,,,,,,,no,,,female,,0,0
KH01076,17446851,,,,,,,,,,,,no,,,male,,0,0
KH01077,17446852,,,,,,,,,,,,no,,,male,,0,0
KH01078,17446853,,,,,,,,,,,,no,,,male,,0,0
KH01079,17446854,,,,,,,,,,,,no,,,male,,0,0
KH01080,17446855,,,,,,,,,Vietnam,VN,,no,,,female,,0,0
KH01081,17446856,,,,,,,,,,,,no,,,female,,0,0
KH01082,17446857,,,,,,,,,,,,no,,,male,,0,0
KH01083,17446858,,,,,,,,,,,,no,,,male,,0,0
KH01084,17446859,,,,,,,,,,,,no,,,male,,0,0
KH01085,17446860,,,,,,,,,,,,no,,,male,,0,0
KH01086,17446861,,,,,,,,,,,,no,,,male,,0,0
KH01087,17446862,,,,,,,,,,,,no,,,male,,0,0
KH01088,17446863,,,,,,,,,,,,no,,,male,,0,0
KH01089,17446864,,,,,,,,,,,,no,,,male,,0,0
KH01090,17446865,,,,,,,,,,,,no,,,male,,0,0
KH01091,17446866,,,,,,,,,,,,no,,,male,,0,0
KH01092,17446867,,,,,,,,,,,,no,,,male,,0,0
KH01093,17446868,,,,,,,,,,,,no,,,male,,0,0
KH01094,17446869,,,,,,,,,,,,no,,,male,,0,0
KH01095,17446870,,,,,,,,,,,,no,,,male,,0,0
KH01096,17446871,,,,,,,,,,,,no,,,male,,0,0
KH01097,17446872,,,,,,,,,,,,no,,,female,,0,0
KH01098,17446873,,Hà Tĩnh,Hà Tĩnh,26.0,,,,,Vietnam,VN,,no,,,male,,0,0
KH01099,17446874,,,,,,,,,,,,no,,,female,,0,0
KH01100,17446875,,,,,,,,,Vietnam,VN,,no,,,male,,0,0
KH01101,17446876,,,,,,,,,Vietnam,VN,,no,,,male,,0,0
KH01102,17446877,,,,,,,,,Vietnam,VN,,no,,,other,,0,0
KH01103,17446878,,,,,,,,,,,,no,,,male,,0,0
KH01104,17446879,,,,,,,,,,,,no,,,female,,0,0
KH01105,17446880,,,,,,,,,,,,no,,,female,,0,0
KH01106,17446881,,,,,,,,,Vietnam,VN,,no,,,female,,0,0
KH01107,17446882,,,,,,,,,,,,no,,,male,,880000,1
KH01108,17446883,,,,,,,,,,,,no,,,male,,0,0
KH01109,17446884,,,,,,,,,,,,no,,,female,,0,0
KH01110,17446885,,,,,,,,,,,,no,,,female,,0,0
KH01111,17446886,,,,,,,,,,,,no,,,male,,0,0
KH01112,17446887,,,,,,,,,,,,no,,,female,,0,0
KH01113,17446888,,,,,,,,,,,,no,,,other,,0,0
KH01114,17446889,,,,,,,,,,,,no,,,male,,0,0
KH01115,17446890,,TP Hồ Chí Minh,TP Hồ Chí Minh,2.0,Quận 3,32.0,Phường Võ Thị Sáu,107463.0,Vietnam,VN,,no,,,female,,812000,3
KH01116,17446891,,,,,,,,,,,,no,,,male,,0,0
KH01117,17446892,,,,,,,,,,,,no,,,female,,0,0
KH01118,17446893,,,,,,,,,,,,no,,,male,,0,0
KH01119,17446894,,,,,,,,,,,,no,,,female,,0,0
KH01120,17446895,,,,,,,,,,,,no,,,male,,0,0
KH01121,17446896,,,,,,,,,,,,no,,,other,,0,0
KH01122,17446898,,,,,,,,,,,,no,,,male,,0,0
KH01123,17446899,,,,,,,,,,,,no,,,male,,0,0
KH01124,17446900,,,,,,,,,Vietnam,VN,,no,,,other,,0,0
KH01125,17446901,,,,,,,,,,,,no,,,male,,0,0
KH01126,17446902,,,,,,,,,,,,no,,,male,,0,0
KH01127,17446903,,,,,,,,,,,,no,,,male,,0,0
KH01128,17446904,,,,,,,,,,,,no,,,male,,0,0
KH01129,17446905,,,,,,,,,,,,no,,,male,,0,0
KH01130,17446906,,,,,,,,,,,,no,,,male,,0,0
KH01131,17446907,,,,,,,,,,,,no,,,other,,0,0
KH01132,17446908,,,,,,,,,,,,no,,,male,,0,0
KH01133,17446909,,,,,,,,,,,,no,,,male,,0,0
KH01134,17446910,,,,,,,,,,,,no,,,other,,0,0
KH01135,17446911,,,,,,,,,,,,no,,,other,,0,0
KH01136,17446912,,,,,,,,,,,,no,,,female,,0,0
KH01137,17446913,,,,,,,,,Vietnam,VN,,no,,,male,,0,0
KH01138,17446914,,,,,,,,,Vietnam,VN,,no,,,other,,0,0
KH01139,17446915,,,,,,,,,Vietnam,VN,,no,,,other,,0,0
KH01140,17446916,,,,,,,,,Vietnam,VN,,no,,,male,,0,0
KH01141,17446917,,,,,,,,,Vietnam,VN,,no,,,female,,0,0
KH01142,17446918,,,,,,,,,,,,no,,,male,,0,0
KH01143,17446919,,,,,,,,,,,,no,,,female,,0,0
KH01144,17446920,,,,,,,,,,,,no,,,female,,0,0
KH01145,17446921,,,,,,,,,,,,no,,,male,,0,0
KH01146,17446922,,,,,,,,,,,,no,,,male,,0,0
KH01147,17446923,,,,,,,,,,,,no,,,male,,0,0
KH01148,17446924,,,,,,,,,,,,no,,,female,,0,0
KH01149,17446925,,,,,,,,,Vietnam,VN,,no,,,male,,0,0
KH01150,17446926,,,,,,,,,,,,no,,,female,,0,0
KH01151,17446927,,,,,,,,,,,,no,,,male,,0,0
KH01152,17446928,,,,,,,,,,,,no,,,female,,0,0
KH01153,17446929,,,,,,,,,,,,no,,,female,,420000,1
KH01154,17446930,,,,,,,,,,,,no,,,male,,0,0
KH01155,17446931,,,,,,,,,,,,no,,,female,,0,0
KH01156,17446932,,,,,,,,,,,,no,,,male,,0,0
KH01157,17446933,,,,,,,,,,,,no,,,male,,0,0
KH01158,17446934,,,,,,,,,Vietnam,VN,,no,,,male,,0,0
KH01159,17446935,,,,,,,,,Vietnam,VN,,no,,,male,,0,0
KH01160,17446936,,,,,,,,,,,,no,,,male,,0,0
KH01161,17446937,,,,,,,,,Vietnam,VN,,no,,,male,,0,0
KH01162,17446939,,,,,,,,,Vietnam,VN,,no,,,male,,0,0
KH01163,17446940,,,,,,,,,,,,no,,,female,,0,0
KH01164,17446941,,,,,,,,,,,,no,,,male,,0,0
KH01165,17446942,,,,,,,,,,,,no,,,male,,0,0
KH01166,17446943,,,,,,,,,,,,no,,,male,,0,0
KH01167,17446944,,,,,,,,,,,,no,,,female,,0,0
KH01168,17446945,,,,,,,,,Vietnam,VN,,no,,,other,,0,0
KH01169,17446946,,,,,,,,,,,,no,,,male,,0,0
KH01170,17446947,,,,,,,,,,,,no,,,male,,0,0
KH01171,17446948,,,,,,,,,,,,no,,,male,,850000,1
KH01172,17446949,,,,,,,,,,,,no,,,male,,0,0
KH01173,17446950,,,,,,,,,,,,no,,,male,,0,0
KH01174,17446951,,,,,,,,,,,,no,,,female,,0,0
KH01175,17446952,,,,,,,,,,,,no,,,male,,0,0
KH01176,17446953,,,,,,,,,,,,no,,,male,,0,0
KH01177,17446954,,,,,,,,,,,,no,,,male,,0,0
KH01178,17446955,,,,,,,,,,,,no,,,female,,0,0
KH01179,17446956,,,,,,,,,,,,no,,,male,,0,0
KH01180,17446957,,,,,,,,,,,,no,,,female,,0,0
KH01181,17446958,,,,,,,,,Vietnam,VN,,no,,,female,,0,0
KH01182,17446959,,,,,,,,,,,,no,,,male,,0,0
KH01183,17446960,,,,,,,,,,,,no,,,male,,0,0
KH01184,17446961,,,,,,,,,Vietnam,VN,,no,,,male,,0,0
KH01185,17446962,,,,,,,,,,,,no,,,male,,0,0
KH01186,17446963,,,,,,,,,,,,no,,,male,,0,0
KH01187,17446964,,,,,,,,,,,,no,,,male,,0,0
KH01188,17446965,,,,,,,,,Vietnam,VN,,no,,,male,,0,0
KH01189,17446966,,,,,,,,,Vietnam,VN,,no,,,other,,0,0
KH01190,17446967,,,,,,,,,Vietnam,VN,,no,,,male,,0,0
KH01191,17446968,,,,,,,,,,,,no,,,male,,0,0
KH01192,17446969,,,,,,,,,,,,no,,,male,,0,0
KH01193,17446970,,,,,,,,,,,,no,,,other,,3873750,2
KH01194,17446971,,,,,,,,,,,,no,,,female,,0,0
KH01195,17446972,,,,,,,,,,,,no,,,male,,0,0
KH01196,17446973,,,,,,,,,,,,no,,,other,,0,0
KH01197,17446974,,,,,,,,,,,,no,,,male,,0,0
KH01198,17446975,,,,,,,,,Vietnam,VN,,no,,,other,,0,0
KH01199,17446976,,,,,,,,,,,,no,,,female,,0,0
KH01200,17446977,,,,,,,,,,,,no,,,female,,0,0
KH01201,17446978,,,,,,,,,,,,no,,,other,,0,0
KH01202,17446979,,,,,,,,,,,,no,,,other,,0,0
KH01203,17446980,,,,,,,,,,,,no,,,male,,0,0
KH01204,17446981,,,,,,,,,,,,no,,,female,,0,0
KH01205,17446982,,,,,,,,,,,,no,,,male,,0,0
KH01206,17446983,,,,,,,,,,,,no,,,male,,0,0
KH01207,17446984,,,,,,,,,,,,no,,,female,,0,0
KH01208,17446985,,,,,,,,,,,,no,,,male,,0,0
KH01209,17446986,,,,,,,,,,,,no,,,female,,0,0
KH01210,17446987,,,,,,,,,,,,no,,,female,,0,0
KH01211,17446988,,,,,,,,,,,,no,,,male,,0,0
KH01212,17446989,,,,,,,,,,,,no,,,female,,0,0
KH01213,17446990,,,,,,,,,,,,no,,,male,,0,0
KH01214,17446991,,,,,,,,,,,,no,,,female,,0,0
KH01215,17446992,,,,,,,,,Vietnam,VN,,no,,,male,,0,0
KH01216,17446993,,,,,,,,,Vietnam,VN,,no,,,male,,0,0
KH01217,17446994,,,,,,,,,,,,no,,,male,,0,0
KH01218,17446995,,,,,,,,,,,,no,,,male,,0,0
KH01219,17446996,,,,,,,,,,,,no,,,male,,1400000,1
KH01220,17446997,,,,,,,,,Vietnam,VN,,no,,,male,,0,0
KH01221,17446998,,,,,,,,,,,,no,,,female,,0,0
KH01222,17446999,,,,,,,,,,,,no,,,male,,0,0
KH01223,17447000,,,,,,,,,,,,no,,,male,,0,0
KH01224,17447001,,,,,,,,,,,,no,,,male,,0,0
KH01225,17447002,,,,,,,,,,,,no,,,male,,0,0
KH01226,17447003,,,,,,,,,,,,no,,,male,,0,0
KH01227,17447004,,,,,,,,,,,,no,,,male,,0,0
KH01228,17447005,,,,,,,,,,,,no,,,male,,0,0
KH01229,17447006,,,,,,,,,,,,no,,,male,,4228000,6
KH01230,17447007,,,,,,,,,,,,no,,,female,,0,0
KH01231,17447008,,,,,,,,,Vietnam,VN,,no,,,female,,0,0
KH01232,17447009,,,,,,,,,Vietnam,VN,,no,,,female,,0,0
KH01233,17447010,,,,,,,,,,,,no,,,male,,0,0
KH01234,17447011,,,,,,,,,,,,no,,,female,,0,0
KH01235,17447012,,Bình Thuận,Bình Thuận,13.0,,,,,Vietnam,VN,,no,,,female,,20000000,1
KH01236,17447013,,,,,,,,,,,,no,,,female,,0,0
KH01237,17447014,,,,,,,,,,,,no,,,male,,0,0
KH01238,17447015,,,,,,,,,,,,no,,,male,,3990000,1
KH01239,17447016,,,,,,,,,,,,no,,,male,,5410000,2
KH01240,17447017,,,,,,,,,,,,no,,,male,,1600000,1
KH01241,17447018,,,,,,,,,,,,no,,,male,,0,0
KH01242,17447019,,,,,,,,,,,,no,,,male,,0,0
KH01243,17447020,,,,,,,,,,,,no,,,male,,0,0
KH01244,17447021,,,,,,,,,,,,no,,,male,,0,0
KH01245,17447022,,,,,,,,,Vietnam,VN,,no,,,other,,0,0
KH01246,17447023,,,,,,,,,Vietnam,VN,,no,,,male,,0,0
KH01247,17447024,,,,,,,,,,,,no,,,male,,0,0
KH01248,17447025,,,,,,,,,,,,no,,,female,,0,0
KH01249,17447026,,,,,,,,,,,,no,,,male,,0,0
KH01250,17447027,,,,,,,,,,,,no,,,male,,0,0
KH01251,17447028,,,,,,,,,Vietnam,VN,,no,,,female,,0,0
KH01252,17447029,,,,,,,,,Vietnam,VN,,no,,,male,,0,0
KH01253,17447030,,,,,,,,,Vietnam,VN,,no,,,male,,0,0
KH01254,17447031,,,,,,,,,,,,no,,,male,,0,0
KH01255,17447032,,,,,,,,,,,,no,,,male,,0,0
KH01256,17447033,,,,,,,,,,,,no,,,male,,0,0
KH01257,17447034,,,,,,,,,,,,no,,,male,,0,0
KH01258,17447035,,,,,,,,,,,,no,,,male,,0,0
KH01259,17447036,,,,,,,,,,,,no,,,male,,0,0
KH01260,17447037,,,,,,,,,,,,no,,,other,,0,0
KH01261,17447038,,,,,,,,,,,,no,,,female,,0,0
KH01262,17447039,,,,,,,,,,,,no,,,male,,0,0
KH01263,17447040,,,,,,,,,Vietnam,VN,,no,,,female,,0,0
KH01264,17447041,,,,,,,,,,,,no,,,male,,0,0
KH01265,17447042,,,,,,,,,Vietnam,VN,,no,,,female,,0,0
KH01266,17447043,,,,,,,,,Vietnam,VN,,no,,,female,,0,0
KH01267,17447044,,,,,,,,,Vietnam,VN,,no,,,female,,8046150,1
KH01268,17447045,,,,,,,,,Vietnam,VN,,no,,,male,,0,0
KH01269,17447046,,,,,,,,,Vietnam,VN,,no,,,male,,0,0
KH01270,17447047,,,,,,,,,Vietnam,VN,,no,,,male,,0,0
KH01271,17447048,,,,,,,,,Vietnam,VN,,no,,,female,,0,0
KH01272,17447049,,,,,,,,,,,,no,,,female,,0,0
KH01273,17447050,,,,,,,,,,,,no,,,male,,0,0
KH01274,17447051,,,,,,,,,,,,no,,,male,,0,0
KH01275,17447052,,,,,,,,,,,,no,,,female,,0,0
KH01276,17447053,,,,,,,,,,,,no,,,male,,0,0
KH01277,17447054,,,,,,,,,,,,no,,,female,,0,0
KH01278,17447055,,,,,,,,,,,,no,,,male,,0,0
KH01279,17447056,,,,,,,,,,,,no,,,male,,0,0
KH01280,17447057,,,,,,,,,,,,no,,,male,,1045000,1
KH01281,17447058,,,,,,,,,,,,no,,,female,,2453000,1
KH01282,17447059,,,,,,,,,,,,no,,,male,,0,0
KH01283,17447060,,,,,,,,,,,,no,,,male,,0,0
KH01284,17447061,,,,,,,,,,,,no,,,male,,0,0
KH01285,17447062,,,,,,,,,,,,no,,,male,,3470000,1
KH01286,17447063,,,,,,,,,,,,no,,,male,,3500000,1
KH01287,17447064,,,,,,,,,,,,no,,,male,,0,0
KH01288,17447065,,,,,,,,,,,,no,,,male,,0,0
KH01289,17447066,,,,,,,,,,,,no,,,female,,0,0
KH01290,17447067,,,,,,,,,,,,no,,,male,,0,0
KH01291,17447068,,,,,,,,,,,,no,,,male,,0,0
KH01292,17447069,,,,,,,,,,,,no,,,male,,0,0
KH01293,17447070,,,,,,,,,,,,no,,,male,,0,0
KH01294,17447071,,,,,,,,,,,,no,,,male,,0,0
KH01295,17447072,,,,,,,,,,,,no,,,female,,0,0
KH01296,17447073,,,,,,,,,,,,no,,,male,,0,0
KH01297,17447074,,,,,,,,,,,,no,,,female,,0,0
KH01298,17447075,,,,,,,,,Vietnam,VN,,no,,,male,,1200000,1
KH01299,17447076,,,,,,,,,,,,no,,,male,,0,0
KH01300,17447077,,,,,,,,,,,,no,,,female,,0,0
KH01301,17447078,,,,,,,,,,,,no,,,other,,400000,2
KH01302,17447079,,,,,,,,,,,,no,,,female,,0,0
KH01303,17447080,,,,,,,,,,,,no,,,male,,0,0
KH01304,17447081,,,,,,,,,,,,no,,,other,,0,0
KH01305,17447082,,,,,,,,,,,,no,,,other,,0,0
KH01306,17447083,,,,,,,,,,,,no,,,male,,0,0
KH01307,17447084,,,,,,,,,,,,no,,,female,,0,0
KH01308,17447085,,,,,,,,,,,,no,,,male,,0,0
KH01309,17447086,,,,,,,,,Vietnam,VN,,no,,,female,,0,0
KH01310,17447087,,,,,,,,,,,,no,,,male,,0,0
KH01311,17447088,,,,,,,,,,,,no,,,male,,0,0
KH01312,17447089,,,,,,,,,Vietnam,VN,,no,,,male,,0,0
KH01313,17447090,,,,,,,,,Vietnam,VN,,no,,,female,,0,0
KH01314,17447091,,,,,,,,,Vietnam,VN,,no,,,other,,0,0
KH01315,17447092,,,,,,,,,Vietnam,VN,,no,,,other,,0,0
KH01316,17447093,,,,,,,,,,,,no,,,male,,0,0
KH01317,17447094,,,,,,,,,,,,no,,,female,,0,0
KH01318,17447095,,,,,,,,,,,,no,,,other,,0,0
KH01319,17447096,,,,,,,,,,,,no,,,male,,0,0
KH01320,17447097,,,,,,,,,,,,no,,,female,,0,0
KH01321,17447098,,,,,,,,,,,,no,,,male,,0,0
KH01322,17447099,,,,,,,,,Vietnam,VN,,no,,,male,,0,0
KH01323,17447100,,,,,,,,,Vietnam,VN,,no,,,female,,0,0
KH01324,17447101,,,,,,,,,,,,no,,,other,,0,0
KH01325,17447102,,,,,,,,,Vietnam,VN,,no,,,male,,5700000,2
KH01326,17447103,,,,,,,,,Vietnam,VN,,no,,,male,,0,0
KH01327,17447104,,,,,,,,,Vietnam,VN,,no,,,male,,0,0
KH01328,17447105,,,,,,,,,Vietnam,VN,,no,,,female,,0,0
KH01329,17447106,,,,,,,,,,,,no,,,male,,0,0
KH01330,17447107,,,,,,,,,,,,no,,,male,,0,0
KH01331,17447108,,,,,,,,,Vietnam,VN,,no,,,female,,0,0
KH01332,17447109,,,,,,,,,Vietnam,VN,,no,,,female,,0,0
KH01333,17447110,,,,,,,,,,,,no,,,male,,0,0
KH01334,17447111,,,,,,,,,,,,no,,,male,,0,0
KH01335,17447112,,,,,,,,,,,,no,,,male,,0,0
KH01336,17447113,,,,,,,,,Vietnam,VN,,no,,,male,,0,0
KH01337,17447114,,,,,,,,,,,,no,,,male,,0,0
KH01338,17447115,,,,,,,,,,,,no,,,male,,0,0
KH01339,17447116,,,,,,,,,,,,no,,,male,,0,0
KH01340,17447117,,,,,,,,,,,,no,,,male,,0,0
KH01341,17447118,,,,,,,,,,,,no,,,male,,0,0
KH01342,17447119,,,,,,,,,,,,no,,,female,,0,0
KH01343,17447120,,,,,,,,,,,,no,,,male,,0,0
KH01344,17447121,,,,,,,,,Vietnam,VN,,no,,,male,,0,0
KH01345,17447122,,,,,,,,,Vietnam,VN,,no,,,male,,0,0
KH01346,17447123,,,,,,,,,,,,no,,,female,,0,0
KH01347,17447124,,,,,,,,,,,,no,,,other,,0,0
KH01348,17447125,,,,,,,,,,,,no,,,other,,0,0
KH01349,17447126,,,,,,,,,,,,no,,,male,,0,0
KH01350,17447127,,,,,,,,,,,,no,,,female,,0,0
KH01351,17447128,,,,,,,,,,,,no,,,male,,0,0
KH01352,17447129,,,,,,,,,,,,no,,,female,,0,0
KH01353,17447130,,,,,,,,,,,,no,,,other,,0,0
KH01354,17447131,,,,,,,,,Vietnam,VN,,no,,,other,,0,0
KH01355,17447132,,,,,,,,,,,,no,,,male,,0,0
KH01356,17447133,,,,,,,,,,,,no,,,male,,0,0
KH01357,17447134,,,,,,,,,Vietnam,VN,,no,,,female,,0,0
KH01358,17447135,,,,,,,,,Vietnam,VN,,no,,,male,,0,0
KH01359,17447136,,,,,,,,,Vietnam,VN,,no,,,female,,0,0
KH01360,17447137,,,,,,,,,,,,no,,,male,,0,0
KH01361,17447138,,,,,,,,,,,,no,,,male,,2200000,1
KH01362,17447139,,,,,,,,,,,,no,,,male,,0,0
KH01363,17447140,,,,,,,,,,,,no,,,female,,0,0
KH01364,17447141,,,,,,,,,,,,no,,,male,,0,0
KH01365,17447142,,,,,,,,,,,,no,,,male,,2450000,1
KH01366,17447143,,,,,,,,,,,,no,,,male,,0,0
KH01367,17447144,,,,,,,,,,,,no,,,male,,0,0
KH01368,17447145,,,,,,,,,,,,no,,,female,,0,0
KH01369,17447146,,,,,,,,,,,,no,,,male,,0,0
KH01370,17447147,,,,,,,,,,,,no,,,female,,0,0
KH01371,17447148,,,,,,,,,,,,no,,,other,,0,0
KH01372,17447149,,,,,,,,,,,,no,,,male,,0,0
KH01373,17447150,,,,,,,,,,,,no,,,male,,0,0
KH01374,17447151,,,,,,,,,,,,no,,,male,,0,0
KH01375,17447152,,,,,,,,,,,,no,,,female,,0,0
KH01376,17447153,,,,,,,,,,,,no,,,male,,0,0
KH01377,17447154,,,,,,,,,,,,no,,,male,,0,0
KH01378,17447155,,,,,,,,,,,,no,,,male,,0,0
KH01379,17447156,,,,,,,,,,,,no,,,other,,0,0
KH01380,17447157,,,,,,,,,Vietnam,VN,,no,,,male,,0,0
KH01381,17447158,,,,,,,,,Vietnam,VN,,no,,,male,,0,0
KH01382,17447159,,,,,,,,,Vietnam,VN,,no,,,male,,0,0
KH01383,17447160,,,,,,,,,Vietnam,VN,,no,,,female,,0,0
KH01384,17447161,,,,,,,,,Vietnam,VN,,no,,,female,,0,0
KH01385,17447162,,,,,,,,,,,,no,,,male,,0,0
KH01386,17447163,,,,,,,,,Vietnam,VN,,no,,,male,,0,0
KH01387,17447164,,,,,,,,,,,,no,,,other,,0,0
KH01388,17447165,,,,,,,,,,,,no,,,male,,0,0
KH01389,17447166,,,,,,,,,Vietnam,VN,,no,,,male,,0,0
KH01390,17447167,,,,,,,,,Vietnam,VN,,no,,,female,,0,0
KH01391,17447168,,,,,,,,,Vietnam,VN,,no,,,male,,0,0
KH01392,17447169,,,,,,,,,Vietnam,VN,,no,,,male,,0,0
KH01393,17447170,,,,,,,,,Vietnam,VN,,no,,,male,,0,0
KH01394,17447171,,,,,,,,,,,,no,,,male,,0,0
KH01395,17447172,CÔNG TY DẦU KHÍ MỸ PHÚ,,,,,,,,Vietnam,VN,,no,,,male,,0,0
KH01396,17447173,,,,,,,,,,,,no,,,male,,0,0
KH01397,17447174,,,,,,,,,,,,no,,,female,,0,0
KH01398,17447175,,,,,,,,,,,,no,,,male,,0,0
KH01399,17447176,,,,,,,,,,,,no,,,male,,0,0
KH01400,17447177,,,,,,,,,,,,no,,,male,,0,0
KH01401,17447178,,,,,,,,,Vietnam,VN,,no,,,male,,0,0
KH01402,17447179,,,,,,,,,,,,no,,,male,,0,0
KH01403,17447180,,,,,,,,,,,,no,,,male,,0,0
KH01404,17447181,,,,,,,,,Vietnam,VN,,no,,,male,,0,0
KH01405,17447182,,,,,,,,,Vietnam,VN,,no,,,male,,0,0
KH01406,17447183,,,,,,,,,Vietnam,VN,,no,,,male,,0,0
KH01407,17447184,,,,,,,,,Vietnam,VN,,no,,,female,,0,0
KH01408,17447185,,,,,,,,,Vietnam,VN,,no,,,male,,0,0
KH01409,17447186,,,,,,,,,Vietnam,VN,,no,,,male,,0,0
KH01410,17447187,,,,,,,,,Vietnam,VN,,no,,,female,,0,0
KH01411,17447188,,,,,,,,,Vietnam,VN,,no,,,male,,0,0
KH01412,17447189,,,,,,,,,,,,no,,,male,,440000,1
KH01413,17447190,,,,,,,,,Vietnam,VN,,no,,,male,,0,0
KH01414,17447191,,,,,,,,,Vietnam,VN,,no,,,male,,0,0
KH01415,17447192,,,,,,,,,Vietnam,VN,,no,,,male,,0,0
KH01416,17447193,,,,,,,,,Vietnam,VN,,no,,,female,,0,0
KH01417,17447194,,,,,,,,,Vietnam,VN,,no,,,male,,0,0
KH01418,17447195,,,,,,,,,Vietnam,VN,,no,,,other,,0,0
KH01419,17447196,,,,,,,,,Vietnam,VN,,no,,,male,,0,0
KH01420,17447197,,,,,,,,,Vietnam,VN,,no,,,male,,0,0
KH01421,17447198,,,,,,,,,,,,no,,,male,,0,0
KH01422,17447199,,,,,,,,,Vietnam,VN,,no,,,male,,0,0
KH01423,17447200,,,,,,,,,Vietnam,VN,,no,,,male,,550000,1
KH01424,17447201,,,,,,,,,Vietnam,VN,,no,,,male,,0,0
KH01425,17447202,,,,,,,,,Vietnam,VN,,no,,,female,,0,0
KH01426,17447203,,,,,,,,,Vietnam,VN,,no,,,female,,0,0
KH01427,17447204,,,,,,,,,Vietnam,VN,,no,,,other,,0,0
KH01428,17447205,,,,,,,,,Vietnam,VN,,no,,,female,,0,0
KH01429,17447206,,,,,,,,,Vietnam,VN,,no,,,female,,0,0
KH01430,17447207,,,,,,,,,Vietnam,VN,,no,,,male,,2940000,1
KH01431,17447208,,,,,,,,,Vietnam,VN,,no,,,female,,0,0
KH01432,17447209,,,,,,,,,Vietnam,VN,,no,,,male,,0,0
KH01433,17447210,,,,,,,,,Vietnam,VN,,no,,,male,,0,0
KH01434,17447211,,,,,,,,,Vietnam,VN,,no,,,male,,0,0
KH01435,17447212,,,,,,,,,Vietnam,VN,,yes,,,male,1993-07-25,2632000,2
KH01436,17447213,,,,,,,,,Vietnam,VN,,no,,,male,,0,0
KH01437,17447214,,,,,,,,,,,,no,,,male,,0,0
KH01438,17447215,,,,,,,,,Vietnam,VN,,no,,,female,,0,0
KH01439,17447216,,,,,,,,,Vietnam,VN,,no,,,male,,0,0
KH01440,17447217,,,,,,,,,,,,no,,,male,,0,0
KH01441,17447218,,,,,,,,,Vietnam,VN,,no,,,female,,0,0
KH01442,17447219,,TP Hồ Chí Minh,TP Hồ Chí Minh,2.0,Quận 1,30.0,Phường Bến Nghé,9219.0,Vietnam,VN,,no,sapo_social,,male,,5580000,4
KH01443,17447220,,,,,,,,,Vietnam,VN,,no,,,male,,0,0
KH01444,17447221,,,,,,,,,Vietnam,VN,,no,,,female,,0,0
KH01445,17447222,,,,,,,,,Vietnam,VN,,no,,,female,,0,0
KH01446,17447223,,,,,,,,,Vietnam,VN,,no,,,male,,0,0
KH01447,17447224,,,,,,,,,Vietnam,VN,,no,,,male,,0,0
KH01448,17447225,,,,,,,,,Vietnam,VN,,no,,,male,,0,0
KH01449,17447226,,,,,,,,,Vietnam,VN,,no,,,male,,0,0
KH01450,17447227,,,,,,,,,Vietnam,VN,,no,,,male,,0,0
KH01451,17447228,,,,,,,,,Vietnam,VN,,no,,,male,,0,0
KH01452,17447229,,,,,,,,,Vietnam,VN,,no,,,male,,0,0
KH01453,17447230,,,,,,,,,Vietnam,VN,,no,,,male,,0,0
KH01454,17447231,,,,,,,,,Vietnam,VN,,no,,,male,,0,0
KH01455,17447232,,,,,,,,,Vietnam,VN,,no,,,male,,0,0
KH01456,17447233,,,,,,,,,Vietnam,VN,,no,,,male,,0,0
KH01457,17447234,,,,,,,,,Vietnam,VN,,no,,,male,,0,0
KH01458,17447235,,,,,,,,,Vietnam,VN,,no,,,male,,0,0
KH01459,17447236,,,,,,,,,Vietnam,VN,,no,,,female,,0,0
KH01460,17447237,,,,,,,,,Vietnam,VN,,no,,,male,,0,0
KH01461,17447238,,,,,,,,,Vietnam,VN,,no,,,male,,0,0
KH01462,17447239,,,,,,,,,Vietnam,VN,,no,,,male,,0,0
KH01463,17447240,,,,,,,,,Vietnam,VN,,no,,,other,,0,0
KH01464,17447241,,,,,,,,,Vietnam,VN,,no,,,male,,0,0
KH01465,17447242,,,,,,,,,Vietnam,VN,,no,,,male,,0,0
KH01466,17447243,,,,,,,,,Vietnam,VN,,no,,,male,,0,0
KH01467,17447244,,,,,,,,,Vietnam,VN,,no,,,male,,0,0
KH01468,17447245,,,,,,,,,Vietnam,VN,,no,,,male,,660000,1
KH01469,17447246,,,,,,,,,Vietnam,VN,,no,,,male,,0,0
KH01470,17447247,,,,,,,,,Vietnam,VN,,no,,,female,,0,0
KH01471,17447248,,,,,,,,,Vietnam,VN,,no,,,male,,0,0
KH01472,17447249,,,,,,,,,Vietnam,VN,,no,,,male,,1380000,2
KH01473,17447250,,,,,,,,,Vietnam,VN,,no,,,female,,0,0
KH01474,17447251,,,,,,,,,Vietnam,VN,,no,,,male,,0,0
KH01475,17447252,,,,,,,,,Vietnam,VN,,no,,,male,,0,0
KH01476,17447253,,,,,,,,,Vietnam,VN,,no,,,male,,0,0
KH01477,17447254,,,,,,,,,Vietnam,VN,,no,,,female,,0,0
KH01478,17447255,,,,,,,,,,,,no,,,male,,0,0
KH01479,17447256,,,,,,,,,,,,no,,,male,,0,0
KH01480,17447257,,,,,,,,,Vietnam,VN,,no,,,male,,0,0
KH01481,17447258,,,,,,,,,,,,no,,,male,,0,0
KH01482,17447259,,,,,,,,,Vietnam,VN,,no,,,male,,0,0
KH01483,17447260,,,,,,,,,,,,no,,,male,,0,0
KH01484,17447261,,,,,,,,,,,,no,,,male,,0,0
KH01485,17447262,,,,,,,,,Vietnam,VN,,no,,,male,,0,0
KH01486,17447263,,,,,,,,,,,,no,,,female,,0,0
KH01487,17447264,,,,,,,,,Vietnam,VN,,no,,,male,,0,0
KH01488,17447265,,,,,,,,,,,,no,,,female,,0,0
KH01489,17447266,,,,,,,,,Vietnam,VN,,no,,,male,,0,0
KH01490,17447267,,,,,,,,,,,,no,,,male,,0,0
KH01491,17447268,,Bình Phước,Bình Phước,12.0,,,,,Vietnam,VN,,no,,,male,,0,0
KH01492,17447269,,,,,,,,,Vietnam,VN,,no,,,male,,0,0
KH01493,17447271,,,,,,,,,Vietnam,VN,,no,,,male,,0,0
KH01494,17447272,,,,,,,,,Vietnam,VN,,no,,,female,,0,0
KH01495,17447273,,,,,,,,,Vietnam,VN,,no,,,male,,0,0
KH01496,17447274,,,,,,,,,,,,no,,,female,,0,0
KH01497,17447275,,,,,,,,,,,,no,,,female,,0,0
KH01498,17447276,,,,,,,,,,,,no,,,male,,0,0
KH01499,17447277,,,,,,,,,,,,no,,,male,,0,0
KH01500,17447278,,,,,,,,,Vietnam,VN,,no,,,male,,0,0
KH01501,17447279,,,,,,,,,,,,no,,,male,,0,0
KH01502,17447280,,,,,,,,,Vietnam,VN,,no,,,female,,0,0
KH01503,17447281,,,,,,,,,Vietnam,VN,,no,,,male,,0,0
KH01504,17447282,,,,,,,,,,,,no,,,male,,0,0
KH01505,17447283,,,,,,,,,Vietnam,VN,,no,,,male,,0,0
KH01506,17447284,,,,,,,,,,,,no,,,female,,0,0
KH01507,17447285,,,,,,,,,Vietnam,VN,,no,,,male,,0,0
KH01508,17447286,,,,,,,,,,,,no,,,other,,1276000,1
KH01509,17447287,,,,,,,,,Vietnam,VN,,no,,,male,,0,0
KH01510,17447288,,,,,,,,,Vietnam,VN,,no,,,male,,0,0
KH01511,17447289,,,,,,,,,Vietnam,VN,,no,,,female,,0,0
KH01512,17447290,,,,,,,,,Vietnam,VN,,no,,,female,,0,0
KH01513,17447291,,,,,,,,,Vietnam,VN,,no,,,male,,0,0
KH01514,17447292,,,,,,,,,Vietnam,VN,,no,,,male,,0,0
KH01515,17447293,,,,,,,,,Vietnam,VN,,no,,,male,,0,0
KH01516,17447294,,,,,,,,,Vietnam,VN,,no,,,female,,0,0
KH01517,17447295,,,,,,,,,,,,no,,,male,,0,0
KH01518,17447296,,,,,,,,,,,,no,,,female,,0,0
KH01519,17447297,,,,,,,,,,,,no,,,other,,0,0
KH01520,17447298,,,,,,,,,,,,no,,,female,,0,0
KH01521,17447299,,,,,,,,,,,,no,,,male,,0,0
KH01522,17447300,,,,,,,,,,,,no,,,female,,0,0
KH01523,17447301,,,,,,,,,,,,no,,,male,,0,0
KH01524,17447302,,,,,,,,,,,,no,,,male,,0,0
KH01525,17447303,,,,,,,,,Vietnam,VN,,no,,,female,,0,0
KH01526,17447304,,,,,,,,,Vietnam,VN,,no,,,male,,0,0
KH01527,17447305,,,,,,,,,Vietnam,VN,,no,,,male,,0,0
KH01528,17447306,,,,,,,,,Vietnam,VN,,no,,,male,,0,0
KH01529,17447307,,,,,,,,,Vietnam,VN,,no,,,male,,0,0
KH01530,17447308,,,,,,,,,,,,no,,,female,,0,0
KH01531,17447309,,,,,,,,,,,,no,,,male,,0,0
KH01532,17447310,,,,,,,,,,,,no,,,male,,0,0
KH01533,17447311,,,,,,,,,Vietnam,VN,,no,,,female,,0,0
KH01534,17447312,,,,,,,,,Vietnam,VN,,no,,,female,,0,0
KH01535,17447313,,,,,,,,,,,,no,,,female,,0,0
KH01536,17447314,,,,,,,,,,,,no,,,male,,0,0
KH01537,17447315,,,,,,,,,Vietnam,VN,,no,,,male,,0,0
KH01538,17447316,,,,,,,,,Vietnam,VN,,no,,,male,,0,0
KH01539,17447317,,,,,,,,,,,,no,,,female,,0,0
KH01540,17447318,,,,,,,,,Vietnam,VN,,no,,,male,,0,0
KH01541,17447319,,,,,,,,,Vietnam,VN,,no,,,female,,0,0
KH01542,17447320,,,,,,,,,Vietnam,VN,,no,,,male,,0,0
KH01543,17447321,,,,,,,,,,,,no,,,male,,0,0
KH01544,17447322,,,,,,,,,Vietnam,VN,,no,,,male,,0,0
KH01545,17447323,,,,,,,,,Vietnam,VN,,no,,,female,,0,0
KH01546,17447324,,,,,,,,,Vietnam,VN,,no,,,male,,0,0
KH01547,17447325,,,,,,,,,,,,no,,,male,,0,0
KH01548,17447326,,,,,,,,,,,,no,,,female,,0,0
KH01549,17447327,,,,,,,,,Vietnam,VN,,no,,,male,,0,0
KH01550,17447328,,,,,,,,,Vietnam,VN,,no,,,male,,0,0
KH01551,17447329,,,,,,,,,Vietnam,VN,,no,,,male,,0,0
KH01552,17447330,,,,,,,,,,,,no,,,male,,0,0
KH01553,17447331,,,,,,,,,Vietnam,VN,,no,,,male,,0,0
KH01554,17447332,,,,,,,,,Vietnam,VN,,no,,,female,,0,0
KH01555,17447333,,,,,,,,,,,,no,,,male,,0,0
KH01556,17447334,,,,,,,,,,,,no,,,male,,0,0
KH01557,17447335,,,,,,,,,,,,no,,,female,,0,0
KH01558,17447336,,,,,,,,,,,,no,,,male,,0,0
KH01559,17447337,,,,,,,,,,,,no,,,male,,0,0
KH01560,17447338,,,,,,,,,,,,no,,,male,,0,0
KH01561,17447339,,,,,,,,,,,,no,,,female,,0,0
KH01562,17447340,,,,,,,,,Vietnam,VN,,no,,,other,,0,0
KH01563,17447341,,,,,,,,,Vietnam,VN,,no,,,female,,0,0
KH01564,17447342,,,,,,,,,Vietnam,VN,,no,,,male,,0,0
KH01565,17447343,,,,,,,,,Vietnam,VN,,no,,,male,,0,0
KH01566,17447344,,,,,,,,,Vietnam,VN,,no,,,male,,0,0
KH01567,17447345,,,,,,,,,,,,no,,,female,,0,0
KH01568,17447346,,,,,,,,,,,,no,,,male,,0,0
KH01569,17447347,,,,,,,,,,,,no,,,male,,0,0
KH01570,17447348,,,,,,,,,,,,no,,,female,,0,0
KH01571,17447349,,,,,,,,,,,,no,,,female,,0,0
KH01572,17447350,,,,,,,,,Vietnam,VN,,no,,,male,,0,0
KH01573,17447351,,,,,,,,,Vietnam,VN,,no,,,male,,0,0
KH01574,17447352,,,,,,,,,,,,no,,,male,,0,0
KH01575,17447353,,,,,,,,,Vietnam,VN,,no,,,female,,0,0
KH01576,17447354,,,,,,,,,,,,no,,,male,,0,0
KH01577,17447355,,,,,,,,,,,,no,,,male,,0,0
KH01578,17447356,,,,,,,,,Vietnam,VN,,no,,,male,,0,0
KH01579,17447357,,,,,,,,,Vietnam,VN,,no,,,male,,0,0
KH01580,17447358,,,,,,,,,Vietnam,VN,,no,,,male,,0,0
KH01581,17447359,,,,,,,,,Vietnam,VN,,no,,,female,,0,0
KH01582,17447360,,,,,,,,,,,,no,,,female,,0,0
KH01583,17447361,,,,,,,,,Vietnam,VN,,no,,,male,,0,0
KH01584,17447362,,,,,,,,,,,,no,,,male,,0,0
KH01585,17447363,,,,,,,,,Vietnam,VN,,no,,,male,,0,0
KH01586,17447364,,,,,,,,,,,,no,,,female,,0,0
KH01587,17447365,,,,,,,,,Vietnam,VN,,no,,,other,,0,0
KH01588,17447366,,,,,,,,,Vietnam,VN,,no,,,female,,0,0
KH01589,17447367,,,,,,,,,,,,no,,,male,,0,0
KH01590,17447368,,,,,,,,,Vietnam,VN,,no,,,female,,1606000,1
KH01591,17447369,,,,,,,,,,,,no,,,male,,0,0
KH01592,17447370,,,,,,,,,,,,no,,,male,,0,0
KH01593,17447371,,,,,,,,,,,,no,,,female,,0,0
KH01594,17447372,,,,,,,,,,,,no,,,female,,0,0
KH01595,17447373,,,,,,,,,Vietnam,VN,,no,,,male,,0,0
KH01596,17447374,,,,,,,,,Vietnam,VN,,no,,,male,,0,0
KH01597,17447375,,,,,,,,,Vietnam,VN,,no,,,male,,1893000,1
KH01598,17447376,,,,,,,,,Vietnam,VN,,no,,,male,,0,0
KH01599,17447377,,,,,,,,,Vietnam,VN,,no,,,male,,0,0
KH01600,17447378,,,,,,,,,Vietnam,VN,,no,,,male,,0,0
KH01601,17447379,,,,,,,,,Vietnam,VN,,no,,,male,,885000,1
KH01602,17447380,,,,,,,,,Vietnam,VN,,no,,,male,,0,0
KH01603,17447381,,,,,,,,,Vietnam,VN,,no,,,male,,0,0
KH01604,17447382,,,,,,,,,Vietnam,VN,,no,,,other,,0,0
KH01605,17447383,,,,,,,,,Vietnam,VN,,no,,,male,,0,0
KH01606,17447384,,,,,,,,,,,,no,,,male,,0,0
KH01607,17447385,,,,,,,,,,,,no,,,male,,0,0
KH01608,17447386,,,,,,,,,,,,no,,,female,,0,0
KH01609,17447387,,,,,,,,,,,,no,,,other,,0,0
KH01610,17447388,,,,,,,,,Vietnam,VN,,no,,,male,,0,0
KH01611,17447389,,,,,,,,,,,,no,,,male,,0,0
KH01612,17447390,,,,,,,,,Vietnam,VN,,no,,,male,,0,0
KH01613,17447391,,,,,,,,,Vietnam,VN,,no,,,male,,0,0
KH01614,17447392,,,,,,,,,,,,no,,,male,,0,0
KH01615,17447393,,,,,,,,,,,,no,,,male,,1639000,1
KH01616,17447394,,,,,,,,,,,,no,,,female,,0,0
KH01617,17447395,,,,,,,,,,,,no,,,male,,0,0
KH01618,17447396,,,,,,,,,,,,no,,,male,,0,0
KH01619,17447397,,,,,,,,,,,,no,,,male,,0,0
KH01620,17447398,,,,,,,,,,,,no,,,male,,0,0
KH01621,17447399,,,,,,,,,,,,no,,,male,,2782750,2
KH01622,17447400,,Đồng Nai,Đồng Nai,21.0,,,,,Vietnam,VN,,no,,,male,,0,0
KH01623,17447401,,,,,,,,,,,,no,,,male,,0,0
KH01624,17447402,,,,,,,,,,,,no,,,male,,0,0
KH01625,17447403,,,,,,,,,Vietnam,VN,,no,,,female,,0,0
KH01626,17447404,,,,,,,,,Vietnam,VN,,no,,,male,,0,0
KH01627,17447405,,,,,,,,,Vietnam,VN,,no,,,male,,0,0
KH01628,17447406,,,,,,,,,,,,no,,,male,,0,0
KH01629,17447407,,,,,,,,,Vietnam,VN,,no,,,male,,0,0
KH01630,17447408,,,,,,,,,Vietnam,VN,,no,,,male,,0,0
KH01631,17447409,,,,,,,,,Vietnam,VN,,no,,,male,,0,0
KH01632,17447410,,,,,,,,,,,,no,,,male,,0,0
KH01633,17447411,,,,,,,,,Vietnam,VN,,no,,,male,,0,0
KH01634,17447412,,,,,,,,,Vietnam,VN,,no,,,female,,0,0
KH01635,17447413,,,,,,,,,,,,no,,,female,,0,0
KH01636,17447414,,,,,,,,,,,,no,,,male,,0,0
KH01637,17447415,,,,,,,,,Vietnam,VN,,no,,,female,,0,0
KH01638,17447416,,,,,,,,,,,,no,,,female,,0,0
KH01639,17447417,,,,,,,,,Vietnam,VN,,no,,,male,,0,0
KH01640,17447418,,,,,,,,,,,,no,,,female,,0,0
KH01641,17447419,,,,,,,,,Vietnam,VN,,no,,,male,,0,0
KH01642,17447420,,,,,,,,,Vietnam,VN,,no,,,male,,0,0
KH01643,17447421,,,,,,,,,Vietnam,VN,,no,,,female,,0,0
KH01644,17447422,,,,,,,,,,,,no,,,male,,0,0
KH01645,17447423,,,,,,,,,Vietnam,VN,,no,,,female,,0,0
KH01646,17447424,,,,,,,,,Vietnam,VN,,no,,,other,,0,0
KH01647,17447425,,Long An,Long An,39.0,,,,,Vietnam,VN,,no,,,male,,0,0
KH01648,17447426,,,,,,,,,,,,no,,,male,,0,0
KH01649,17447427,,,,,,,,,,,,no,,,male,,0,0
KH01650,17447428,,,,,,,,,,,,no,,,female,,0,0
KH01651,17447429,,,,,,,,,,,,no,,,male,,0,0
KH01652,17447430,,,,,,,,,,,,no,,,male,,0,0
KH01653,17447431,,,,,,,,,,,,no,,,other,,0,0
KH01654,17447432,,,,,,,,,,,,no,,,male,,0,0
KH01655,17447433,,Đồng Nai,Đồng Nai,21.0,,,,,Vietnam,VN,,no,,,female,,0,0
KH01656,17447434,,,,,,,,,,,,no,,,male,,0,0
KH01657,17447435,,,,,,,,,,,,no,,,other,,0,0
KH01658,17447436,,,,,,,,,,,,no,,,male,,0,0
KH01659,17447437,,,,,,,,,Vietnam,VN,,no,,,male,,0,0
KH01660,17447438,,,,,,,,,Vietnam,VN,,no,,,male,,0,0
KH01661,17447439,,,,,,,,,,,,no,,,male,,0,0
KH01662,17447440,,,,,,,,,,,,no,,,male,,0,0
KH01663,17447441,,,,,,,,,Vietnam,VN,,no,,,female,,0,0
KH01664,17447442,,,,,,,,,Vietnam,VN,,no,,,male,,0,0
KH01665,17447443,,,,,,,,,,,,no,,,other,,0,0
KH01666,17447444,,Hà Nội,Hà Nội,1.0,,,,,Vietnam,VN,,no,,,female,,0,0
KH01667,17447445,,,,,,,,,,,,no,,,male,,0,0
KH01668,17447446,,,,,,,,,,,,no,,,male,,0,0
KH01669,17447447,,,,,,,,,,,,no,,,male,,0,0
KH01670,17447448,,,,,,,,,Vietnam,VN,,no,,,male,,0,0
KH01671,17447449,,,,,,,,,,,,no,,,female,,0,0
KH01672,17447450,,,,,,,,,,,,no,,,other,,550000,1
KH01673,17447451,,,,,,,,,,,,no,,,female,,0,0
KH01674,17447452,,,,,,,,,,,,no,,,male,,0,0
KH01675,17447453,,,,,,,,,,,,no,,,male,,0,0
KH01676,17447454,,,,,,,,,Vietnam,VN,,no,,,male,,0,0
KH01677,17447455,,,,,,,,,,,,no,,,male,,0,0
KH01678,17447456,,,,,,,,,,,,no,,,female,,599000,1
KH01679,17447457,,,,,,,,,,,,no,,,female,,0,0
KH01680,17447458,,,,,,,,,,,,no,,,female,,0,0
KH01681,17447459,,Bình Thuận,Bình Thuận,13.0,,,,,Vietnam,VN,,no,,,male,,0,0
KH01682,17447460,,,,,,,,,Vietnam,VN,,no,,,male,,0,0
KH01683,17447461,,,,,,,,,Vietnam,VN,,no,,,male,,0,0
KH01684,17447462,,,,,,,,,Vietnam,VN,,no,,,male,,0,0
KH01685,17447463,,,,,,,,,Vietnam,VN,,no,,,female,,0,0
KH01686,17447464,,,,,,,,,Vietnam,VN,,no,,,male,,0,0
KH01687,17447465,,,,,,,,,Vietnam,VN,,no,,,male,,0,0
KH01688,17447466,,,,,,,,,Vietnam,VN,,no,,,male,,0,0
KH01689,17447467,,,,,,,,,Vietnam,VN,,no,,,male,,0,0
KH01690,17447468,,,,,,,,,Vietnam,VN,,no,,,other,,0,0
KH01691,17447469,,,,,,,,,Vietnam,VN,,no,,,male,,0,0
KH01692,17447470,,,,,,,,,Vietnam,VN,,no,,,male,,0,0
KH01693,17447471,,,,,,,,,Vietnam,VN,,no,,,female,,0,0
KH01694,17447472,,,,,,,,,Vietnam,VN,,no,,,male,,0,0
KH01695,17447473,,,,,,,,,,,,no,,,female,,0,0
KH01696,17447474,,,,,,,,,Vietnam,VN,,no,,,male,,319980,1
KH01697,17447475,,,,,,,,,Vietnam,VN,,no,,,male,,0,0
KH01698,17447476,,,,,,,,,Vietnam,VN,,no,,,male,,0,0
KH01699,17447477,,,,,,,,,Vietnam,VN,,no,,,male,,0,0
KH01700,17447478,,,,,,,,,Vietnam,VN,,no,,,male,,0,0
KH01701,17447479,,,,,,,,,Vietnam,VN,,no,,,male,,0,0
KH01702,17447480,,,,,,,,,Vietnam,VN,,no,,,female,,0,0
KH01703,17447481,,,,,,,,,Vietnam,VN,,no,,,male,,0,0
KH01704,17447482,,,,,,,,,Vietnam,VN,,no,,,male,,0,0
KH01705,17447483,,,,,,,,,Vietnam,VN,,no,,,male,,0,0
KH01706,17447484,,,,,,,,,Vietnam,VN,,no,,,male,,0,0
KH01707,17447485,,,,,,,,,Vietnam,VN,,no,,,other,,0,0
KH01708,17447486,,,,,,,,,Vietnam,VN,,no,,,female,,0,0
KH01709,17447487,,,,,,,,,Vietnam,VN,,no,,,male,,0,0
KH01710,17447488,,,,,,,,,Vietnam,VN,,no,,,male,,0,0
KH01711,17447489,,,,,,,,,Vietnam,VN,,no,,,male,,0,0
KH01712,17447490,,,,,,,,,,,,no,,,male,,0,0
KH01713,17447491,,,,,,,,,,,,no,,,female,,0,0
KH01714,17447492,,,,,,,,,,,,no,,,male,,0,0
KH01715,17447493,,,,,,,,,Vietnam,VN,,no,,,male,,0,0
KH01716,17447494,,,,,,,,,Vietnam,VN,,no,,,female,,0,0
KH01717,17447495,,,,,,,,,Vietnam,VN,,no,,,male,,0,0
KH01718,17447496,,,,,,,,,,,,no,,,female,,0,0
KH01719,17447497,,,,,,,,,,,,no,,,male,,0,0
KH01720,17447498,,,,,,,,,Vietnam,VN,,no,,,male,,0,0
KH01721,17447499,,,,,,,,,Vietnam,VN,,no,,,male,,0,0
KH01722,17447500,,,,,,,,,Vietnam,VN,,no,,,male,,0,0
KH01723,17447501,,,,,,,,,Vietnam,VN,,no,,,female,,0,0
KH01724,17447502,,,,,,,,,Vietnam,VN,,no,,,male,,0,0
KH01725,17447503,,,,,,,,,,,,no,,,other,,0,0
KH01726,17447504,,,,,,,,,Vietnam,VN,,no,,,male,,0,0
KH01727,17447505,,,,,,,,,,,,no,,,female,,0,0
KH01728,17447506,,,,,,,,,,,,no,,,female,,0,0
KH01729,17447507,,,,,,,,,,,,no,,,male,,0,0
KH01730,17447508,,,,,,,,,Vietnam,VN,,no,,,male,,0,0
KH01731,17447509,,,,,,,,,Vietnam,VN,,no,,,male,,0,0
KH01732,17447510,,,,,,,,,Vietnam,VN,,no,,,male,,0,0
KH01733,17447511,,,,,,,,,Vietnam,VN,,no,,,female,,0,0
KH01734,17447512,,,,,,,,,Vietnam,VN,,no,,,male,,0,0
KH01735,17447513,,,,,,,,,Vietnam,VN,,no,,,male,,0,0
KH01736,17447514,,,,,,,,,Vietnam,VN,,no,,,male,,0,0
KH01737,17447515,,,,,,,,,Vietnam,VN,,no,,,male,,0,0
KH01738,17447516,,,,,,,,,Vietnam,VN,,no,,,male,,0,0
KH01739,17447517,,,,,,,,,Vietnam,VN,,no,,,male,,0,0
KH01740,17447518,,,,,,,,,,,,no,,,male,,1210000,1
KH01741,17447519,,,,,,,,,,,,no,,,male,,0,0
KH01742,17447520,,,,,,,,,,,,no,,,female,,0,0
KH01743,17447521,,,,,,,,,,,,no,,,male,,0,0
KH01744,17447522,,TP Hồ Chí Minh,TP Hồ Chí Minh,2.0,Quận Bình Thạnh,45.0,Phường 25,9284.0,Vietnam,VN,,no,,,female,,1390000,2
KH01745,17447523,,,,,,,,,,,,no,,,female,,0,0
KH01746,17447524,,,,,,,,,,,,no,,,male,,5518400,14
KH01747,17447525,,,,,,,,,,,,no,,,male,,0,0
KH01748,17447526,,,,,,,,,Vietnam,VN,,no,,,male,,0,0
KH01749,17447527,,,,,,,,,,,,no,,,female,,0,0
KH01750,17447528,,,,,,,,,Vietnam,VN,,no,,,male,,0,0
KH01751,17447529,,,,,,,,,Vietnam,VN,,no,,,male,,0,0
KH01752,17447530,,,,,,,,,,,,no,,,female,,0,0
KH01753,17447531,,,,,,,,,,,,no,,,female,,0,0
KH01754,17447532,,,,,,,,,Vietnam,VN,,no,,,male,,0,0
KH01755,17447533,,,,,,,,,,,,no,,,male,,0,0
KH01756,17447534,,,,,,,,,,,,no,,,male,,0,0
KH01757,17447535,,,,,,,,,,,,no,,,male,,0,0
KH01758,17447536,,TP Hồ Chí Minh,TP Hồ Chí Minh,2.0,Quận 7,36.0,Phường Tân Phong,9474.0,Vietnam,VN,,no,sapo_social,Nhà hàng Eddie's New York Deli & Diner (Quận 1),female,,57488300,30
KH01759,17447537,,,,,,,,,Vietnam,VN,,no,,,female,,0,0
KH01760,17447538,,,,,,,,,Vietnam,VN,,no,,,male,,0,0
KH01761,17447539,,,,,,,,,,,,no,,,male,,0,0
KH01762,17447540,,,,,,,,,Vietnam,VN,,no,,,male,,3595000,3
KH01763,17447541,,,,,,,,,Vietnam,VN,,no,,,male,,0,0
KH01764,17447542,,,,,,,,,Vietnam,VN,,no,,,male,,0,0
KH01765,17447543,,,,,,,,,Vietnam,VN,,no,,,male,,0,0
KH01766,17447544,,,,,,,,,,,,no,,,female,,0,0
KH01767,17447545,,,,,,,,,Vietnam,VN,,no,,,male,,0,0
KH01768,17447546,,,,,,,,,,,,no,,,male,,0,0
KH01769,17447547,,,,,,,,,,,,no,,,male,,0,0
KH01770,17447548,,,,,,,,,,,,no,,,female,,0,0
KH01771,17447549,,,,,,,,,,,,no,,,male,,0,0
KH01772,17447550,,,,,,,,,Vietnam,VN,,no,,,male,,0,0
KH01773,17447551,,,,,,,,,Vietnam,VN,,no,,,male,,0,0
KH01774,17447552,,,,,,,,,Vietnam,VN,,no,,,other,,0,0
KH01775,17447553,,,,,,,,,Vietnam,VN,,no,,,female,,0,0
KH01776,17447554,,,,,,,,,Vietnam,VN,,no,,,female,,0,0
KH01777,17447555,,,,,,,,,Vietnam,VN,,no,,,male,,0,0
KH01778,17447556,,,,,,,,,Vietnam,VN,,no,,,female,,3149000,3
KH01779,17447557,,,,,,,,,Vietnam,VN,,no,,,male,,0,0
KH01780,17447558,,,,,,,,,Vietnam,VN,,no,,,male,,0,0
KH01781,17447559,,,,,,,,,Vietnam,VN,,no,,,male,,0,0
KH01782,17447560,,,,,,,,,,,,no,,,male,,0,0
KH01783,17447561,,,,,,,,,Vietnam,VN,,no,,,male,,0,0
KH01784,17447562,,,,,,,,,Vietnam,VN,,no,,,female,,0,0
KH01785,17447563,,,,,,,,,Vietnam,VN,,no,,,female,,0,0
KH01786,17447564,,,,,,,,,Vietnam,VN,,no,,,male,,0,0
KH01787,17447565,,,,,,,,,,,,no,,,female,,0,0
KH01788,17447566,,,,,,,,,,,,no,,,male,,0,0
KH01789,17447567,,,,,,,,,,,,no,,,male,,0,0
KH01790,17447568,,,,,,,,,Vietnam,VN,,no,,,male,,0,0
KH01791,17447569,,,,,,,,,,,,no,,,male,,0,0
KH01792,17447570,,,,,,,,,,,,no,,,female,,0,0
KH01793,17447571,,,,,,,,,Vietnam,VN,,no,,,female,,0,0
KH01794,17447572,,,,,,,,,Vietnam,VN,,no,,,female,,0,0
KH01795,17447573,,TP Hồ Chí Minh,TP Hồ Chí Minh,2.0,Quận 10,39.0,Phường 11,9369.0,Vietnam,VN,,no,sapo_social,,female,,15752800,4
KH01796,17447574,,,,,,,,,,,,no,,,male,,0,0
KH01797,17447575,,,,,,,,,Vietnam,VN,,no,,,male,,0,0
KH01798,17447576,,,,,,,,,,,,no,,,male,,0,0
KH01799,17447577,,,,,,,,,Vietnam,VN,,no,,,male,,0,0
KH01800,17447578,,TP Hồ Chí Minh,TP Hồ Chí Minh,2.0,Quận Bình Thạnh,45.0,Phường 24,9287.0,Vietnam,VN,,no,,,male,,830000,2
KH01801,17447579,,,,,,,,,,,,no,,,male,,0,0
KH01802,17447580,,,,,,,,,Vietnam,VN,,no,,,male,,0,0
KH01803,17447581,,,,,,,,,,,,no,,,male,,0,0
KH01804,17447582,,,,,,,,,Vietnam,VN,,no,,,male,,0,0
KH01805,17447583,,,,,,,,,,,,no,,,female,,0,0
KH01806,17447584,,,,,,,,,Vietnam,VN,,no,,,female,,0,0
KH01807,17447585,,,,,,,,,Vietnam,VN,,no,,,male,,1060000,2
KH01808,17447586,,,,,,,,,Vietnam,VN,,no,,,male,,865000,2
KH01809,17447587,,,,,,,,,,,,no,,,female,,0,0
KH01810,17447588,,,,,,,,,Vietnam,VN,,no,,,female,,0,0
KH01811,17447589,,,,,,,,,Vietnam,VN,,no,,,male,,0,0
KH01812,17447590,,,,,,,,,Vietnam,VN,,no,,,male,,0,0
KH01813,17447591,,,,,,,,,,,,no,,,male,,0,0
KH01814,17447592,,,,,,,,,Vietnam,VN,,no,,,male,,0,0
KH01815,17447593,,,,,,,,,,,,no,,,male,,0,0
KH01816,17447594,,,,,,,,,Vietnam,VN,,no,,,male,,0,0
KH01817,17447595,,TP Hồ Chí Minh,TP Hồ Chí Minh,2.0,Huyện Bình Chánh,51.0,Xã Bình Hưng,9517.0,Vietnam,VN,,no,sapo_social,,female,,1265000,1
KH01818,17447596,,,,,,,,,Vietnam,VN,,no,,,male,,0,0
KH01819,17447597,,,,,,,,,,,,no,,,male,,0,0
KH01820,17447598,,,,,,,,,Vietnam,VN,,no,,,male,,0,0
KH01821,17447599,,,,,,,,,Vietnam,VN,,no,,,male,,0,0
KH01822,17447600,,,,,,,,,Vietnam,VN,,no,,,male,,0,0
KH01823,17447601,,,,,,,,,Vietnam,VN,,no,,,male,,0,0
KH01824,17447602,,,,,,,,,Vietnam,VN,,no,,,male,,0,0
KH01825,17447603,,,,,,,,,,,,no,,,male,,0,0
KH01826,17447604,,,,,,,,,,,,no,,,male,,0,0
KH01827,17447605,,,,,,,,,Vietnam,VN,,no,,,male,,0,0
KH01828,17447606,,,,,,,,,,,,no,,,male,,0,0
KH01829,17447607,,,,,,,,,,,,no,,,male,,1750000,1
KH01830,17447608,,,,,,,,,,,,no,,,female,,0,0
KH01831,17447609,,,,,,,,,,,,no,,,male,,850000,1
KH01832,17447610,,,,,,,,,Vietnam,VN,,no,,,male,,1760000,1
KH01833,17447611,,,,,,,,,Vietnam,VN,,no,,,male,,0,0
KH01834,17447612,,,,,,,,,Vietnam,VN,,no,,,male,,0,0
KH01835,17447613,,,,,,,,,Vietnam,VN,,no,,,female,,0,0
KH01836,17447614,,,,,,,,,,,,no,,,female,,0,0
KH01837,17447615,,,,,,,,,,,,no,,,male,,0,0
KH01838,17447616,,,,,,,,,,,,no,,,male,,0,0
KH01839,17447617,,,,,,,,,,,,no,,,female,,0,0
KH01840,17447618,,,,,,,,,Vietnam,VN,,no,,,male,,0,0
KH01841,17447619,,,,,,,,,Vietnam,VN,,no,,,male,,0,0
KH01842,17447620,,,,,,,,,,,,no,,,female,,0,0
KH01843,17447621,,,,,,,,,Vietnam,VN,,no,,,male,,0,0
KH01844,17447622,,,,,,,,,Vietnam,VN,,no,,,male,,0,0
KH01845,17447623,,,,,,,,,Vietnam,VN,,no,,,female,,0,0
KH01846,17447624,,,,,,,,,Vietnam,VN,,no,,,male,,0,0
KH01847,17447625,,,,,,,,,Vietnam,VN,,no,,,male,,0,0
KH01848,17447626,,,,,,,,,Vietnam,VN,,no,,,female,,0,0
KH01849,17447627,,,,,,,,,,,,no,,,male,,0,0
KH01850,17447628,,,,,,,,,Vietnam,VN,,no,,,male,,0,0
KH01851,17447629,,,,,,,,,,,,no,,,female,,0,0
KH01852,17447630,,,,,,,,,,,,no,,,male,,0,0
KH01853,17447631,,,,,,,,,,,,no,,,male,,0,0
KH01854,17447632,,,,,,,,,Vietnam,VN,,no,,,female,,0,0
KH01855,17447633,,,,,,,,,,,,no,,,male,,0,0
KH01856,17447634,,,,,,,,,,,,no,,,male,,0,0
KH01857,17447635,,,,,,,,,,,,no,,,female,,0,0
KH01858,17447636,,,,,,,,,Vietnam,VN,,no,,,male,,0,0
KH01859,17447637,,,,,,,,,Vietnam,VN,,no,,,male,,0,0
KH01860,17447638,,,,,,,,,Vietnam,VN,,no,,,male,,0,0
KH01861,17447639,,,,,,,,,,,,no,,,male,,0,0
KH01862,17447640,,,,,,,,,,,,no,,,female,,0,0
KH01863,17447641,,,,,,,,,Vietnam,VN,,no,,,female,,0,0
KH01864,17447642,,,,,,,,,Vietnam,VN,,no,,,male,,0,0
KH01865,17447643,,,,,,,,,,,,no,,,male,,0,0
KH01866,17447644,,,,,,,,,Vietnam,VN,,no,,,female,,0,0
KH01867,17447645,,,,,,,,,Vietnam,VN,,no,,,male,,0,0
KH01868,17447646,,,,,,,,,Vietnam,VN,,no,,,male,,0,0
KH01869,17447647,,,,,,,,,Vietnam,VN,,no,,,male,,0,0
KH01870,17447648,,,,,,,,,Vietnam,VN,,no,,,male,,0,0
KH01871,17447649,,,,,,,,,Vietnam,VN,,no,,,male,,0,0
KH01872,17447650,,,,,,,,,Vietnam,VN,,no,,,male,,0,0
KH01873,17447651,,,,,,,,,Vietnam,VN,,no,,,female,,0,0
KH01874,17447652,,,,,,,,,Vietnam,VN,,no,,,male,,0,0
KH01875,17447653,,,,,,,,,Vietnam,VN,,no,,,male,,0,0
KH01876,17447654,,TP Hồ Chí Minh,TP Hồ Chí Minh,2.0,Quận 1,30.0,Phường Nguyễn Thái Bình,9221.0,Vietnam,VN,,no,sapo_social,,male,,3535000,5
KH01877,17447655,,,,,,,,,Vietnam,VN,,no,,,female,,0,0
KH01878,17447656,,,,,,,,,Vietnam,VN,,no,,,male,,0,0
KH01879,17447657,,,,,,,,,Vietnam,VN,,no,,,male,,0,0
KH01880,17447658,,,,,,,,,,,,no,,,male,,0,0
KH01881,17447659,,,,,,,,,,,,no,,,male,,0,0
KH01882,17447660,,,,,,,,,,,,no,,,male,,0,0
KH01883,17447661,,,,,,,,,,,,no,,,male,,0,0
KH01884,17447662,,,,,,,,,,,,no,,,male,,0,0
KH01885,17447663,,,,,,,,,,,,no,,,male,,0,0
KH01886,17447664,,,,,,,,,Vietnam,VN,,no,,,male,,0,0
KH01887,17447665,,,,,,,,,Vietnam,VN,,no,,,female,,0,0
KH01888,17447666,,,,,,,,,Vietnam,VN,,no,,,male,,0,0
KH01889,17447667,,,,,,,,,Vietnam,VN,,no,,,male,,0,0
KH01890,17447668,,,,,,,,,Vietnam,VN,,no,,,male,,0,0
KH01891,17447669,,,,,,,,,,,,no,,,female,,0,0
KH01892,17447670,,,,,,,,,Vietnam,VN,,no,,,female,,0,0
KH01893,17447671,,,,,,,,,Vietnam,VN,,no,,,female,,0,0
KH01894,17447672,,,,,,,,,Vietnam,VN,,no,,,male,,0,0
KH01895,17447673,,,,,,,,,,,,no,,,male,,0,0
KH01896,17447674,,,,,,,,,,,,no,,,male,,0,0
KH01897,17447675,,,,,,,,,Vietnam,VN,,no,,,male,,0,0
KH01898,17447676,,,,,,,,,,,,no,,,male,,0,0
KH01899,17447677,,,,,,,,,,,,no,,,male,,0,0
KH01900,17447678,,,,,,,,,,,,no,,,male,,0,0
KH01901,17447679,,,,,,,,,Vietnam,VN,,no,,,male,,0,0
KH01902,17447680,,,,,,,,,,,,no,,,male,,0,0
KH01903,17447681,,,,,,,,,Vietnam,VN,,no,,,male,,0,0
KH01904,17447682,,,,,,,,,Vietnam,VN,,no,,,male,,0,0
KH01905,17447683,,,,,,,,,Vietnam,VN,,no,,,female,,0,0
KH01906,17447684,,,,,,,,,,,,no,,,male,,0,0
KH01907,17447685,,,,,,,,,,,,no,,,male,,0,0
KH01908,17447686,,,,,,,,,,,,no,,,male,,0,0
KH01909,17447687,,,,,,,,,Vietnam,VN,,no,,,female,,0,0
KH01910,17447688,,,,,,,,,,,,no,,,male,,0,0
KH01911,17447689,,,,,,,,,Vietnam,VN,,no,,,female,,0,0
KH01912,17447690,,,,,,,,,Vietnam,VN,,no,,,female,,0,0
KH01913,17447691,,,,,,,,,Vietnam,VN,,no,,,female,,0,0
KH01914,17447692,,,,,,,,,Vietnam,VN,,no,,,male,,0,0
KH01915,17447693,,,,,,,,,Vietnam,VN,,no,,,female,,0,0
KH01916,17447694,,,,,,,,,Vietnam,VN,,no,,,male,,0,0
KH01917,17447695,,,,,,,,,,,,no,,,male,,0,0
KH01918,17447696,,,,,,,,,,,,no,,,male,,0,0
KH01919,17447697,,,,,,,,,,,,no,,,other,,0,0
KH01920,17447698,,,,,,,,,,,,no,,,male,,0,0
KH01921,17447699,,,,,,,,,,,,no,,,male,,425000,1
KH01922,17447700,,,,,,,,,,,,no,,,male,,0,0
KH01923,17447701,,,,,,,,,,,,no,,,female,,0,0
KH01924,17447702,,,,,,,,,,,,no,,,female,,0,0
KH01925,17447703,,,,,,,,,,,,no,,,male,,0,0
KH01926,17447704,,,,,,,,,,,,no,,,male,,1385000,3
KH01927,17447705,,,,,,,,,,,,no,,,male,,0,0
KH01928,17447706,,,,,,,,,,,,no,,,male,,0,0
KH01929,17447707,,,,,,,,,,,,no,,,male,,0,0
KH01930,17447708,,,,,,,,,,,,no,,,male,,0,0
KH01931,17447709,,,,,,,,,,,,no,,,male,,0,0
KH01932,17447710,,,,,,,,,,,,no,,,male,,0,0
KH01933,17447711,,,,,,,,,Vietnam,VN,,no,,,male,,0,0
KH01934,17447712,,,,,,,,,Vietnam,VN,,no,,,male,,0,0
KH01935,17447713,,,,,,,,,,,,no,,,male,,0,0
KH01936,17447714,,,,,,,,,,,,no,,,male,,0,0
KH01937,17447715,,,,,,,,,,,,no,,,female,,0,0
KH01938,17447716,,,,,,,,,,,,no,,,male,,0,0
KH01939,17447717,,,,,,,,,Vietnam,VN,,no,,,female,,0,0
KH01940,17447718,,,,,,,,,,,,no,,,male,,0,0
KH01941,17447719,,,,,,,,,Vietnam,VN,,no,,,female,,0,0
KH01942,17447720,,,,,,,,,Vietnam,VN,,no,,,female,,0,0
KH01943,17447721,,,,,,,,,Vietnam,VN,,no,,,male,,0,0
KH01944,17447722,,,,,,,,,Vietnam,VN,,no,,,female,,0,0
KH01945,17447723,,,,,,,,,Vietnam,VN,,no,,,male,,0,0
KH01946,17447724,,,,,,,,,,,,no,,,male,,0,0
KH01947,17447725,,,,,,,,,Vietnam,VN,,no,,,male,,0,0
KH01948,17447726,,,,,,,,,Vietnam,VN,,no,,,male,,0,0
KH01949,17447728,,,,,,,,,Vietnam,VN,,no,,,female,,0,0
KH01950,17447729,,,,,,,,,Vietnam,VN,,no,,,male,,0,0
KH01951,17447730,,,,,,,,,Vietnam,VN,,no,,,male,,0,0
KH01952,17447731,,,,,,,,,,,,no,,,male,,0,0
KH01953,17447732,,,,,,,,,,,,no,,,female,,0,0
KH01954,17447733,,,,,,,,,Vietnam,VN,,no,,,female,,0,0
KH01955,17447734,,,,,,,,,Vietnam,VN,,no,,,male,,0,0
KH01956,17447735,,,,,,,,,Vietnam,VN,,no,,,male,,0,0
KH01957,17447736,,,,,,,,,,,,no,,,male,,0,0
KH01958,17447737,,,,,,,,,,,,no,,,male,,0,0
KH01959,17447738,,,,,,,,,Vietnam,VN,,no,,,female,,0,0
KH01960,17447739,,,,,,,,,,,,no,,,male,,0,0
KH01961,17447740,,,,,,,,,Vietnam,VN,,no,,,female,,0,0
KH01962,17447741,,,,,,,,,Vietnam,VN,,no,,,male,,0,0
KH01963,17447742,,,,,,,,,Vietnam,VN,,no,,,male,,0,0
KH01964,17447743,,,,,,,,,,,,no,,,male,,6881180,1
KH01965,17447744,,,,,,,,,,,,no,,,male,,0,0
KH01966,17447745,,,,,,,,,Vietnam,VN,,no,,,female,,0,0
KH01967,17447746,,,,,,,,,Vietnam,VN,,no,,,male,,0,0
KH01968,17447747,,,,,,,,,,,,no,,,male,,0,0
KH01969,17447748,,,,,,,,,,,,no,,,female,,0,0
KH01970,17447749,,,,,,,,,,,,no,,,male,,0,0
KH01971,17447750,,,,,,,,,Vietnam,VN,,no,,,male,,520000,1
KH01972,17447751,,,,,,,,,,,,no,,,female,,0,0
KH01973,17447752,,,,,,,,,Vietnam,VN,,no,,,male,,0,0
KH01974,17447753,,,,,,,,,Vietnam,VN,,no,,,male,,0,0
KH01975,17447754,,,,,,,,,Vietnam,VN,,no,,,male,,0,0
KH01976,17447755,,,,,,,,,Vietnam,VN,,no,,,male,,0,0
KH01977,17447756,,,,,,,,,Vietnam,VN,,no,,,male,,0,0
KH01978,17447757,,,,,,,,,Vietnam,VN,,no,,,female,,0,0
KH01979,17447758,,,,,,,,,Vietnam,VN,,no,,,male,,0,0
KH01980,17447759,,,,,,,,,Vietnam,VN,,no,,,male,,0,0
KH01981,17447760,,,,,,,,,Vietnam,VN,,no,,,male,,0,0
KH01982,17447761,,,,,,,,,,,,no,,,male,,0,0
KH01983,17447762,,,,,,,,,Vietnam,VN,,no,,,male,,0,0
KH01984,17447763,,,,,,,,,Vietnam,VN,,no,,,female,,0,0
KH01985,17447764,,,,,,,,,Vietnam,VN,,no,,,male,,0,0
KH01986,17447765,,,,,,,,,Vietnam,VN,,no,,,female,,0,0
KH01987,17447766,,,,,,,,,,,,no,,,female,,0,0
KH01988,17447767,,,,,,,,,Vietnam,VN,,no,,,male,,0,0
KH01989,17447768,,,,,,,,,Vietnam,VN,,no,,,male,,0,0
KH01990,17447769,,,,,,,,,Vietnam,VN,,no,,,male,,0,0
KH01991,17447770,,,,,,,,,Vietnam,VN,,no,,,female,,0,0
KH01992,17447771,,,,,,,,,Vietnam,VN,,no,,,male,,0,0
KH01993,17447772,,,,,,,,,Vietnam,VN,,no,,,male,,425000,1
KH01994,17447773,,,,,,,,,Vietnam,VN,,no,,,male,,0,0
KH01995,17447774,,,,,,,,,,,,no,,,male,,0,0
KH01996,17447775,,,,,,,,,,,,no,,,male,,0,0
KH01997,17447776,,,,,,,,,Vietnam,VN,,no,,,male,,0,0
KH01998,17447777,,,,,,,,,Vietnam,VN,,no,,,male,,0,0
KH01999,17447778,,,,,,,,,Vietnam,VN,,no,,,male,,0,0
KH02000,17447779,,,,,,,,,,,,no,,,male,,0,0
KH02001,17447780,,,,,,,,,,,,no,,,female,,0,0
KH02002,17447781,,,,,,,,,,,,no,,,male,,0,0
KH02003,17447782,,,,,,,,,Vietnam,VN,,no,,,female,,0,0
KH02004,17447783,,,,,,,,,,,,no,,,male,,0,0
KH02005,17447784,,,,,,,,,,,,no,,,male,,0,0
KH02006,17447785,,,,,,,,,,,,no,,,other,,0,0
KH02007,17447786,,,,,,,,,Vietnam,VN,,no,,,male,,0,0
KH02008,17447787,,,,,,,,,Vietnam,VN,,no,,,female,,0,0
KH02009,17447788,,,,,,,,,,,,no,,,female,,0,0
KH02010,17447789,,,,,,,,,,,,no,,,male,,0,0
KH02011,17447790,,,,,,,,,,,,no,,,male,,0,0
KH02012,17447791,,,,,,,,,,,,no,,,male,,0,0
KH02013,17447792,,,,,,,,,Vietnam,VN,,no,,,male,,0,0
KH02014,17447793,,,,,,,,,Vietnam,VN,,no,,,male,,0,0
KH02015,17447794,,,,,,,,,Vietnam,VN,,no,,,female,,0,0
KH02016,17447795,,,,,,,,,,,,no,,,male,,0,0
KH02017,17447796,,,,,,,,,Vietnam,VN,,no,,,male,,0,0
KH02018,17447797,,,,,,,,,,,,no,,,male,,0,0
KH02019,17447798,,,,,,,,,Vietnam,VN,,no,,,male,,0,0
KH02020,17447799,,,,,,,,,Vietnam,VN,,no,,,male,,0,0
KH02021,17447800,,,,,,,,,,,,no,,,female,,0,0
KH02022,17447801,,,,,,,,,Vietnam,VN,,no,,,male,,0,0
KH02023,17447802,,,,,,,,,Vietnam,VN,,no,,,male,,0,0
KH02024,17447803,,,,,,,,,Vietnam,VN,,no,,,male,,0,0
KH02025,17447804,,,,,,,,,Vietnam,VN,,no,,,male,,340000,1
KH02026,17447805,,,,,,,,,Vietnam,VN,,no,,,female,,0,0
KH02027,17447806,,,,,,,,,Vietnam,VN,,no,,,female,,0,0
KH02028,17447807,,,,,,,,,Vietnam,VN,,no,,,male,,0,0
KH02029,17447808,,,,,,,,,,,,no,,,male,,0,0
KH02030,17447809,,,,,,,,,Vietnam,VN,,no,,,male,,0,0
KH02031,17447810,,,,,,,,,Vietnam,VN,,no,,,male,,0,0
KH02032,17447811,,,,,,,,,Vietnam,VN,,no,,,male,,360000,1
KH02033,17447812,,,,,,,,,Vietnam,VN,,no,,,male,,0,0
KH02034,17447813,,,,,,,,,Vietnam,VN,,no,,,male,,0,0
KH02035,17447814,,,,,,,,,Vietnam,VN,,no,,,male,,0,0
KH02036,17447815,,,,,,,,,Vietnam,VN,,no,,,male,,0,0
KH02037,17447816,,,,,,,,,Vietnam,VN,,no,,,male,,0,0
KH02038,17447817,,,,,,,,,Vietnam,VN,,no,,,female,,0,0
KH02039,17447818,,,,,,,,,,,,no,,,male,,660000,1
KH02040,17447819,,,,,,,,,,,,no,,,male,,0,0
KH02041,17447820,,,,,,,,,Vietnam,VN,,no,,,male,,0,0
KH02042,17447821,,,,,,,,,Vietnam,VN,,no,,,female,,1107000,1
KH02043,17447822,,,,,,,,,Vietnam,VN,,no,,,male,,0,0
KH02044,17447824,,,,,,,,,Vietnam,VN,,no,,,male,,0,0
KH02045,17447825,,,,,,,,,,,,no,,,male,,0,0
KH02046,17447826,,,,,,,,,Vietnam,VN,,no,,,male,,0,0
KH02047,17447827,,,,,,,,,,,,no,,,female,,0,0
KH02048,17447828,,,,,,,,,,,,no,,,male,,0,0
KH02049,17447829,,,,,,,,,Vietnam,VN,,no,,,male,,0,0
KH02050,17447830,,,,,,,,,Vietnam,VN,,no,,,female,,0,0
KH02051,17447831,,,,,,,,,Vietnam,VN,,no,,,female,,0,0
KH02052,17447832,,,,,,,,,,,,no,,,male,,0,0
KH02053,17447833,,,,,,,,,,,,no,,,male,,0,0
KH02054,17447834,,,,,,,,,,,,no,,,male,,0,0
KH02055,17447835,,,,,,,,,,,,no,,,male,,0,0
KH02056,17447836,,,,,,,,,Vietnam,VN,,no,,,male,,0,0
KH02057,17447837,,,,,,,,,,,,no,,,female,,0,0
KH02058,17447838,,,,,,,,,Vietnam,VN,,no,,,female,,0,0
KH02059,17447839,,,,,,,,,,,,no,,,male,,0,0
KH02060,17447840,,,,,,,,,,,,no,,,female,,0,0
KH02061,17447841,,,,,,,,,,,,no,,,male,,0,0
KH02062,17447842,,,,,,,,,Vietnam,VN,,no,,,other,,0,0
KH02063,17447843,,,,,,,,,Vietnam,VN,,no,,,male,,0,0
KH02064,17447844,,,,,,,,,Vietnam,VN,,no,,,male,,0,0
KH02065,17447845,,,,,,,,,Vietnam,VN,,no,,,male,,0,0
KH02066,17447846,,,,,,,,,,,,no,,,male,,0,0
KH02067,17447847,,,,,,,,,Vietnam,VN,,no,,,male,,0,0
KH02068,17447848,,,,,,,,,Vietnam,VN,,no,,,female,,0,0
KH02069,17447849,,,,,,,,,,,,no,,,female,,0,0
KH02070,17447850,,,,,,,,,Vietnam,VN,,no,,,male,,0,0
KH02071,17447851,,,,,,,,,,,,no,,,male,,0,0
KH02072,17447852,,,,,,,,,,,,no,,,male,,0,0
KH02073,17447853,,,,,,,,,,,,no,,,male,,0,0
KH02074,17447854,,,,,,,,,,,,no,,,male,,0,0
KH02075,17447855,,,,,,,,,,,,no,,,male,,0,0
KH02076,17447856,,,,,,,,,,,,no,,,male,,0,0
KH02077,17447857,,,,,,,,,,,,no,,,female,,0,0
KH02078,17447858,,,,,,,,,,,,no,,,male,,0,0
KH02079,17447859,,,,,,,,,,,,no,,,male,,0,0
KH02080,17447860,,,,,,,,,,,,no,,,male,,0,0
KH02081,17447861,,,,,,,,,,,,no,,,female,,0,0
KH02082,17447862,,,,,,,,,,,,no,,,female,,0,0
KH02083,17447863,,,,,,,,,,,,no,,,male,,0,0
KH02084,17447864,,,,,,,,,,,,no,,,male,,0,0
KH02085,17447865,,,,,,,,,,,,no,,,male,,0,0
KH02086,17447866,,,,,,,,,,,,no,,,male,,0,0
KH02087,17447867,,,,,,,,,,,,no,,,male,,0,0
KH02088,17447868,,,,,,,,,,,,no,,,female,,0,0
KH02089,17447869,,,,,,,,,,,,no,,,female,,0,0
KH02090,17447870,,,,,,,,,,,,no,,,female,,0,0
KH02091,17447871,,,,,,,,,,,,no,,,male,,0,0
KH02092,17447872,,,,,,,,,,,,no,,,male,,0,0
KH02093,17447873,,,,,,,,,,,,no,,,female,,0,0
KH02094,17447874,,,,,,,,,,,,no,,,male,,0,0
KH02095,17447875,,,,,,,,,,,,no,,,female,,0,0
KH02096,17447876,,,,,,,,,,,,no,,,male,,0,0
KH02097,17447877,,,,,,,,,,,,no,,,male,,0,0
KH02098,17447878,,,,,,,,,,,,no,,,male,,0,0
KH02099,17447879,,,,,,,,,,,,no,,,male,,0,0
KH02100,17447880,,,,,,,,,,,,no,,,male,,0,0
KH02101,17447881,,,,,,,,,,,,no,,,male,,0,0
KH02102,17447882,,,,,,,,,,,,no,,,female,,0,0
KH02103,17447883,,,,,,,,,,,,no,,,female,,0,0
KH02104,17447884,,,,,,,,,,,,no,,,female,,0,0
KH02105,17447885,,,,,,,,,,,,no,,,male,,0,0
KH02106,17447886,,,,,,,,,,,,no,,,male,,0,0
KH02107,17447887,,,,,,,,,,,,no,,,male,,0,0
KH02108,17447888,,,,,,,,,,,,no,,,male,,0,0
KH02109,17447889,,,,,,,,,,,,no,,,male,,0,0
KH02110,17447890,,,,,,,,,,,,no,,,male,,0,0
KH02111,17447891,,,,,,,,,,,,no,,,female,,0,0
KH02112,17447892,,,,,,,,,,,,no,,,male,,0,0
KH02113,17447893,,,,,,,,,,,,no,,,female,,0,0
KH02114,17447894,,,,,,,,,,,,no,,,male,,0,0
KH02115,17447895,,,,,,,,,,,,no,,,male,,0,0
KH02116,17447896,,,,,,,,,,,,no,,,female,,0,0
KH02117,17447897,,Bình Dương,Bình Dương,10.0,,,,,Vietnam,VN,,no,,,male,,0,0
KH02118,17447898,,,,,,,,,,,,no,,,female,,0,0
KH02119,17447899,,,,,,,,,,,,no,,,female,,0,0
KH02120,17447900,,,,,,,,,,,,no,,,male,,0,0
KH02121,17447901,,,,,,,,,,,,no,,,female,,0,0
KH02122,17447902,,,,,,,,,,,,no,,,male,,0,0
KH02123,17447903,,,,,,,,,,,,no,,,male,,0,0
KH02124,17447904,,,,,,,,,,,,no,,,male,,0,0
KH02125,17447905,,,,,,,,,,,,no,,,female,,0,0
KH02126,17447906,,,,,,,,,,,,no,,,male,,0,0
KH02127,17447907,,,,,,,,,,,,no,,,male,,0,0
KH02128,17447908,,,,,,,,,,,,no,,,female,,0,0
KH02129,17447909,,,,,,,,,,,,no,,,female,,0,0
KH02130,17447910,,,,,,,,,,,,no,,,male,,0,0
KH02131,17447911,,,,,,,,,,,,no,,,male,,0,0
KH02132,17447912,,,,,,,,,,,,no,,,male,,0,0
KH02133,17447913,,,,,,,,,,,,no,,,male,,0,0
KH02134,17447914,,,,,,,,,,,,no,,,male,,0,0
KH02135,17447915,,,,,,,,,,,,no,,,male,,0,0
KH02136,17447917,,,,,,,,,,,,no,,,female,,400000,1
KH02137,17447919,,,,,,,,,,,,no,,,male,,0,0
KH02138,17447921,,,,,,,,,,,,no,,,male,,0,0
KH02139,17447923,,,,,,,,,,,,no,,,other,,0,0
KH02140,17447924,,,,,,,,,,,,no,,,female,,0,0
KH02141,17447926,,,,,,,,,,,,no,,,male,,0,0
KH02142,17447928,,,,,,,,,,,,no,,,female,,0,0
KH02143,17447929,,,,,,,,,,,,no,,,female,,0,0
KH02144,17447932,,,,,,,,,,,,no,,,male,,0,0
KH02145,17447934,,,,,,,,,,,,no,,,male,,0,0
KH02146,17447936,,,,,,,,,,,,no,,,female,,0,0
KH02147,17447937,,,,,,,,,,,,no,,,male,,0,0
KH02148,17447938,,,,,,,,,,,,no,,,male,,0,0
KH02149,17447940,,,,,,,,,,,,no,,,male,,0,0
KH02150,17447942,,,,,,,,,,,,no,,,female,,0,0
KH02151,17447943,,,,,,,,,,,,no,,,male,,0,0
KH02152,17447945,,,,,,,,,,,,no,,,male,,0,0
KH02153,17447947,,,,,,,,,,,,no,,,male,,0,0
KH02154,17447948,,,,,,,,,,,,no,,,male,,0,0
KH02155,17447950,,,,,,,,,,,,no,,,female,,0,0
KH02156,17447952,,,,,,,,,,,,no,,,female,,0,0
KH02157,17447954,,,,,,,,,,,,no,,,female,,0,0
KH02158,17447956,,,,,,,,,,,,no,,,male,,0,0
KH02159,17447958,,,,,,,,,,,,no,,,male,,0,0
KH02160,17447959,,,,,,,,,,,,no,,,male,,0,0
KH02161,17447961,,,,,,,,,,,,no,,,male,,0,0
KH02162,17447963,,,,,,,,,,,,no,,,male,,0,0
KH02163,17447965,,,,,,,,,,,,no,,,female,,0,0
KH02164,17447967,,,,,,,,,,,,no,,,male,,0,0
KH02165,17447969,,,,,,,,,,,,no,,,male,,0,0
KH02166,17447971,,,,,,,,,,,,no,,,female,,0,0
KH02167,17447972,,,,,,,,,,,,no,,,female,,0,0
KH02168,17447974,,,,,,,,,,,,no,,,male,,0,0
KH02169,17447976,,,,,,,,,,,,no,,,male,,0,0
KH02170,17447978,,,,,,,,,,,,no,,,female,,0,0
KH02171,17447979,,,,,,,,,,,,no,,,male,,0,0
KH02172,17447981,,,,,,,,,,,,no,,,female,,0,0
KH02173,17447983,,TP Hồ Chí Minh,TP Hồ Chí Minh,2.0,Quận Gò Vấp,42.0,Phường 3,9278.0,Vietnam,VN,,no,,,male,,470000,1
KH02174,17447985,,,,,,,,,,,,no,,,male,,0,0
KH02175,17447986,,,,,,,,,,,,no,,,male,,0,0
KH02176,17447988,,,,,,,,,,,,no,,,male,,0,0
KH02177,17447989,,,,,,,,,,,,no,,,male,,0,0
KH02178,17447991,,,,,,,,,,,,no,,,male,,0,0
KH02179,17447993,,,,,,,,,,,,no,,,male,,0,0
KH02180,17447994,,,,,,,,,,,,no,,,female,,0,0
KH02181,17447996,,,,,,,,,,,,no,,,male,,0,0
KH02182,17447997,,,,,,,,,,,,no,,,female,,0,0
KH02183,17447999,,,,,,,,,,,,no,,,female,,0,0
KH02184,17448001,,,,,,,,,,,,no,,,male,,0,0
KH02185,17448002,,,,,,,,,,,,no,,,male,,0,0
KH02186,17448004,,,,,,,,,,,,no,,,male,,0,0
KH02187,17448006,,,,,,,,,,,,no,,,male,,0,0
KH02188,17448008,,,,,,,,,,,,no,,,female,,0,0
KH02189,17448010,,,,,,,,,,,,no,,,other,,0,0
KH02190,17448011,,,,,,,,,,,,no,,,male,,0,0
KH02191,17448013,,,,,,,,,,,,no,,,male,,0,0
KH02192,17448015,,,,,,,,,,,,no,,,female,,0,0
KH02193,17448016,,,,,,,,,,,,no,,,male,,0,0
KH02194,17448018,,,,,,,,,,,,no,,,male,,3500000,1
KH02195,17448020,,,,,,,,,,,,no,,,female,,0,0
KH02196,17448021,,,,,,,,,,,,no,,,male,,1650000,1
KH02197,17448023,,,,,,,,,,,,no,,,male,,0,0
KH02198,17448025,,,,,,,,,,,,no,,,female,,0,0
KH02199,17448027,,,,,,,,,,,,no,,,male,,0,0
KH02200,17448029,,,,,,,,,,,,no,,,male,,0,0
KH02201,17448030,,,,,,,,,,,,no,,,male,,0,0
KH02202,17448032,,,,,,,,,,,,no,,,male,,0,0
KH02203,17448033,,,,,,,,,,,,no,,,male,,0,0
KH02204,17448034,,,,,,,,,,,,no,,,female,,0,0
KH02205,17448036,,,,,,,,,,,,no,,,male,,0,0
KH02206,17448037,,,,,,,,,,,,no,,,male,,0,0
KH02207,17448038,,,,,,,,,Vietnam,VN,,no,,,female,,0,0
KH02208,17448039,,,,,,,,,,,,no,,,male,,0,0
KH02209,17448040,,,,,,,,,,,,no,,,female,,0,0
KH02210,17448041,,,,,,,,,,,,no,,,male,,0,0
KH02211,17448042,,,,,,,,,,,,no,,,male,,0,0
KH02212,17448043,,,,,,,,,,,,no,,,male,,0,0
KH02213,17448044,,,,,,,,,,,,no,,,male,,0,0
KH02214,17448045,,,,,,,,,,,,no,,,male,,0,0
KH02215,17448046,,,,,,,,,,,,no,,,male,,0,0
KH02216,17448047,,,,,,,,,,,,no,,,male,,0,0
KH02217,17448048,,,,,,,,,,,,no,,,male,,0,0
KH02218,17448049,,,,,,,,,,,,no,,,male,,0,0
KH02219,17448050,,,,,,,,,,,,no,,,male,,0,0
KH02220,17448051,,,,,,,,,,,,no,,,female,,0,0
KH02221,17448052,,,,,,,,,,,,no,,,male,,0,0
KH02222,17448053,,,,,,,,,,,,no,,,male,,0,0
KH02223,17448054,,,,,,,,,,,,no,,,female,,0,0
KH02224,17448055,,,,,,,,,,,,no,,,female,,0,0
KH02225,17448056,,,,,,,,,,,,no,,,male,,0,0
KH02226,17448057,,,,,,,,,,,,no,,,male,,0,0
KH02227,17448058,,,,,,,,,,,,no,,,male,,0,0
KH02228,17448059,,,,,,,,,,,,no,,,male,,0,0
KH02229,17448060,,,,,,,,,,,,no,,,male,,0,0
KH02230,17448061,,,,,,,,,,,,no,,,male,,0,0
KH02231,17448062,,,,,,,,,,,,no,,,female,,0,0
KH02232,17448063,,,,,,,,,,,,no,,,male,,0,0
KH02233,17448064,,,,,,,,,,,,no,,,male,,0,0
KH02234,17448065,,,,,,,,,,,,no,,,male,,0,0
KH02235,17448066,,,,,,,,,,,,no,,,male,,0,0
KH02236,17448067,,,,,,,,,,,,no,,,female,,0,0
KH02237,17448068,,,,,,,,,,,,no,,,other,,0,0
KH02238,17448069,,,,,,,,,,,,no,,,male,,0,0
KH02239,17448070,,,,,,,,,,,,no,,,male,,0,0
KH02240,17448071,,,,,,,,,,,,no,,,male,,0,0
KH02241,17448072,,,,,,,,,,,,no,,,other,,0,0
KH02242,17448073,,,,,,,,,,,,no,,,female,,0,0
KH02243,17448074,,,,,,,,,,,,no,,,female,,0,0
KH02244,17448075,,,,,,,,,,,,no,,,female,,0,0
KH02245,17448076,,,,,,,,,,,,no,,,male,,0,0
KH02246,17448077,,,,,,,,,,,,no,,,male,,0,0
KH02247,17448078,,,,,,,,,,,,no,,,male,,0,0
KH02248,17448079,,,,,,,,,,,,no,,,male,,0,0
KH02249,17448080,,,,,,,,,,,,no,,,female,,0,0
KH02250,17448081,,,,,,,,,,,,no,,,male,,0,0
KH02251,17448082,,,,,,,,,,,,no,,,male,,0,0
KH02252,17448083,,TP Hồ Chí Minh,TP Hồ Chí Minh,2.0,Quận 3,32.0,Phường Võ Thị Sáu,107463.0,Vietnam,VN,,no,,,male,,4790000,2
KH02253,17448084,,,,,,,,,,,,no,,,female,,0,0
KH02254,17448085,,,,,,,,,,,,no,,,male,,0,0
KH02255,17448086,,,,,,,,,,,,no,,,female,,0,0
KH02256,17448087,,,,,,,,,,,,no,,,female,,0,0
KH02257,17448088,,,,,,,,,,,,no,,,female,,0,0
KH02258,17448089,,,,,,,,,,,,no,,,male,,0,0
KH02259,17448090,,,,,,,,,,,,no,,,female,,0,0
KH02260,17448091,,,,,,,,,,,,no,,,male,,0,0
KH02261,17448092,,,,,,,,,,,,no,,,female,,0,0
KH02262,17448093,,,,,,,,,,,,no,,,male,,0,0
KH02263,17448094,,,,,,,,,,,,no,,,male,,0,0
KH02264,17448095,,,,,,,,,,,,no,,,male,,0,0
KH02265,17448096,,,,,,,,,,,,no,,,female,,0,0
KH02266,17448097,,,,,,,,,,,,no,,,male,,0,0
KH02267,17448098,,,,,,,,,,,,no,,,male,,0,0
KH02268,17448099,,,,,,,,,,,,no,,,female,,0,0
KH02269,17448100,,,,,,,,,,,,no,,,female,,0,0
KH02270,17448101,,,,,,,,,,,,no,,,other,,0,0
KH02271,17448102,,,,,,,,,,,,no,,,female,,0,0
KH02272,17448103,,,,,,,,,,,,no,,,female,,0,0
KH02273,17448104,,,,,,,,,,,,no,,,female,,0,0
KH02274,17448105,,,,,,,,,,,,no,,,male,,3280000,1
KH02275,17448106,,,,,,,,,Vietnam,VN,,no,,,male,,0,0
KH02276,17448107,,,,,,,,,,,,no,,,male,,0,0
KH02277,17448108,,,,,,,,,,,,no,,,male,,0,0
KH02278,17448109,,,,,,,,,,,,no,,,female,,0,0
KH02279,17448110,,,,,,,,,,,,no,,,female,,0,0
KH02280,17448111,,,,,,,,,,,,no,,,female,,0,0
KH02281,17448112,,,,,,,,,,,,no,,,male,,0,0
KH02282,17448113,,,,,,,,,,,,no,,,male,,0,0
KH02283,17448114,,,,,,,,,,,,no,,,female,,0,0
KH02284,17448115,,,,,,,,,,,,no,,,male,,0,0
KH02285,17448116,,,,,,,,,,,,no,,,female,,0,0
KH02286,17448117,,,,,,,,,,,,no,,,female,,0,0
KH02287,17448118,,,,,,,,,,,,no,,,female,,0,0
KH02288,17448119,,,,,,,,,,,,no,,,male,,0,0
KH02289,17448120,,,,,,,,,,,,no,,,male,,0,0
KH02290,17448121,,,,,,,,,,,,no,,,male,,0,0
KH02291,17448122,,,,,,,,,,,,no,,,female,,0,0
KH02292,17448123,,,,,,,,,,,,no,,,male,,0,0
KH02293,17448124,,,,,,,,,,,,no,,,male,,0,0
KH02294,17448125,,,,,,,,,,,,no,,,male,,0,0
KH02295,17448126,,,,,,,,,,,,no,,,male,,0,0
KH02296,17448127,,,,,,,,,,,,no,,,female,,0,0
KH02297,17448128,,,,,,,,,,,,no,,,male,,0,0
KH02298,17448129,,,,,,,,,,,,no,,,male,,0,0
KH02299,17448130,,,,,,,,,,,,no,,,male,,0,0
KH02300,17448131,,,,,,,,,,,,no,,,male,,0,0
KH02301,17448132,,TP Hồ Chí Minh,TP Hồ Chí Minh,2.0,Thành phố Thủ Đức,10924.0,Phường Trường Thọ,107460.0,Vietnam,VN,,no,,,male,,0,0
KH02302,17448133,,,,,,,,,,,,no,,,female,,0,0
KH02303,17448134,,,,,,,,,,,,no,,,male,,0,0
KH02304,17448135,,,,,,,,,,,,no,,,male,,0,0
KH02305,17448136,,,,,,,,,,,,no,,,male,,0,0
KH02306,17448137,,,,,,,,,,,,no,,,male,,0,0
KH02307,17448138,,,,,,,,,,,,no,,,male,,0,0
KH02308,17448139,,,,,,,,,,,,no,,,male,,0,0
KH02309,17448140,,,,,,,,,,,,no,,,male,,0,0
KH02310,17448141,,,,,,,,,,,,no,,,other,,0,0
KH02311,17448142,,,,,,,,,,,,no,,,male,,0,0
KH02312,17448143,,,,,,,,,,,,no,,,male,,0,0
KH02313,17448144,,,,,,,,,,,,no,,,female,,0,0
KH02314,17448145,,,,,,,,,,,,no,,,male,,0,0
KH02315,17448146,,,,,,,,,,,,no,,,female,,0,0
KH02316,17448147,,,,,,,,,,,,no,,,male,,0,0
KH02317,17448148,,,,,,,,,,,,no,,,female,,0,0
KH02318,17448149,,,,,,,,,,,,no,,,female,,0,0
KH02319,17448150,,,,,,,,,,,,no,,,female,,0,0
KH02320,17448151,,,,,,,,,,,,no,,,male,,0,0
KH02321,17448152,,,,,,,,,,,,no,,,male,,0,0
KH02322,17448153,,,,,,,,,,,,no,,,male,,0,0
KH02323,17448154,,,,,,,,,,,,no,,,female,,0,0
KH02324,17448155,,,,,,,,,,,,no,,,female,,0,0
KH02325,17448156,,,,,,,,,,,,no,,,male,,0,0
KH02326,17448157,,,,,,,,,,,,no,,,male,,0,0
KH02327,17448158,,,,,,,,,,,,no,,,female,,0,0
KH02328,17448159,,,,,,,,,,,,no,,,male,,0,0
KH02329,17448160,,,,,,,,,,,,no,,,male,,0,0
KH02330,17448161,,,,,,,,,,,,no,,,female,,0,0
KH02331,17448162,,,,,,,,,,,,no,,,female,,0,0
KH02332,17448163,,,,,,,,,,,,no,,,female,,0,0
KH02333,17448164,,,,,,,,,,,,no,,,male,,0,0
KH02334,17448165,,,,,,,,,,,,no,,,male,,0,0
KH02335,17448166,,,,,,,,,,,,no,,,female,,0,0
KH02336,17448167,,,,,,,,,,,,no,,,male,,0,0
KH02337,17448168,,,,,,,,,,,,no,,,female,,4035140,5
KH02338,17448169,,,,,,,,,,,,no,,,female,,0,0
KH02339,17448170,,,,,,,,,,,,no,,,male,,0,0
KH02340,17448171,,,,,,,,,,,,no,,,male,,0,0
KH02341,17448172,,,,,,,,,,,,no,,,female,,0,0
KH02342,17448173,,,,,,,,,,,,no,,,female,,0,0
KH02343,17448174,,,,,,,,,,,,no,,,male,,0,0
KH02344,17448175,,,,,,,,,,,,no,,,female,,0,0
KH02345,17448176,,,,,,,,,,,,no,,,female,,0,0
KH02346,17448177,,,,,,,,,,,,no,,,female,,0,0
KH02347,17448178,,,,,,,,,,,,no,,,female,,0,0
KH02348,17448179,,,,,,,,,,,,no,,,male,,0,0
KH02349,17448180,,,,,,,,,,,,no,,,male,,755000,1
KH02350,17448181,,,,,,,,,,,,no,,,female,,0,0
KH02351,17448182,,,,,,,,,,,,no,,,male,,0,0
KH02352,17448183,,,,,,,,,,,,no,,,female,,0,0
KH02353,17448184,,,,,,,,,,,,no,,,male,,0,0
KH02354,17448185,,,,,,,,,,,,no,,,male,,0,0
KH02355,17448186,,,,,,,,,,,,no,,,male,,0,0
KH02356,17448187,,,,,,,,,,,,no,,,male,,0,0
KH02357,17448188,,,,,,,,,,,,no,,,female,,0,0
KH02358,17448189,,,,,,,,,,,,no,,,male,,0,0
KH02359,17448190,,,,,,,,,,,,no,,,female,,0,0
KH02360,17448191,,,,,,,,,,,,no,,,male,,0,0
KH02361,17448192,,,,,,,,,,,,no,,,female,,0,0
KH02362,17448193,,,,,,,,,,,,no,,,female,,0,0
KH02363,17448194,,,,,,,,,,,,no,,,male,,0,0
KH02364,17448195,,,,,,,,,,,,no,,,male,,0,0
KH02365,17448196,,,,,,,,,,,,no,,,female,,0,0
KH02366,17448197,,,,,,,,,,,,no,,,male,,0,0
KH02367,17448198,,,,,,,,,,,,no,,,female,,0,0
KH02368,17448199,,,,,,,,,,,,no,,,male,,0,0
KH02369,17448200,,,,,,,,,,,,no,,,female,,0,0
KH02370,17448201,,,,,,,,,,,,no,,,female,,0,0
KH02371,17448202,,,,,,,,,,,,no,,,male,,0,0
KH02372,17448203,,,,,,,,,,,,no,,,female,,0,0
KH02373,17448204,,,,,,,,,,,,no,,,male,,0,0
KH02374,17448205,,,,,,,,,,,,no,,,female,,0,0
KH02375,17448206,,,,,,,,,,,,no,,,male,,0,0
KH02376,17448207,,,,,,,,,,,,no,,,male,,0,0
KH02377,17448208,,,,,,,,,,,,no,,,female,,0,0
KH02378,17448209,,,,,,,,,,,,no,,,male,,0,0
KH02379,17448210,,,,,,,,,,,,no,,,female,,0,0
KH02380,17448211,,,,,,,,,,,,no,,,female,,0,0
KH02381,17448212,,,,,,,,,,,,no,,,male,,1500000,2
KH02382,17448213,,,,,,,,,,,,no,,,male,,0,0
KH02383,17448214,,,,,,,,,,,,no,,,male,,0,0
KH02384,17448215,,,,,,,,,,,,no,,,female,,0,0
KH02385,17448216,,,,,,,,,,,,no,,,female,,0,0
KH02386,17448217,,,,,,,,,,,,no,,,male,,0,0
KH02387,17448218,,,,,,,,,,,,no,,,male,,0,0
KH02388,17448219,,,,,,,,,,,,no,,,male,,0,0
KH02389,17448220,,,,,,,,,,,,no,,,male,,0,0
KH02390,17448221,,,,,,,,,,,,no,,,female,,0,0
KH02391,17448222,,,,,,,,,,,,no,,,male,,0,0
KH02392,17448223,,,,,,,,,,,,no,,,male,,0,0
KH02393,17448224,,,,,,,,,,,,no,,,other,,0,0
KH02394,17448225,,,,,,,,,,,,no,,,female,,0,0
KH02395,17448226,,,,,,,,,,,,no,,,female,,0,0
KH02396,17448227,,,,,,,,,,,,no,,,male,,5890000,2
KH02397,17448228,,,,,,,,,,,,no,,,male,,0,0
KH02398,17448229,,,,,,,,,,,,no,,,other,,0,0
KH02399,17448230,,,,,,,,,,,,no,,,male,,0,0
KH02400,17448231,,,,,,,,,,,,no,,,male,,0,0
KH02401,17448232,,,,,,,,,,,,no,,,male,,0,0
KH02402,17448233,,,,,,,,,,,,no,,,other,,0,0
KH02403,17448234,,,,,,,,,,,,no,,,female,,440000,1
KH02404,17448235,,,,,,,,,,,,no,,,male,,0,0
KH02405,17448236,,,,,,,,,,,,no,,,male,,0,0
KH02406,17448237,,,,,,,,,,,,no,,,male,,500000,1
KH02407,17448238,,,,,,,,,,,,no,,,female,,0,0
KH02408,17448239,,,,,,,,,,,,no,,,female,,1100000,1
KH02409,17448240,,,,,,,,,,,,no,,,female,,0,0
KH02410,17448241,,,,,,,,,,,,no,,,other,,0,0
KH02411,17448242,,,,,,,,,,,,no,,,female,,0,0
KH02412,17448243,,,,,,,,,,,,no,,,other,,0,0
KH02413,17448244,,,,,,,,,,,,no,,,female,,0,0
KH02414,17448245,,,,,,,,,,,,no,,,other,,0,0
KH02415,17448246,,,,,,,,,,,,no,,,male,,0,0
KH02416,17448247,,,,,,,,,,,,no,,,male,,0,0
KH02417,17448248,,,,,,,,,Vietnam,VN,,no,,,male,,3288000,8
KH02418,17448249,,,,,,,,,,,,no,,,male,,0,0
KH02419,17448250,,,,,,,,,,,,no,,,female,,0,0
KH02420,17448251,,,,,,,,,,,,no,,,male,,0,0
KH02421,17448252,,,,,,,,,,,,no,,,other,,0,0
KH02422,17448253,,,,,,,,,,,,no,,,female,,0,0
KH02423,17448254,,,,,,,,,,,,no,,,female,,0,0
KH02424,17448255,,,,,,,,,,,,no,,,male,,2100000,1
KH02425,17448256,,,,,,,,,,,,no,,,female,,0,0
KH02426,17448257,,,,,,,,,,,,no,,,female,,0,0
KH02427,17448258,,,,,,,,,,,,no,,,male,,0,0
KH02428,17448259,,,,,,,,,,,,no,,,other,,0,0
KH02429,17448260,,,,,,,,,,,,no,,,female,,0,0
KH02430,17448261,,,,,,,,,,,,no,,,female,,0,0
KH02431,17448262,,,,,,,,,,,,no,,,other,,0,0
KH02432,17448263,,,,,,,,,,,,no,,,male,,0,0
KH02433,17448264,,,,,,,,,,,,no,,,male,,0,0
KH02434,17448265,,,,,,,,,,,,no,,,male,,0,0
KH02435,17448266,,,,,,,,,,,,no,,,male,,0,0
KH02436,17448267,,,,,,,,,,,,no,,,male,,0,0
KH02437,17448268,,,,,,,,,,,,no,,,male,,0,0
KH02438,17448269,,,,,,,,,,,,no,,,male,,0,0
KH02439,17448270,,,,,,,,,,,,no,,,male,,0,0
KH02440,17448271,,,,,,,,,,,,no,,,female,,0,0
KH02441,17448272,,,,,,,,,,,,no,,,male,,0,0
KH02442,17448273,,TP Hồ Chí Minh,TP Hồ Chí Minh,2.0,Quận 8,37.0,Phường 5,9450.0,Vietnam,VN,,no,sapo_social,,female,,2225000,1
KH02443,17448274,,,,,,,,,,,,no,,,male,,0,0
KH02444,17448275,,,,,,,,,,,,no,,,male,,0,0
KH02445,17448276,,,,,,,,,,,,no,,,male,,0,0
KH02446,17448277,,,,,,,,,,,,no,,,female,,0,0
KH02447,17448278,,,,,,,,,,,,no,,,male,,0,0
KH02448,17448279,,,,,,,,,,,,no,,,female,,0,0
KH02449,17448280,,Đồng Nai,Đồng Nai,21.0,,,,,Vietnam,VN,,no,,,male,,490000,1
KH02450,17448281,,,,,,,,,,,,no,,,female,,0,0
KH02451,17448282,,,,,,,,,,,,no,,,male,,0,0
KH02452,17448283,,,,,,,,,,,,no,,,male,,0,0
KH02453,17448284,,,,,,,,,,,,no,,,female,,0,0
KH02454,17448285,,,,,,,,,,,,no,,,male,,0,0
KH02455,17448286,,,,,,,,,,,,no,,,male,,0,0
KH02456,17448287,,,,,,,,,,,,no,,,male,,0,0
KH02457,17448288,,,,,,,,,,,,no,,,female,,0,0
KH02458,17448289,,,,,,,,,,,,no,,,female,,0,0
KH02459,17448290,,,,,,,,,,,,no,,,male,,0,0
KH02460,17448291,,,,,,,,,Vietnam,VN,,yes,,,male,1990-11-19,425000,1
KH02461,17448292,,,,,,,,,,,,no,,,male,,860000,1
KH02462,17448293,,,,,,,,,,,,no,,,male,,0,0
KH02463,17448294,,,,,,,,,,,,no,,,male,,0,0
KH02464,17448295,,,,,,,,,,,,no,,,male,,550000,1
KH02465,17448296,,,,,,,,,,,,no,,,male,,0,0
KH02466,17448297,,,,,,,,,,,,no,,,female,,0,0
KH02467,17448298,,,,,,,,,,,,no,,,female,,0,0
KH02468,17448299,,,,,,,,,,,,no,,,female,,0,0
KH02469,17448300,,,,,,,,,Vietnam,VN,,no,,,male,,0,0
KH02470,17448301,,,,,,,,,,,,no,,,female,,0,0
KH02471,17448302,,,,,,,,,,,,no,,,female,,0,0
KH02472,17448303,,,,,,,,,,,,no,,,female,,0,0
KH02473,17448304,,,,,,,,,,,,no,,,male,,0,0
KH02474,17448305,,,,,,,,,,,,no,,,male,,0,0
KH02475,17448306,,,,,,,,,,,,no,,,male,,0,0
KH02476,17448307,,,,,,,,,,,,no,,,male,,0,0
KH02477,17448308,,,,,,,,,,,,no,,,male,,0,0
KH02478,17448309,,,,,,,,,,,,no,,,male,,0,0
KH02479,17448310,,,,,,,,,,,,no,,,other,,0,0
KH02480,17448311,,,,,,,,,,,,no,,,male,,0,0
KH02481,17448312,,,,,,,,,,,,no,,,male,,0,0
KH02482,17448313,,,,,,,,,,,,no,,,male,,0,0
KH02483,17448314,,,,,,,,,,,,no,,,male,,0,0
KH02484,17448315,,,,,,,,,,,,no,,,male,,0,0
KH02485,17448316,,,,,,,,,,,,no,,,male,,0,0
KH02486,17448317,,,,,,,,,,,,no,,,male,,0,0
KH02487,17448318,,,,,,,,,,,,no,,,male,,0,0
KH02488,17448319,,,,,,,,,,,,no,,,male,,0,0
KH02489,17448320,,,,,,,,,,,,no,,,male,,0,0
KH02490,17448321,,,,,,,,,,,,no,,,female,,0,0
KH02491,17448322,,,,,,,,,,,,no,,,female,,0,0
KH02492,17448323,,,,,,,,,,,,no,,,female,,0,0
KH02493,17448324,,,,,,,,,,,,no,,,other,,0,0
KH02494,17448325,,,,,,,,,,,,no,,,female,,0,0
KH02495,17448326,,,,,,,,,,,,no,,,other,,0,0
KH02496,17448327,,,,,,,,,,,,no,,,male,,0,0
KH02497,17448328,,,,,,,,,,,,no,,,male,,0,0
KH02498,17448329,,,,,,,,,,,,no,,,male,,0,0
KH02499,17448330,,,,,,,,,,,,no,,,male,,0,0
KH02500,17448331,,An Giang,An Giang,3.0,,,,,Vietnam,VN,,no,,,female,,0,0
KH02501,17448332,,,,,,,,,,,,no,,,male,,0,0
KH02502,17448333,,,,,,,,,,,,no,,,male,,0,0
KH02503,17448334,,,,,,,,,,,,no,,,male,,0,0
KH02504,17448335,,,,,,,,,,,,no,,,other,,0,0
KH02505,17448336,,,,,,,,,,,,no,,,male,,0,0
KH02506,17448337,,,,,,,,,,,,no,,,male,,0,0
KH02507,17448338,,,,,,,,,,,,no,,,male,,0,0
KH02508,17448339,,,,,,,,,,,,no,,,male,,0,0
KH02509,17448340,,,,,,,,,,,,no,,,male,,0,0
KH02510,17448341,,,,,,,,,,,,no,,,female,,0,0
KH02511,17448342,,,,,,,,,,,,no,,,male,,0,0
KH02512,17448343,,,,,,,,,,,,no,,,male,,0,0
KH02513,17448344,,,,,,,,,,,,no,,,male,,0,0
KH02514,17448345,,,,,,,,,,,,no,,,female,,0,0
KH02515,17448346,,,,,,,,,,,,no,,,male,,0,0
KH02516,17448347,,,,,,,,,,,,no,,,male,,0,0
KH02517,17448348,,,,,,,,,,,,no,,,male,,0,0
KH02518,17448349,,,,,,,,,,,,no,,,female,,0,0
KH02519,17448350,,,,,,,,,,,,no,,,female,,0,0
KH02520,17448351,,,,,,,,,,,,no,,,other,,0,0
KH02521,17448352,,,,,,,,,,,,no,,,male,,0,0
KH02522,17448353,,,,,,,,,,,,no,,,male,,0,0
KH02523,17448354,,,,,,,,,,,,no,,,male,,0,0
KH02524,17448355,,,,,,,,,,,,no,,,other,,0,0
KH02525,17448356,,,,,,,,,,,,no,,,male,,0,0
KH02526,17448357,,,,,,,,,,,,no,,,female,,0,0
KH02527,17448358,,,,,,,,,,,,no,,,male,,0,0
KH02528,17448359,,,,,,,,,,,,no,,,female,,0,0
KH02529,17448360,,,,,,,,,,,,no,,,female,,0,0
KH02530,17448361,,,,,,,,,,,,no,,,male,,0,0
KH02531,17448362,,,,,,,,,,,,no,,,male,,0,0
KH02532,17448363,,,,,,,,,,,,no,,,female,,0,0
KH02533,17448364,,,,,,,,,,,,no,,,female,,0,0
KH02534,17448365,,,,,,,,,,,,no,,,male,,0,0
KH02535,17448366,,,,,,,,,,,,no,,,male,,0,0
KH02536,17448367,,,,,,,,,,,,no,,,male,,0,0
KH02537,17448368,,,,,,,,,,,,no,,,female,,0,0
KH02538,17448369,,,,,,,,,,,,no,,,male,,0,0
KH02539,17448370,,,,,,,,,,,,no,,,female,,0,0
KH02540,17448371,,,,,,,,,,,,no,,,male,,0,0
KH02541,17448372,,,,,,,,,,,,no,,,male,,0,0
KH02542,17448373,,,,,,,,,,,,no,,,male,,0,0
KH02543,17448374,,,,,,,,,,,,no,,,male,,0,0
KH02544,17448375,,,,,,,,,,,,no,,,female,,0,0
KH02545,17448376,,,,,,,,,,,,no,,,male,,0,0
KH02546,17448377,,,,,,,,,,,,no,,,female,,0,0
KH02547,17448378,,,,,,,,,,,,no,,,male,,0,0
KH02548,17448379,,,,,,,,,,,,no,,,male,,0,0
KH02549,17448380,,,,,,,,,,,,no,,,male,,0,0
KH02550,17448381,,,,,,,,,,,,no,,,male,,0,0
KH02551,17448382,,,,,,,,,,,,no,,,male,,0,0
KH02552,17448383,,,,,,,,,,,,no,,,male,,0,0
KH02553,17448384,,,,,,,,,,,,no,,,male,,0,0
KH02554,17448385,,,,,,,,,,,,no,,,female,,0,0
KH02555,17448386,,,,,,,,,Vietnam,VN,,no,,,female,,0,0
KH02556,17448387,,,,,,,,,Vietnam,VN,,no,,,male,,0,0
KH02557,17448388,,,,,,,,,Vietnam,VN,,no,,,female,,0,0
KH02558,17448389,,,,,,,,,Vietnam,VN,,no,,,male,,0,0
KH02559,17448390,,,,,,,,,Vietnam,VN,,no,,,male,,0,0
KH02560,17448392,,,,,,,,,,,,no,,,male,,0,0
KH02561,17448393,,,,,,,,,,,,no,,,other,,0,0
KH02562,17448394,,,,,,,,,,,,no,,,other,,0,0
KH02563,17448395,,,,,,,,,,,,no,,,male,,0,0
KH02564,17448396,,,,,,,,,,,,no,,,male,,0,0
KH02565,17448397,,,,,,,,,,,,no,,,male,,0,0
KH02566,17448398,,,,,,,,,,,,no,,,female,,0,0
KH02567,17448399,,,,,,,,,,,,no,,,male,,0,0
KH02568,17448400,,,,,,,,,Vietnam,VN,,no,,,female,,0,0
KH02569,17448401,,,,,,,,,Vietnam,VN,,no,,,male,,0,0
KH02570,17448402,,,,,,,,,Vietnam,VN,,no,,,other,,0,0
KH02571,17448403,,,,,,,,,,,,no,,,female,,0,0
KH02572,17448404,,,,,,,,,Vietnam,VN,,no,,,male,,0,0
KH02573,17448405,,,,,,,,,Vietnam,VN,,no,,,female,,0,0
KH02574,17448406,,,,,,,,,Vietnam,VN,,no,,,male,,0,0
KH02575,17448407,,,,,,,,,Vietnam,VN,,no,,,female,,0,0
KH02576,17448408,,,,,,,,,Vietnam,VN,,no,,,female,,0,0
KH02577,17448409,,,,,,,,,,,,no,,,male,,0,0
KH02578,17448410,,,,,,,,,,,,no,,,male,,0,0
KH02579,17448411,,,,,,,,,,,,no,,,other,,0,0
KH02580,17448412,,,,,,,,,,,,no,,,other,,0,0
KH02581,17448413,,,,,,,,,,,,no,,,male,,0,0
KH02582,17448414,,,,,,,,,,,,no,,,male,,0,0
KH02583,17448415,,,,,,,,,Vietnam,VN,,no,,,male,,0,0
KH02584,17448416,,,,,,,,,Vietnam,VN,,no,,,male,,0,0
KH02585,17448417,,,,,,,,,Vietnam,VN,,no,,,male,,0,0
KH02586,17448418,,,,,,,,,Vietnam,VN,,no,,,male,,0,0
KH02587,17448419,,,,,,,,,,,,no,,,male,,0,0
KH02588,17448420,,,,,,,,,,,,no,,,male,,0,0
KH02589,17448421,,,,,,,,,,,,no,,,other,,0,0
KH02590,17448422,,,,,,,,,Vietnam,VN,,no,,,female,,0,0
KH02591,17448423,,,,,,,,,,,,no,,,male,,0,1
KH02592,17448424,,,,,,,,,Vietnam,VN,,no,,,male,,0,0
KH02593,17448426,,,,,,,,,Vietnam,VN,,no,,,female,,0,0
KH02594,17448427,,,,,,,,,,,,no,,,other,,0,0
KH02595,17448428,,,,,,,,,,,,no,,,female,,0,0
KH02596,17448429,,,,,,,,,,,,no,,,female,,0,0
KH02597,17448430,,,,,,,,,Vietnam,VN,,no,,,male,,0,0
KH02598,17448431,,,,,,,,,,,,no,,,male,,0,0
KH02599,17448432,,,,,,,,,,,,no,,,other,,0,0
KH02600,17448433,,,,,,,,,Vietnam,VN,,no,,,male,,0,0
KH02601,17448434,,,,,,,,,,,,no,,,male,,0,0
KH02602,17448435,,,,,,,,,Vietnam,VN,,no,,,female,,0,0
KH02603,17448436,,,,,,,,,Vietnam,VN,,no,,,male,,0,0
KH02604,17448437,,,,,,,,,Vietnam,VN,,no,,,other,,0,0
KH02605,17448438,,Đồng Nai,Đồng Nai,21.0,,,,,Vietnam,VN,,no,,,female,,0,0
KH02606,17448439,,,,,,,,,,,,no,,,male,,0,0
KH02607,17448440,,,,,,,,,Vietnam,VN,,no,,,male,,0,0
KH02608,17448441,,,,,,,,,Vietnam,VN,,no,,,male,,0,0
KH02609,17448442,,,,,,,,,,,,no,,,female,,0,0
KH02610,17448443,,,,,,,,,Vietnam,VN,,no,,,male,,0,0
KH02611,17448444,,,,,,,,,Vietnam,VN,,no,,,male,,0,0
KH02612,17448445,,,,,,,,,,,,no,,,male,,0,0
KH02613,17448446,,,,,,,,,Vietnam,VN,,no,,,other,,0,0
KH02614,17448447,,,,,,,,,Vietnam,VN,,no,,,female,,0,0
KH02615,17448448,,,,,,,,,,,,no,,,male,,0,0
KH02616,17448449,,,,,,,,,,,,no,,,male,,0,0
KH02617,17448450,,,,,,,,,,,,no,,,male,,0,0
KH02618,17448451,,,,,,,,,,,,no,,,male,,0,0
KH02619,17448452,,,,,,,,,,,,no,,,male,,0,0
KH02620,17448453,,,,,,,,,,,,no,,,female,,0,0
KH02621,17448454,,,,,,,,,,,,no,,,male,,0,0
KH02622,17448455,,,,,,,,,,,,no,,,male,,0,0
KH02623,17448456,,,,,,,,,,,,no,,,male,,0,0
KH02624,17448457,,,,,,,,,,,,no,,,female,,0,0
KH02625,17448458,,,,,,,,,,,,no,,,male,,0,0
KH02626,17448459,,,,,,,,,,,,no,,,male,,0,0
KH02627,17448460,,,,,,,,,,,,no,,,other,,0,0
KH02628,17448461,,,,,,,,,,,,no,,,male,,0,0
KH02629,17448462,,,,,,,,,,,,no,,,male,,0,0
KH02630,17448463,,,,,,,,,,,,no,,,male,,0,0
KH02631,17448464,,,,,,,,,,,,no,,,male,,0,0
KH02632,17448465,,,,,,,,,,,,no,,,male,,0,0
KH02633,17448466,,,,,,,,,,,,no,,,other,,0,0
KH02634,17448467,,,,,,,,,,,,no,,,male,,0,0
KH02635,17448468,,,,,,,,,,,,no,,,male,,0,0
KH02636,17448469,,,,,,,,,,,,no,,,female,,0,0
KH02637,17448470,,,,,,,,,,,,no,,,male,,1149800,2
KH02638,17448471,,,,,,,,,,,,no,,,female,,0,0
KH02639,17448472,,,,,,,,,,,,no,,,male,,0,0
KH02640,17448473,,,,,,,,,,,,no,,,other,,0,0
KH02641,17448474,,,,,,,,,,,,no,,,female,,0,0
KH02642,17448475,,,,,,,,,,,,no,,,male,,570000,1
KH02643,17448476,,,,,,,,,,,,no,,,male,,0,0
KH02644,17448477,,Tây Ninh,Tây Ninh,53.0,,,,,Vietnam,VN,,no,,,female,,0,0
KH02645,17448478,,,,,,,,,Vietnam,VN,,no,,,male,,0,0
KH02646,17448479,,,,,,,,,,,,no,,,male,,0,0
KH02647,17448480,,,,,,,,,,,,no,,,male,,0,0
KH02648,17448481,,,,,,,,,,,,no,,,male,,0,0
KH02649,17448482,,,,,,,,,,,,no,,,female,,0,0
KH02650,17448483,,,,,,,,,Vietnam,VN,,no,,,female,,0,0
KH02651,17448484,,,,,,,,,,,,no,,,male,,0,0
KH02652,17448485,,,,,,,,,,,,no,,,male,,0,0
KH02653,17448486,,,,,,,,,,,,no,,,male,,0,0
KH02654,17448487,,,,,,,,,,,,no,,,male,,0,0
KH02655,17448488,,,,,,,,,Vietnam,VN,,no,,,female,,0,0
KH02656,17448489,,,,,,,,,Vietnam,VN,,no,,,male,,0,0
KH02657,17448490,,,,,,,,,Vietnam,VN,,no,,,male,,0,0
KH02658,17448491,,,,,,,,,Vietnam,VN,,no,,,female,,0,0
KH02659,17448492,,,,,,,,,,,,no,,,male,,0,0
KH02660,17448493,,,,,,,,,,,,no,,,male,,0,0
KH02661,17448494,,,,,,,,,,,,no,,,male,,0,0
KH02662,17448495,,,,,,,,,,,,no,,,other,,0,0
KH02663,17448496,,,,,,,,,,,,no,,,male,,0,0
KH02664,17448497,,,,,,,,,,,,no,,,male,,0,0
KH02665,17448498,,,,,,,,,,,,no,,,male,,0,0
KH02666,17448499,,,,,,,,,,,,no,,,male,,0,0
KH02667,17448500,,,,,,,,,,,,no,,,male,,0,0
KH02668,17448501,,,,,,,,,,,,no,,,female,,0,0
KH02669,17448502,,,,,,,,,,,,no,,,female,,0,0
KH02670,17448503,,,,,,,,,,,,no,,,female,,0,0
KH02671,17448504,,,,,,,,,Vietnam,VN,,no,,,male,,0,0
KH02672,17448505,,,,,,,,,,,,no,,,male,,0,0
KH02673,17448506,,,,,,,,,,,,no,,,male,,0,0
KH02674,17448507,,,,,,,,,Vietnam,VN,,no,,,male,,0,0
KH02675,17448508,,,,,,,,,Vietnam,VN,,no,,,female,,0,0
KH02676,17448509,,,,,,,,,,,,no,,,male,,0,0
KH02677,17448510,,,,,,,,,,,,no,,,female,,0,0
KH02678,17448511,,,,,,,,,Vietnam,VN,,no,,,male,,0,0
KH02679,17448512,,,,,,,,,Vietnam,VN,,no,,,male,,0,0
KH02680,17448513,,,,,,,,,,,,no,,,other,,0,0
KH02681,17448514,,,,,,,,,Vietnam,VN,,no,,,male,,0,0
KH02682,17448515,,,,,,,,,Vietnam,VN,,no,,,male,,2250000,1
KH02683,17448516,,,,,,,,,,,,no,,,male,,0,0
KH02684,17448517,,,,,,,,,,,,no,,,female,,0,0
KH02685,17448518,,,,,,,,,,,,no,,,male,,0,0
KH02686,17448519,,,,,,,,,,,,no,,,male,,0,0
KH02687,17448520,,,,,,,,,,,,no,,,male,,0,0
KH02688,17448521,,,,,,,,,,,,no,,,male,,0,0
KH02689,17448522,,,,,,,,,Vietnam,VN,,no,,,male,,0,0
KH02690,17448523,,,,,,,,,Vietnam,VN,,no,,,male,,0,0
KH02691,17448524,,,,,,,,,Vietnam,VN,,no,,,female,,0,0
KH02692,17448525,,,,,,,,,,,,no,,,male,,0,0
KH02693,17448526,,,,,,,,,Vietnam,VN,,no,,,male,,0,0
KH02694,17448527,,,,,,,,,Vietnam,VN,,no,,,male,,0,0
KH02695,17448528,,,,,,,,,Vietnam,VN,,no,,,other,,0,0
KH02696,17448529,,,,,,,,,Vietnam,VN,,no,,,male,,0,0
KH02697,17448530,,,,,,,,,Vietnam,VN,,no,,,male,,0,0
KH02698,17448531,,,,,,,,,Vietnam,VN,,no,,,male,,0,0
KH02699,17448532,,,,,,,,,Vietnam,VN,,no,,,male,,0,0
KH02700,17448533,,,,,,,,,Vietnam,VN,,no,,,male,,0,0
KH02701,17448534,,,,,,,,,Vietnam,VN,,no,,,male,,0,0
KH02702,17448535,,,,,,,,,,,,no,,,male,,0,0
KH02703,17448536,,,,,,,,,,,,no,,,male,,0,0
KH02704,17448537,,,,,,,,,,,,no,,,male,,0,0
KH02705,17448538,,,,,,,,,Vietnam,VN,,no,,,male,,0,0
KH02706,17448539,,,,,,,,,Vietnam,VN,,no,,,male,,0,0
KH02707,17448540,,,,,,,,,,,,no,,,male,,0,0
KH02708,17448541,,,,,,,,,Vietnam,VN,,no,,,female,,0,0
KH02709,17448542,,,,,,,,,,,,no,,,male,,0,0
KH02710,17448543,,,,,,,,,,,,no,,,male,,0,0
KH02711,17448544,,,,,,,,,Vietnam,VN,,no,,,female,,0,0
KH02712,17448545,,,,,,,,,Vietnam,VN,,no,,,male,,0,0
KH02713,17448546,,,,,,,,,,,,no,,,female,,0,0
KH02714,17448547,,,,,,,,,Vietnam,VN,,no,,,male,,0,0
KH02715,17448548,,,,,,,,,Vietnam,VN,,no,,,male,,0,0
KH02716,17448549,,,,,,,,,,,,no,,,other,,0,0
KH02717,17448550,,,,,,,,,,,,no,,,male,,0,0
KH02718,17448551,,,,,,,,,Vietnam,VN,,no,,,female,,0,0
KH02719,17448552,,,,,,,,,,,,no,,,male,,0,0
KH02720,17448553,,,,,,,,,,,,no,,,female,,0,0
KH02721,17448554,,,,,,,,,,,,no,,,female,,0,0
KH02722,17448555,,,,,,,,,,,,no,,,male,,0,0
KH02723,17448556,,,,,,,,,,,,no,,,female,,0,0
KH02724,17448557,,,,,,,,,,,,no,,,male,,0,0
KH02725,17448558,,,,,,,,,Vietnam,VN,,no,,,male,,0,0
KH02726,17448559,,,,,,,,,Vietnam,VN,,no,,,female,,0,0
KH02727,17448560,,,,,,,,,Vietnam,VN,,no,,,male,,0,0
KH02728,17448561,,,,,,,,,,,,no,,,male,,0,0
KH02729,17448562,,,,,,,,,Vietnam,VN,,no,,,female,,0,0
KH02730,17448563,,,,,,,,,Vietnam,VN,,no,,,male,,0,0
KH02731,17448564,,,,,,,,,,,,no,,,male,,0,0
KH02732,17448565,,,,,,,,,Vietnam,VN,,no,,,female,,0,0
KH02733,17448566,,,,,,,,,Vietnam,VN,,no,,,female,,0,0
KH02734,17448567,,,,,,,,,Vietnam,VN,,no,,,male,,0,0
KH02735,17448568,,,,,,,,,Vietnam,VN,,no,,,male,,0,0
KH02736,17448569,,,,,,,,,Vietnam,VN,,no,,,male,,0,0
KH02737,17448570,,,,,,,,,,,,no,,,male,,0,0
KH02738,17448571,,,,,,,,,,,,no,,,female,,1300000,1
KH02739,17448572,,,,,,,,,Vietnam,VN,,no,,,male,,0,0
KH02740,17448573,,,,,,,,,Vietnam,VN,,no,,,male,,0,0
KH02741,17448574,,,,,,,,,,,,no,,,female,,0,0
KH02742,17448575,,,,,,,,,,,,no,,,female,,0,0
KH02743,17448576,,,,,,,,,Vietnam,VN,,no,,,female,,0,0
KH02744,17448577,,,,,,,,,Vietnam,VN,,no,,,female,,0,0
KH02745,17448578,,,,,,,,,,,,no,,,male,,0,0
KH02746,17448579,,,,,,,,,Vietnam,VN,,no,,,male,,2490000,3
KH02747,17448580,,,,,,,,,,,,no,,,male,,0,0
KH02748,17448581,,,,,,,,,,,,no,,,female,,0,0
KH02749,17448582,,,,,,,,,,,,no,,,male,,0,0
KH02750,17448583,,,,,,,,,,,,no,,,female,,0,0
KH02751,17448584,,,,,,,,,,,,no,,,male,,0,0
KH02752,17448585,,,,,,,,,,,,no,,,male,,0,0
KH02753,17448586,,,,,,,,,,,,no,,,other,,0,0
KH02754,17448587,,,,,,,,,,,,no,,,male,,0,0
KH02755,17448588,,,,,,,,,Vietnam,VN,,no,,,female,,0,0
KH02756,17448589,,,,,,,,,,,,no,,,male,,0,0
KH02757,17448590,,,,,,,,,,,,no,,,male,,0,0
KH02758,17448591,,,,,,,,,Vietnam,VN,,no,,,male,,0,0
KH02759,17448592,,,,,,,,,,,,no,,,male,,0,0
KH02760,17448593,,,,,,,,,,,,no,,,female,,0,0
KH02761,17448594,,,,,,,,,,,,no,,,male,,0,0
KH02762,17448595,,,,,,,,,Vietnam,VN,,no,,,male,,0,0
KH02763,17448596,,,,,,,,,Vietnam,VN,,no,,,male,,0,0
KH02764,17448597,,,,,,,,,Vietnam,VN,,no,,,female,,0,0
KH02765,17448598,,,,,,,,,,,,no,,,male,,0,0
KH02766,17448599,,,,,,,,,,,,no,,,male,,0,0
KH02767,17448600,,,,,,,,,,,,no,,,female,,0,0
KH02768,17448601,,,,,,,,,,,,no,,,male,,0,0
KH02769,17448602,,,,,,,,,,,,no,,,male,,0,0
KH02770,17448603,,,,,,,,,,,,no,,,male,,1750000,1
KH02771,17448604,,,,,,,,,Vietnam,VN,,no,,,male,,0,0
KH02772,17448605,,,,,,,,,Vietnam,VN,,no,,,female,,0,0
KH02773,17448606,,,,,,,,,,,,no,,,male,,0,0
KH02774,17448607,,TP Hồ Chí Minh,TP Hồ Chí Minh,2.0,Thành phố Thủ Đức,10924.0,Phường Long Thạnh Mỹ,107445.0,Vietnam,VN,,no,,,male,,430000,1
KH02775,17448608,,,,,,,,,Vietnam,VN,,no,,,male,,0,0
KH02776,17448609,,,,,,,,,Vietnam,VN,,no,,,male,,0,0
KH02777,17448610,,,,,,,,,Vietnam,VN,,no,,,male,,0,0
KH02778,17448611,,,,,,,,,Vietnam,VN,,no,,,female,,0,0
KH02779,17448612,,,,,,,,,,,,no,,,female,,0,0
KH02780,17448613,,Bình Dương,Bình Dương,10.0,,,,,Vietnam,VN,,no,,,male,,0,0
KH02781,17448614,,,,,,,,,Vietnam,VN,,no,,,female,,0,0
KH02782,17448615,,,,,,,,,Vietnam,VN,,no,,,male,,0,0
KH02783,17448616,,,,,,,,,Vietnam,VN,,no,,,male,,0,0
KH02784,17448617,,,,,,,,,Vietnam,VN,,no,,,male,,0,0
KH02785,17448618,,,,,,,,,Vietnam,VN,,no,,,male,,0,0
KH02786,17448619,,,,,,,,,Vietnam,VN,,no,,,male,,550000,1
KH02787,17448620,,,,,,,,,Vietnam,VN,,no,,,female,,0,0
KH02788,17448621,,,,,,,,,Vietnam,VN,,no,,,male,,0,0
KH02789,17448622,,,,,,,,,,,,no,,,female,,0,0
KH02790,17448623,,,,,,,,,Vietnam,VN,,no,,,male,,0,0
KH02791,17448624,,,,,,,,,Vietnam,VN,,no,,,male,,0,0
KH02792,17448625,,,,,,,,,Vietnam,VN,,no,,,male,,0,0
KH02793,17448626,,,,,,,,,,,,no,,,male,,0,0
KH02794,17448627,,,,,,,,,,,,no,,,female,,0,0
KH02795,17448628,,,,,,,,,,,,no,,,female,,0,0
KH02796,17448629,,,,,,,,,Vietnam,VN,,no,,,male,,0,0
KH02797,17448630,,,,,,,,,Vietnam,VN,,no,,,male,,0,0
KH02798,17448631,,,,,,,,,,,,no,,,male,,0,0
KH02799,17448632,,,,,,,,,Vietnam,VN,,no,,,female,,0,0
KH02800,17448633,,,,,,,,,Vietnam,VN,,no,,,male,,0,0
KH02801,17448634,,,,,,,,,Vietnam,VN,,no,,,female,,0,0
KH02802,17448635,,,,,,,,,Vietnam,VN,,no,,,female,,0,0
KH02803,17448636,,,,,,,,,Vietnam,VN,,no,,,male,,0,0
KH02804,17448637,,,,,,,,,,,,no,,,male,,0,0
KH02805,17448638,,,,,,,,,Vietnam,VN,,no,,,female,,0,0
KH02806,17448640,,,,,,,,,,,,no,,,other,,0,0
KH02807,17448641,,,,,,,,,,,,no,,,male,,0,0
KH02808,17448642,,,,,,,,,,,,no,,,female,,0,0
KH02809,17448643,,,,,,,,,,,,no,,,male,,0,0
KH02810,17448644,,,,,,,,,,,,no,,,female,,0,0
KH02811,17448645,,,,,,,,,,,,no,,,female,,0,0
KH02812,17448646,,,,,,,,,,,,no,,,female,,0,0
KH02813,17448647,,,,,,,,,,,,no,,,male,,0,0
KH02814,17448648,,,,,,,,,,,,no,,,female,,0,0
KH02815,17448649,,,,,,,,,Vietnam,VN,,no,,,male,,0,0
KH02816,17448650,,,,,,,,,Vietnam,VN,,no,,,male,,0,0
KH02817,17448651,,,,,,,,,Vietnam,VN,,no,,,female,,0,0
KH02818,17448652,,,,,,,,,,,,no,,,male,,0,0
KH02819,17448653,,,,,,,,,,,,no,,,female,,0,0
KH02820,17448654,,,,,,,,,Vietnam,VN,,no,,,female,,0,0
KH02821,17448655,,,,,,,,,,,,no,,,male,,0,0
KH02822,17448656,,,,,,,,,Vietnam,VN,,no,,,female,,0,0
KH02823,17448657,,,,,,,,,Vietnam,VN,,no,,,male,,0,0
KH02824,17448658,,,,,,,,,,,,no,,,male,,0,0
KH02825,17448659,,,,,,,,,,,,no,,,male,,0,0
KH02826,17448660,,,,,,,,,Vietnam,VN,,no,,,male,,0,0
KH02827,17448661,,,,,,,,,,,,no,,,male,,0,0
KH02828,17448662,,,,,,,,,,,,no,,,male,,0,0
KH02829,17448663,,,,,,,,,,,,no,,,male,,0,0
KH02830,17448664,,,,,,,,,,,,no,,,female,,0,0
KH02831,17448665,,,,,,,,,,,,no,,,male,,0,0
KH02832,17448666,,,,,,,,,Vietnam,VN,,no,,,male,,0,0
KH02833,17448667,,,,,,,,,Vietnam,VN,,no,,,male,,0,0
KH02834,17448668,,,,,,,,,,,,no,,,male,,0,0
KH02835,17448669,,,,,,,,,Vietnam,VN,,no,,,female,,0,0
KH02836,17448670,,,,,,,,,Vietnam,VN,,no,,,female,,0,0
KH02837,17448671,,,,,,,,,Vietnam,VN,,no,,,male,,0,0
KH02838,17448672,,,,,,,,,,,,no,,,female,,1995000,1
KH02839,17448673,,,,,,,,,,,,no,,,male,,0,0
KH02840,17448674,,,,,,,,,,,,no,,,male,,0,0
KH02841,17448675,,,,,,,,,,,,no,,,male,,0,0
KH02842,17448676,,,,,,,,,Vietnam,VN,,no,,,female,,0,0
KH02843,17448677,,,,,,,,,Vietnam,VN,,no,,,male,,0,0
KH02844,17448678,,,,,,,,,,,,no,,,male,,0,0
KH02845,17448679,,,,,,,,,Vietnam,VN,,no,,,male,,0,0
KH02846,17448680,,,,,,,,,Vietnam,VN,,no,,,female,,0,0
KH02847,17448681,,,,,,,,,Vietnam,VN,,no,,,male,,0,0
KH02848,17448682,,,,,,,,,Vietnam,VN,,no,,,male,,0,0
KH02849,17448683,,,,,,,,,Vietnam,VN,,no,,,other,,0,0
KH02850,17448684,,,,,,,,,Vietnam,VN,,no,,,male,,0,0
KH02851,17448685,,,,,,,,,Vietnam,VN,,no,,,male,,0,0
KH02852,17448686,,,,,,,,,Vietnam,VN,,no,,,female,,0,0
KH02853,17448687,,,,,,,,,Vietnam,VN,,no,,,male,,0,0
KH02854,17448688,,,,,,,,,,,,no,,,male,,0,0
KH02855,17448689,,,,,,,,,Vietnam,VN,,no,,,male,,0,0
KH02856,17448690,,,,,,,,,,,,no,,,male,,0,0
KH02857,17448691,,,,,,,,,,,,no,,,male,,0,0
KH02858,17448692,,,,,,,,,Vietnam,VN,,no,,,male,,0,0
KH02859,17448693,,,,,,,,,Vietnam,VN,,no,,,female,,0,0
KH02860,17448694,,,,,,,,,Vietnam,VN,,no,,,male,,0,0
KH02861,17448695,,,,,,,,,Vietnam,VN,,no,,,male,,0,0
KH02862,17448696,,,,,,,,,,,,no,,,female,,0,0
KH02863,17448697,,,,,,,,,,,,no,,,male,,0,0
KH02864,17448698,,,,,,,,,,,,no,,,male,,0,0
KH02865,17448699,,,,,,,,,,,,no,,,male,,0,0
KH02866,17448700,,,,,,,,,,,,no,,,other,,0,0
KH02867,17448701,,,,,,,,,,,,no,,,female,,0,0
KH02868,17448702,,Bình Dương,Bình Dương,10.0,,,,,Vietnam,VN,,no,,,male,,0,0
KH02869,17448703,,,,,,,,,,,,no,,,male,,0,0
KH02870,17448704,,,,,,,,,,,,no,,,male,,0,0
KH02871,17448705,,,,,,,,,,,,no,,,male,,0,0
KH02872,17448706,,,,,,,,,Vietnam,VN,,no,,,female,,0,0
KH02873,17448707,,,,,,,,,,,,no,,,female,,0,0
KH02874,17448708,,,,,,,,,Vietnam,VN,,no,,,female,,0,0
KH02875,17448709,,,,,,,,,Vietnam,VN,,no,,,male,,0,0
KH02876,17448710,,,,,,,,,,,,no,,,female,,0,0
KH02877,17448711,,,,,,,,,Vietnam,VN,,no,,,female,,0,0
KH02878,17448712,,,,,,,,,Vietnam,VN,,no,,,female,,0,0
KH02879,17448713,,,,,,,,,,,,no,,,male,,0,0
KH02880,17448714,,,,,,,,,Vietnam,VN,,no,,,other,,0,0
KH02881,17448715,,,,,,,,,Vietnam,VN,,no,,,male,,0,0
KH02882,17448716,,,,,,,,,Vietnam,VN,,no,,,male,,0,0
KH02883,17448717,,,,,,,,,,,,no,,,male,,0,0
KH02884,17448719,,,,,,,,,Vietnam,VN,,no,,,female,,0,0
KH02885,17448720,,,,,,,,,,,,no,,,male,,0,0
KH02886,17448721,,,,,,,,,,,,no,,,male,,0,0
KH02887,17448722,,,,,,,,,Vietnam,VN,,no,,,female,,0,0
KH02888,17448723,,,,,,,,,,,,no,,,female,,0,0
KH02889,17448724,,,,,,,,,,,,no,,,male,,0,0
KH02890,17448725,,Bình Dương,Bình Dương,10.0,,,,,Vietnam,VN,,no,,,male,,0,0
KH02891,17448726,,,,,,,,,Vietnam,VN,,no,,,male,,0,0
KH02892,17448727,,,,,,,,,Vietnam,VN,,no,,,female,,0,0
KH02893,17448728,,,,,,,,,,,,no,,,male,,0,0
KH02894,17448729,,,,,,,,,,,,no,,,male,,0,0
KH02895,17448730,,,,,,,,,Vietnam,VN,,no,,,female,,0,0
KH02896,17448731,,,,,,,,,,,,no,,,male,,0,0
KH02897,17448732,,,,,,,,,,,,no,,,male,,0,0
KH02898,17448733,,,,,,,,,Vietnam,VN,,no,,,male,,0,0
KH02899,17448734,,,,,,,,,Vietnam,VN,,no,,,male,,0,0
KH02900,17448735,,,,,,,,,Vietnam,VN,,no,,,female,,0,0
KH02901,17448736,,,,,,,,,,,,no,,,male,,0,0
KH02902,17448737,,,,,,,,,,,,no,,,female,,0,0
KH02903,17448738,,,,,,,,,,,,no,,,female,,0,0
KH02904,17448739,,,,,,,,,Vietnam,VN,,no,,,male,,0,0
KH02905,17448740,,,,,,,,,Vietnam,VN,,no,,,female,,0,0
KH02906,17448741,,,,,,,,,Vietnam,VN,,no,,,male,,0,0
KH02907,17448742,,,,,,,,,,,,no,,,male,,0,0
KH02908,17448743,,,,,,,,,,,,no,,,male,,0,0
KH02909,17448744,,,,,,,,,,,,no,,,male,,0,0
KH02910,17448745,,,,,,,,,Vietnam,VN,,no,,,female,,0,0
KH02911,17448746,,,,,,,,,Vietnam,VN,,no,,,male,,0,0
KH02912,17448747,,,,,,,,,Vietnam,VN,,no,,,male,,0,0
KH02913,17448748,,,,,,,,,,,,no,,,male,,0,0
KH02914,17448749,,,,,,,,,,,,no,,,male,,0,0
KH02915,17448750,,,,,,,,,,,,no,,,male,,0,0
KH02916,17448751,,,,,,,,,Vietnam,VN,,no,,,female,,0,0
KH02917,17448752,,,,,,,,,Vietnam,VN,,no,,,female,,0,0
KH02918,17448753,,,,,,,,,Vietnam,VN,,no,,,female,,0,0
KH02919,17448754,,,,,,,,,,,,no,,,female,,0,0
KH02920,17448755,,,,,,,,,Vietnam,VN,,no,,,male,,0,0
KH02921,17448756,,,,,,,,,Vietnam,VN,,no,,,male,,0,0
KH02922,17448757,,,,,,,,,Vietnam,VN,,no,,,male,,0,0
KH02923,17448758,,,,,,,,,Vietnam,VN,,no,,,male,,0,0
KH02924,17448759,,,,,,,,,Vietnam,VN,,no,,,female,,0,0
KH02925,17448760,,,,,,,,,Vietnam,VN,,no,,,male,,0,0
KH02926,17448761,,,,,,,,,,,,no,,,male,,0,0
KH02927,17448762,,,,,,,,,,,,no,,,male,,0,0
KH02928,17448763,,,,,,,,,Vietnam,VN,,no,,,male,,0,0
KH02929,17448764,,,,,,,,,,,,no,,,male,,0,0
KH02930,17448765,,,,,,,,,,,,no,,,female,,0,0
KH02931,17448766,,,,,,,,,,,,no,,,other,,0,0
KH02932,17448767,,,,,,,,,,,,no,,,male,,0,0
KH02933,17448768,,,,,,,,,,,,no,,,male,,0,0
KH02934,17448769,,,,,,,,,,,,no,,,female,,0,0
KH02935,17448770,,,,,,,,,Vietnam,VN,,no,,,female,,0,0
KH02936,17448771,,,,,,,,,Vietnam,VN,,no,,,male,,0,0
KH02937,17448772,,,,,,,,,Vietnam,VN,,no,,,male,,0,0
KH02938,17448773,,,,,,,,,,,,no,,,male,,0,0
KH02939,17448774,,,,,,,,,,,,no,,,female,,0,0
KH02940,17448775,,,,,,,,,,,,no,,,male,,600000,1
KH02941,17448776,,,,,,,,,,,,no,,,female,,0,0
KH02942,17448777,,,,,,,,,Vietnam,VN,,no,,,male,,0,0
KH02943,17448778,,,,,,,,,Vietnam,VN,,no,,,female,,0,0
KH02944,17448779,,,,,,,,,Vietnam,VN,,no,,,male,,0,0
KH02945,17448780,,,,,,,,,Vietnam,VN,,no,,,female,,0,0
KH02946,17448781,,,,,,,,,Vietnam,VN,,no,,,male,,0,0
KH02947,17448782,,,,,,,,,Vietnam,VN,,no,,,male,,0,0
KH02948,17448783,,,,,,,,,,,,no,,,male,,0,0
KH02949,17448784,,,,,,,,,,,,no,,,male,,0,0
KH02950,17448785,,,,,,,,,Vietnam,VN,,no,,,male,,550000,1
KH02951,17448786,,,,,,,,,Vietnam,VN,,no,,,other,,0,0
KH02952,17448787,,,,,,,,,,,,no,,,other,,0,0
KH02953,17448788,,,,,,,,,Vietnam,VN,,no,,,male,,0,0
KH02954,17448789,,,,,,,,,Vietnam,VN,,no,,,female,,0,0
KH02955,17448790,,,,,,,,,Vietnam,VN,,no,,,male,,0,0
KH02956,17448791,,,,,,,,,,,,no,,,male,,0,0
KH02957,17448792,,,,,,,,,Vietnam,VN,,no,,,male,,0,0
KH02958,17448793,,,,,,,,,Vietnam,VN,,no,,,male,,0,0
KH02959,17448794,,,,,,,,,,,,no,,,male,,0,0
KH02960,17448795,TNHH MTV Cung ứng VTNL Khánh Hòa.,Khánh Hòa,Khánh Hòa,32.0,,,,,Vietnam,VN,,no,,,female,,0,0
KH02961,17448796,,,,,,,,,,,,no,,,male,,0,0
KH02962,17448797,,,,,,,,,Vietnam,VN,,no,,,male,,0,0
KH02963,17448798,,,,,,,,,,,,no,,,male,,0,0
KH02964,17448799,,,,,,,,,,,,no,,,male,,0,0
KH02965,17448800,,,,,,,,,Vietnam,VN,,no,,,female,,0,0
KH02966,17448801,,,,,,,,,,,,no,,,female,,0,0
KH02967,17448802,,,,,,,,,,,,no,,,male,,0,0
KH02968,17448803,,,,,,,,,,,,no,,,male,,0,0
KH02969,17448804,,,,,,,,,,,,no,,,female,,0,0
KH02970,17448805,,,,,,,,,,,,no,,,male,,0,0
KH02971,17448806,,,,,,,,,Vietnam,VN,,no,,,male,,0,0
KH02972,17448807,,,,,,,,,Vietnam,VN,,no,,,female,,0,0
KH02973,17448808,,,,,,,,,,,,no,,,female,,0,0
KH02974,17448809,,,,,,,,,,,,no,,,female,,0,0
KH02975,17448810,,,,,,,,,,,,no,,,male,,0,0
KH02976,17448811,,,,,,,,,,,,no,,,male,,0,0
KH02977,17448812,,,,,,,,,,,,no,,,male,,0,0
KH02978,17448813,,,,,,,,,,,,no,,,female,,0,0
KH02979,17448814,,,,,,,,,,,,no,,,other,,0,0
KH02980,17448815,,,,,,,,,,,,no,,,male,,0,0
KH02981,17448816,,,,,,,,,,,,no,,,male,,0,0
KH02982,17448817,,,,,,,,,,,,no,,,male,,0,0
KH02983,17448818,,,,,,,,,,,,no,,,male,,0,0
KH02984,17448819,,,,,,,,,Vietnam,VN,,no,,,male,,0,0
KH02985,17448820,,,,,,,,,,,,no,,,female,,760000,1
KH02986,17448821,,,,,,,,,,,,no,,,male,,6810000,2
KH02987,17448822,,,,,,,,,,,,no,,,male,,0,0
KH02988,17448823,,,,,,,,,Vietnam,VN,,no,,,male,,0,0
KH02989,17448824,,,,,,,,,Vietnam,VN,,no,,,female,,0,0
KH02990,17448825,,,,,,,,,Vietnam,VN,,no,,,male,,0,0
KH02991,17448826,,,,,,,,,Vietnam,VN,,no,,,male,,0,0
KH02992,17448827,,,,,,,,,Vietnam,VN,,no,,,male,,0,0
KH02993,17448828,,,,,,,,,,,,no,,,male,,1120000,1
KH02994,17448829,,,,,,,,,,,,no,,,male,,0,0
KH02995,17448830,,,,,,,,,,,,no,,,female,,0,0
KH02996,17448831,,,,,,,,,Vietnam,VN,,no,,,female,,0,0
KH02997,17448832,,,,,,,,,Vietnam,VN,,no,,,male,,0,0
KH02998,17448833,,,,,,,,,Vietnam,VN,,no,,,male,,0,0
KH02999,17448834,,,,,,,,,Vietnam,VN,,no,,,male,,0,0
KH03000,17448835,,,,,,,,,Vietnam,VN,,no,,,other,,0,0
KH03001,17448836,,,,,,,,,,,,no,,,male,,0,0
KH03002,17448837,,,,,,,,,,,,no,,,female,,0,0
KH03003,17448838,,,,,,,,,,,,no,,,female,,0,0
KH03004,17448839,,,,,,,,,Vietnam,VN,,no,,,female,,0,0
KH03005,17448840,,,,,,,,,Vietnam,VN,,no,,,male,,0,0
KH03006,17448841,,TP Hồ Chí Minh,TP Hồ Chí Minh,2.0,Quận Gò Vấp,42.0,Phường 1,9274.0,Vietnam,VN,,no,sapo_social,,male,,4258400,2
KH03007,17448842,,,,,,,,,Vietnam,VN,,no,,,male,,0,0
KH03008,17448843,,,,,,,,,,,,no,,,male,,0,0
KH03009,17448844,,,,,,,,,,,,no,,,female,,0,0
KH03010,17448845,,,,,,,,,Vietnam,VN,,no,,,female,,0,0
KH03011,17448846,,,,,,,,,,,,no,,,male,,0,0
KH03012,17448847,,,,,,,,,,,,no,,,male,,0,0
KH03013,17448848,,,,,,,,,,,,no,,,other,,0,0
KH03014,17448849,,,,,,,,,,,,no,,,male,,0,0
KH03015,17448850,,,,,,,,,,,,no,,,male,,0,0
KH03016,17448851,,,,,,,,,,,,no,,,male,,0,0
KH03017,17448852,,,,,,,,,Vietnam,VN,,no,,,male,,3590000,3
KH03018,17448853,,,,,,,,,,,,no,,,male,,0,0
KH03019,17448854,,,,,,,,,Vietnam,VN,,no,,,male,,0,0
KH03020,17448855,,,,,,,,,,,,no,,,female,,0,0
KH03021,17448856,,,,,,,,,,,,no,,,male,,0,0
KH03022,17448857,,,,,,,,,Vietnam,VN,,no,,,male,,0,0
KH03023,17448858,,,,,,,,,,,,no,,,male,,0,0
KH03024,17448859,,,,,,,,,,,,no,,,female,,0,0
KH03025,17448860,,,,,,,,,,,,no,,,male,,6189000,3
KH03026,17448861,,,,,,,,,Vietnam,VN,,no,,,female,,0,0
KH03027,17448862,,,,,,,,,Vietnam,VN,,no,,,female,,0,0
KH03028,17448863,,,,,,,,,,,,no,,,male,,0,0
KH03029,17448864,,,,,,,,,Vietnam,VN,,no,,,male,,0,0
KH03030,17448865,,,,,,,,,,,,no,,,other,,0,0
KH03031,17448866,,,,,,,,,,,,no,,,male,,0,0
KH03032,17448867,,,,,,,,,,,,no,,,female,,0,0
KH03033,17448868,,,,,,,,,,,,no,,,male,,0,0
KH03034,17448869,,,,,,,,,,,,no,,,male,,0,0
KH03035,17448870,,,,,,,,,,,,no,,,male,,956000,1
KH03036,17448871,,,,,,,,,Vietnam,VN,,no,,,male,,429000,1
KH03037,17448872,,TP Hồ Chí Minh,TP Hồ Chí Minh,2.0,Quận 10,39.0,Phường 15,9365.0,Vietnam,VN,,no,sapo_social,,male,,21235000,4
KH03038,17448873,,,,,,,,,,,,no,,,female,,0,0
KH03039,17448874,,,,,,,,,,,,no,,,female,,0,0
KH03040,17448875,,,,,,,,,,,,no,,,female,,0,0
KH03041,17448876,,,,,,,,,Vietnam,VN,,no,,,male,,0,0
KH03042,17448877,,,,,,,,,Vietnam,VN,,no,,,female,,0,0
KH03043,17448878,,,,,,,,,Vietnam,VN,,no,,,female,,0,0
KH03044,17448879,,,,,,,,,,,,no,,,male,,0,0
KH03045,17448880,,,,,,,,,,,,no,,,male,,0,0
KH03046,17448881,,,,,,,,,,,,no,,,male,,0,0
KH03047,17448882,,,,,,,,,,,,no,,,male,,0,0
KH03048,17448883,,,,,,,,,Vietnam,VN,,no,,,other,,0,0
KH03049,17448884,,,,,,,,,Vietnam,VN,,no,,,other,,0,0
KH03050,17448885,,,,,,,,,,,,no,,,male,,0,0
KH03051,17448886,,,,,,,,,,,,no,,,male,,0,0
KH03052,17448887,,,,,,,,,,,,no,,,female,,0,0
KH03053,17448889,,,,,,,,,,,,no,,,male,,0,0
KH03054,17448890,,,,,,,,,,,,no,,,male,,0,0
KH03055,17448891,,,,,,,,,,,,no,,,male,,0,0
KH03056,17448892,,,,,,,,,,,,no,,,female,,0,0
KH03057,17448893,,,,,,,,,,,,no,,,male,,0,0
KH03058,17448894,,,,,,,,,,,,no,,,male,,0,0
KH03059,17448895,,,,,,,,,,,,no,,,male,,0,0
KH03060,17448896,,,,,,,,,,,,no,,,male,,0,0
KH03061,17448897,,,,,,,,,,,,no,,,male,,0,0
KH03062,17448898,,,,,,,,,,,,no,,,male,,0,0
KH03063,17448899,,,,,,,,,,,,no,,,male,,0,0
KH03064,17448900,,,,,,,,,,,,no,,,female,,0,0
KH03065,17448901,,,,,,,,,,,,no,,,female,,0,0
KH03066,17448902,,,,,,,,,Vietnam,VN,,no,,,male,,0,0
KH03067,17448903,,Bến Tre,Bến Tre,9.0,,,,,Vietnam,VN,,no,,xe tuấn lan 0979571571,female,,0,0
KH03068,17448904,,,,,,,,,,,,no,,,female,,0,0
KH03069,17448905,,,,,,,,,,,,no,,,male,,0,0
KH03070,17448906,,,,,,,,,,,,no,,,male,,0,0
KH03071,17448907,,,,,,,,,,,,no,,,female,,0,0
KH03072,17448908,,,,,,,,,,,,no,,,male,,0,0
KH03073,17448909,,,,,,,,,,,,no,,,male,,0,0
KH03074,17448910,,,,,,,,,Vietnam,VN,,no,,,female,,0,0
KH03075,17448911,,,,,,,,,,,,no,,,male,,0,0
KH03076,17448912,,,,,,,,,Vietnam,VN,,no,,,male,,0,0
KH03077,17448913,,,,,,,,,,,,no,,,female,,0,0
KH03078,17448914,,,,,,,,,,,,no,,,male,,0,0
KH03079,17448915,,,,,,,,,,,,no,,,female,,0,0
KH03080,17448916,,,,,,,,,,,,no,,,male,,0,0
KH03081,17448917,,,,,,,,,,,,no,,,male,,0,0
KH03082,17448918,,,,,,,,,,,,no,,,female,,0,0
KH03083,17448919,,,,,,,,,,,,no,,,male,,0,0
KH03084,17448920,,,,,,,,,,,,no,,,male,,0,0
KH03085,17448921,,,,,,,,,,,,no,,,male,,0,0
KH03086,17448922,,,,,,,,,Vietnam,VN,,no,,,female,,0,0
KH03087,17448923,,,,,,,,,Vietnam,VN,,no,,,female,,0,0
KH03088,17448924,,TP Hồ Chí Minh,TP Hồ Chí Minh,2.0,Quận Gò Vấp,42.0,Phường 10,9270.0,Vietnam,VN,,no,sapo_social,,male,,6180000,2
KH03089,17448925,,,,,,,,,,,,no,,,male,,0,0
KH03090,17448926,,,,,,,,,,,,no,,,male,,0,0
KH03091,17448927,,,,,,,,,,,,no,,,female,,0,0
KH03092,17448928,,,,,,,,,,,,no,,,other,,0,0
KH03093,17448929,,Đà Nẵng,Đà Nẵng,17.0,,,,,Vietnam,VN,,no,,,male,,0,0
KH03094,17448930,,,,,,,,,,,,no,,,male,,0,0
KH03095,17448931,,,,,,,,,Vietnam,VN,,no,,,female,,0,0
KH03096,17448932,,,,,,,,,,,,no,,,female,,0,0
KH03097,17448933,,,,,,,,,,,,no,,,male,,0,0
KH03098,17448934,,,,,,,,,,,,no,,,female,,0,0
KH03099,17448935,,,,,,,,,,,,no,,,other,,0,0
KH03100,17448936,,,,,,,,,Vietnam,VN,,no,,,male,,0,0
KH03101,17448937,,,,,,,,,Vietnam,VN,,no,,,male,,0,0
KH03102,17448938,,,,,,,,,,,,no,,,male,,0,0
KH03103,17448939,,,,,,,,,,,,no,,,male,,0,0
KH03104,17448940,,,,,,,,,,,,no,,,female,,0,0
KH03105,17448941,,,,,,,,,,,,no,,,male,,0,0
KH03106,17448942,,,,,,,,,,,,no,,,male,,0,0
KH03107,17448943,,,,,,,,,,,,no,,,male,,0,0
KH03108,17448944,,,,,,,,,,,,no,,,female,,0,0
KH03109,17448945,,,,,,,,,,,,no,,,male,,0,0
KH03110,17448946,,,,,,,,,,,,no,,,female,,0,0
KH03111,17448947,,,,,,,,,,,,no,,,male,,0,0
KH03112,17448948,,,,,,,,,,,,no,,,male,,0,0
KH03113,17448949,,,,,,,,,,,,no,,,male,,0,0
KH03114,17448950,,,,,,,,,,,,no,,,female,,0,0
KH03115,17448951,,,,,,,,,,,,no,,,male,,0,0
KH03116,17448953,,,,,,,,,,,,no,,,female,,0,0
KH03117,17448954,,,,,,,,,,,,no,,,male,,0,0
KH03118,17448955,,,,,,,,,,,,no,,,male,,0,0
KH03119,17448956,,,,,,,,,,,,no,,,male,,0,0
KH03120,17448957,,,,,,,,,,,,no,,,male,,8033500,3
KH03121,17448958,,,,,,,,,,,,no,,,male,,0,0
KH03122,17448959,,,,,,,,,,,,no,,,male,,0,0
KH03123,17448960,,,,,,,,,,,,no,,,male,,0,0
KH03124,17448961,,,,,,,,,,,,no,,,female,,0,0
KH03125,17448962,,,,,,,,,,,,no,,,male,,0,0
KH03126,17448963,,,,,,,,,,,,no,,,other,,0,0
KH03127,17448964,,,,,,,,,,,,no,,,female,,0,0
KH03128,17448965,,,,,,,,,,,,no,,,male,,0,0
KH03129,17448966,,,,,,,,,,,,no,,,other,,0,0
KH03130,17448967,,,,,,,,,,,,no,,,male,,0,0
KH03131,17448968,,,,,,,,,,,,no,,,female,,0,0
KH03132,17448969,,,,,,,,,,,,no,,,male,,0,0
KH03133,17448970,,,,,,,,,,,,no,,,female,,0,0
KH03134,17448971,,,,,,,,,,,,no,,,female,,0,0
KH03135,17448972,,,,,,,,,,,,no,,,male,,0,0
KH03136,17448973,,,,,,,,,,,,no,,,female,,0,0
KH03137,17448974,,,,,,,,,Vietnam,VN,,no,,,male,,0,0
KH03138,17448975,,,,,,,,,,,,no,,,male,,0,0
KH03139,17448976,,,,,,,,,Vietnam,VN,,no,,,male,,0,0
KH03140,17448977,,,,,,,,,Vietnam,VN,,no,,,female,,600000,1
KH03141,17448978,,,,,,,,,,,,no,,,other,,0,0
KH03142,17448979,,,,,,,,,,,,no,,,male,,0,0
KH03143,17448980,,,,,,,,,,,,no,,,female,,0,0
KH03144,17448981,,,,,,,,,,,,no,,,other,,0,0
KH03145,17448982,,,,,,,,,,,,no,,,female,,0,0
KH03146,17448983,,,,,,,,,,,,no,,,female,,0,0
KH03147,17448984,,,,,,,,,,,,no,,,male,,0,0
KH03148,17448985,,,,,,,,,,,,no,,,male,,0,0
KH03149,17448986,,,,,,,,,,,,no,,,female,,0,0
KH03150,17448987,,,,,,,,,,,,no,,,male,,0,0
KH03151,17448988,,,,,,,,,,,,no,,,male,,0,0
KH03152,17448989,,,,,,,,,,,,no,,,male,,0,0
KH03153,17448990,,,,,,,,,,,,no,,,male,,0,0
KH03154,17448991,,,,,,,,,,,,no,,,male,,0,0
KH03155,17448992,,,,,,,,,,,,no,,,male,,0,0
KH03156,17448993,,,,,,,,,,,,no,,,male,,0,0
KH03157,17448994,,,,,,,,,,,,no,,,male,,0,0
KH03158,17448995,,,,,,,,,Vietnam,VN,,no,,,female,,0,0
KH03159,17448996,,,,,,,,,,,,no,,,male,,0,0
KH03160,17448997,,,,,,,,,,,,no,,,male,,0,0
KH03161,17448998,,,,,,,,,,,,no,,,female,,0,0
KH03162,17448999,,,,,,,,,,,,no,,,male,,0,0
KH03163,17449000,,,,,,,,,,,,no,,,male,,0,0
KH03164,17449001,,,,,,,,,,,,no,,,male,,0,1
KH03165,17449002,,,,,,,,,,,,no,,,male,,0,0
KH03166,17449003,,,,,,,,,,,,no,,,male,,0,0
KH03167,17449004,,,,,,,,,,,,no,,,other,,0,0
KH03168,17449005,,,,,,,,,,,,no,,,female,,0,0
KH03169,17449006,,,,,,,,,,,,no,,,female,,0,0
KH03170,17449007,,,,,,,,,,,,no,,,female,,0,0
KH03171,17449008,,,,,,,,,,,,no,,,female,,0,0
KH03172,17449009,,,,,,,,,,,,no,,,male,,0,0
KH03173,17449010,,,,,,,,,,,,no,,,male,,0,0
KH03174,17449011,,,,,,,,,,,,no,,,female,,0,0
KH03175,17449012,,,,,,,,,,,,no,,,female,,0,0
KH03176,17449013,,,,,,,,,,,,no,,,male,,0,0
KH03177,17449014,,,,,,,,,,,,no,,,other,,0,0
KH03178,17449015,,,,,,,,,,,,no,,,male,,0,0
KH03179,17449016,,,,,,,,,,,,no,,,other,,0,0
KH03180,17449017,,,,,,,,,Vietnam,VN,,no,,,female,,0,0
KH03181,17449018,,,,,,,,,,,,no,,,male,,0,0
KH03182,17449019,,,,,,,,,,,,no,,,male,,0,0
KH03183,17449020,,,,,,,,,,,,no,,,female,,0,0
KH03184,17449021,,,,,,,,,,,,no,,,male,,0,0
KH03185,17449022,,,,,,,,,Vietnam,VN,,no,,,male,,0,0
KH03186,17449023,,,,,,,,,,,,no,,,female,,0,0
KH03187,17449024,,,,,,,,,,,,no,,,male,,0,0
KH03188,17449025,,,,,,,,,,,,no,,,female,,0,0
KH03189,17449026,,,,,,,,,,,,no,,,male,,6230000,2
KH03190,17449027,,,,,,,,,,,,no,,,female,,0,0
KH03191,17449028,,TP Hồ Chí Minh,TP Hồ Chí Minh,2.0,Quận 6,35.0,Phường 13,9427.0,Vietnam,VN,,no,,,female,,580000,1
KH03192,17449029,,,,,,,,,,,,no,,,male,,0,0
KH03193,17449030,,,,,,,,,,,,no,,,female,,0,0
KH03194,17449031,,,,,,,,,,,,no,,,male,,0,0
KH03195,17449032,,,,,,,,,,,,no,,,male,,0,0
KH03196,17449033,,,,,,,,,,,,no,,,male,,0,0
KH03197,17449034,,,,,,,,,,,,no,,,other,,0,0
KH03198,17449035,,,,,,,,,,,,no,,,male,,0,0
KH03199,17449036,,,,,,,,,,,,no,,,female,,0,0
KH03200,17449037,,,,,,,,,,,,no,,,other,,0,0
KH03201,17449038,,,,,,,,,,,,no,,,male,,0,0
KH03202,17449039,,,,,,,,,,,,no,,,female,,0,0
KH03203,17449040,,,,,,,,,,,,no,,,other,,0,0
KH03204,17449041,,,,,,,,,,,,no,,,female,,1000000,2
KH03205,17449042,,,,,,,,,,,,no,,,female,,0,0
KH03206,17449043,,,,,,,,,,,,no,,,female,,0,0
KH03207,17449044,,,,,,,,,,,,no,,,other,,0,0
KH03208,17449045,,,,,,,,,,,,no,,,male,,0,0
KH03209,17449046,,,,,,,,,,,,no,,,male,,0,0
KH03210,17449047,,,,,,,,,,,,no,,,male,,0,0
KH03211,17449048,,,,,,,,,,,,no,,,other,,0,0
KH03212,17449049,,,,,,,,,,,,no,,,male,,0,0
KH03213,17449050,,,,,,,,,,,,no,,,male,,0,0
KH03214,17449051,,,,,,,,,,,,no,,,female,,0,0
KH03215,17449052,,,,,,,,,,,,no,,,male,,0,0
KH03216,17449053,,,,,,,,,,,,no,,,female,,0,0
KH03217,17449054,,,,,,,,,,,,no,,,male,,1730000,1
KH03218,17449055,,,,,,,,,,,,no,,,male,,0,0
KH03219,17449056,,,,,,,,,,,,no,,,female,,0,0
KH03220,17449057,,,,,,,,,,,,no,,,female,,0,0
KH03221,17449058,,,,,,,,,,,,no,,,male,,0,0
KH03222,17449059,,,,,,,,,,,,no,,,male,,0,0
KH03223,17449060,,,,,,,,,,,,no,,,other,,0,0
KH03224,17449061,,,,,,,,,,,,no,,,female,,0,0
KH03225,17449062,,,,,,,,,,,,no,,,female,,0,0
KH03226,17449063,,,,,,,,,,,,no,,,male,,0,0
KH03227,17449064,,,,,,,,,,,,no,,,female,,0,0
KH03228,17449065,,,,,,,,,,,,no,,,male,,0,0
KH03229,17449066,,,,,,,,,,,,no,,,female,,0,0
KH03230,17449067,,,,,,,,,,,,no,,,female,,0,0
KH03231,17449068,,,,,,,,,,,,no,,,male,,0,0
KH03232,17449069,,,,,,,,,,,,no,,,male,,0,0
KH03233,17449070,,,,,,,,,,,,no,,,male,,0,0
KH03234,17449071,,,,,,,,,,,,no,,,male,,0,0
KH03235,17449072,,,,,,,,,,,,no,,,male,,0,0
KH03236,17449073,,,,,,,,,,,,no,,,male,,0,0
KH03237,17449074,,,,,,,,,,,,no,,,female,,0,0
KH03238,17449075,,,,,,,,,,,,no,,,female,,0,0
KH03239,17449076,,,,,,,,,,,,no,,,female,,0,0
KH03240,17449077,,,,,,,,,,,,no,,,male,,0,0
KH03241,17449078,,,,,,,,,,,,no,,,male,,0,0
KH03242,17449079,,,,,,,,,,,,no,,,other,,0,0
KH03243,17449080,,,,,,,,,,,,no,,,female,,0,0
KH03244,17449081,,,,,,,,,,,,no,,,female,,0,0
KH03245,17449082,,,,,,,,,,,,no,,,male,,0,0
KH03246,17449083,,,,,,,,,,,,no,,,female,,0,0
KH03247,17449084,,,,,,,,,,,,no,,,male,,0,0
KH03248,17449085,,,,,,,,,,,,no,,,female,,0,0
KH03249,17449086,,,,,,,,,,,,no,,,male,,0,0
KH03250,17449087,,,,,,,,,,,,no,,,male,,0,0
KH03251,17449088,,,,,,,,,,,,no,,,female,,0,0
KH03252,17449089,,,,,,,,,Vietnam,VN,,no,,,female,,0,0
KH03253,17449090,,,,,,,,,,,,no,,,female,,0,0
KH03254,17449091,,,,,,,,,,,,no,,,female,,0,0
KH03255,17449092,,,,,,,,,,,,no,,,female,,0,0
KH03256,17449093,,,,,,,,,,,,no,,,male,,0,0
KH03257,17449094,,,,,,,,,,,,no,,,male,,0,0
KH03258,17449095,,,,,,,,,,,,no,,,male,,0,0
KH03259,17449096,,,,,,,,,,,,no,,,male,,0,0
KH03260,17449097,,,,,,,,,,,,no,,,male,,0,0
KH03261,17449098,,,,,,,,,,,,no,,,male,,0,0
KH03262,17449099,,,,,,,,,,,,no,,,male,,0,0
KH03263,17449100,,,,,,,,,,,,no,,,female,,0,0
KH03264,17449101,,,,,,,,,,,,no,,,male,,0,0
KH03265,17449102,,,,,,,,,,,,no,,,male,,0,0
KH03266,17449103,,,,,,,,,,,,no,,,male,,0,0
KH03267,17449104,,,,,,,,,,,,no,,,female,,0,0
KH03268,17449105,,,,,,,,,,,,no,,,male,,0,0
KH03269,17449106,,,,,,,,,,,,no,,,male,,0,0
KH03270,17449107,,,,,,,,,,,,no,,,female,,0,0
KH03271,17449108,,,,,,,,,,,,no,,,female,,0,0
KH03272,17449109,,,,,,,,,,,,no,,,female,,0,0
KH03273,17449110,,,,,,,,,,,,no,,,female,,0,0
KH03274,17449111,,,,,,,,,,,,no,,,male,,0,0
KH03275,17449112,,,,,,,,,,,,no,,,female,,0,0
KH03276,17449113,,,,,,,,,,,,no,,,male,,0,0
KH03277,17449114,,,,,,,,,,,,no,,,male,,0,0
KH03278,17449115,,,,,,,,,,,,no,,,other,,0,0
KH03279,17449116,,,,,,,,,,,,no,,,female,,0,0
KH03280,17449117,,,,,,,,,,,,no,,,male,,0,0
KH03281,17449118,,,,,,,,,,,,no,,,male,,0,0
KH03282,17449119,,,,,,,,,Vietnam,VN,,no,,,male,,0,0
KH03283,17449120,,,,,,,,,,,,no,,,female,,0,0
KH03284,17449121,,,,,,,,,Vietnam,VN,,no,,,male,,0,0
KH03285,17449122,,,,,,,,,Vietnam,VN,,no,,,male,,0,0
KH03286,17449123,,,,,,,,,Vietnam,VN,,no,,,male,,0,0
KH03287,17449124,,,,,,,,,Vietnam,VN,,no,,,male,,0,0
KH03288,17449125,,,,,,,,,,,,no,,,male,,0,0
KH03289,17449126,,,,,,,,,,,,no,,,male,,0,0
KH03290,17449127,,,,,,,,,,,,no,,,female,,0,0
KH03291,17449128,,,,,,,,,,,,no,,,male,,0,0
KH03292,17449129,,,,,,,,,,,,no,,,female,,0,0
KH03293,17449130,,,,,,,,,,,,no,,,male,,0,0
KH03294,17449131,,,,,,,,,,,,no,,,male,,0,0
KH03295,17449132,,,,,,,,,,,,no,,,male,,0,0
KH03296,17449133,,,,,,,,,,,,no,,,female,,0,0
KH03297,17449134,,,,,,,,,,,,no,,,male,,0,0
KH03298,17449135,,,,,,,,,,,,no,,,male,,0,0
KH03299,17449136,,,,,,,,,,,,no,,,other,,0,0
KH03300,17449137,,,,,,,,,,,,no,,,male,,0,0
KH03301,17449138,,,,,,,,,,,,no,,,male,,0,0
KH03302,17449139,,,,,,,,,,,,no,,,male,,0,0
KH03303,17449140,,,,,,,,,,,,no,,,male,,0,0
KH03304,17449141,,,,,,,,,,,,no,,,male,,0,0
KH03305,17449142,,,,,,,,,,,,no,,,male,,0,0
KH03306,17449143,,,,,,,,,,,,no,,,male,,0,0
KH03307,17449144,,,,,,,,,,,,no,,,male,,0,0
KH03308,17449145,,,,,,,,,,,,no,,,male,,0,0
KH03309,17449146,,,,,,,,,,,,no,,,male,,0,0
KH03310,17449147,,,,,,,,,,,,no,,,male,,0,0
KH03311,17449148,,,,,,,,,,,,no,,,other,,0,0
KH03312,17449149,,,,,,,,,,,,no,,,male,,0,0
KH03313,17449150,,,,,,,,,,,,no,,,male,,0,0
KH03314,17449151,,,,,,,,,,,,no,,,female,,0,0
KH03315,17449152,,,,,,,,,Vietnam,VN,,no,sapo_social,,female,,4870000,5
KH03316,17449153,,,,,,,,,,,,no,,,male,,0,0
KH03317,17449154,,,,,,,,,,,,no,,,male,,0,0
KH03318,17449155,,,,,,,,,,,,no,,,male,,0,0
KH03319,17449156,,,,,,,,,,,,no,,,male,,0,0
KH03320,17449157,,,,,,,,,,,,no,,,female,,0,0
KH03321,17449158,,,,,,,,,,,,no,,,male,,0,0
KH03322,17449159,,,,,,,,,,,,no,,,male,,1357000,2
KH03323,17449160,,,,,,,,,,,,no,,,male,,0,0
KH03324,17449161,,,,,,,,,Vietnam,VN,,no,,,male,,0,0
KH03325,17449162,,,,,,,,,,,,no,,,female,,0,0
KH03326,17449163,,,,,,,,,,,,no,,,male,,0,0
KH03327,17449164,,,,,,,,,,,,no,,,male,,0,0
KH03328,17449165,,,,,,,,,,,,no,,,male,,0,0
KH03329,17449166,,,,,,,,,,,,no,,,male,,0,0
KH03330,17449167,,,,,,,,,Vietnam,VN,,no,,,female,,0,0
KH03331,17449168,,,,,,,,,Vietnam,VN,,no,,,male,,0,0
KH03332,17449169,,,,,,,,,Vietnam,VN,,no,,,male,,13640000,4
KH03333,17449170,,,,,,,,,,,,no,,,male,,0,0
KH03334,17449171,,,,,,,,,,,,no,,,female,,0,0
KH03335,17449172,,,,,,,,,,,,no,,,other,,0,0
KH03336,17449173,,,,,,,,,,,,no,,,male,,0,0
KH03337,17449174,,,,,,,,,,,,no,,,male,,0,0
KH03338,17449175,,,,,,,,,,,,no,,,male,,7975000,1
KH03339,17449176,,,,,,,,,,,,no,,,male,,0,0
KH03340,17449177,,,,,,,,,,,,no,,,other,,0,0
KH03341,17449178,,,,,,,,,,,,no,,,male,,0,0
KH03342,17449179,,,,,,,,,,,,no,,,female,,0,0
KH03343,17449180,,,,,,,,,,,,no,,,male,,0,0
KH03344,17449181,,,,,,,,,,,,no,,,male,,0,0
KH03345,17449182,,,,,,,,,,,,no,,,male,,0,0
KH03346,17449183,,,,,,,,,,,,no,,,male,,0,0
KH03347,17449184,,,,,,,,,,,,no,,,female,,0,0
KH03348,17449185,,,,,,,,,,,,no,,,male,,0,0
KH03349,17449186,,,,,,,,,,,,no,,,female,,0,0
KH03350,17449187,,,,,,,,,,,,no,,,male,,8910000,1
KH03351,17449188,,,,,,,,,,,,no,,,male,,0,0
KH03352,17449189,,,,,,,,,,,,no,,,other,,0,0
KH03353,17449190,,TP Hồ Chí Minh,TP Hồ Chí Minh,2.0,Quận Gò Vấp,42.0,Phường 7,9272.0,Vietnam,VN,,no,sapo_social,,male,,5400000,3
KH03354,17449191,,,,,,,,,,,,no,,,female,,0,0
KH03355,17449192,,,,,,,,,,,,no,,,female,,0,0
KH03356,17449193,,,,,,,,,,,,no,,,male,,0,0
KH03357,17449194,,,,,,,,,,,,no,,,female,,0,0
KH03358,17449195,,,,,,,,,,,,no,,,female,,0,0
KH03359,17449196,,,,,,,,,,,,no,,,male,,0,0
KH03360,17449197,,,,,,,,,Vietnam,VN,,no,,,female,,0,0
KH03361,17449198,,,,,,,,,Vietnam,VN,,no,,,male,,0,0
KH03362,17449199,,,,,,,,,Vietnam,VN,,no,,,male,,0,0
KH03363,17449200,,,,,,,,,Vietnam,VN,,no,,,male,,0,0
KH03364,17449201,,,,,,,,,Vietnam,VN,,no,,,female,,0,0
KH03365,17449202,,,,,,,,,Vietnam,VN,,no,,,male,,0,0
KH03366,17449203,,,,,,,,,Vietnam,VN,,no,,,male,,0,0
KH03367,17449204,,,,,,,,,,,,no,,,male,,0,0
KH03368,17449205,,,,,,,,,Vietnam,VN,,no,,,male,,900000,1
KH03369,17449206,,,,,,,,,,,,no,,,male,,0,0
KH03370,17449207,,,,,,,,,,,,no,,,male,,0,0
KH03371,17449208,,,,,,,,,,,,no,,,male,,0,0
KH03372,17449209,,,,,,,,,,,,no,,,female,,0,0
KH03373,17449210,,,,,,,,,,,,no,,,male,,0,0
KH03374,17449211,,,,,,,,,,,,no,,,female,,0,0
KH03375,17449212,,,,,,,,,,,,no,,,male,,0,0
KH03376,17449213,,,,,,,,,,,,no,,,male,,0,0
KH03377,17449214,,,,,,,,,,,,no,,,male,,0,0
KH03378,17449215,,,,,,,,,,,,no,,,male,,0,0
KH03379,17449216,,,,,,,,,,,,no,,,female,,0,0
KH03380,17449217,,,,,,,,,,,,no,,,male,,0,0
KH03381,17449218,,,,,,,,,,,,no,,,male,,0,0
KH03382,17449219,,,,,,,,,,,,no,,,male,,0,0
KH03383,17449220,,,,,,,,,,,,no,,,other,,0,0
KH03384,17449221,,,,,,,,,,,,no,,,male,,0,0
KH03385,17449222,,,,,,,,,,,,no,,,female,,0,0
KH03386,17449223,,,,,,,,,,,,no,,,male,,0,0
KH03387,17449224,,,,,,,,,,,,no,,,other,,0,0
KH03388,17449225,,,,,,,,,,,,no,,,male,,0,0
KH03389,17449226,,,,,,,,,,,,no,,,male,,0,0
KH03390,17449227,,,,,,,,,,,,no,,,male,,0,0
KH03391,17449228,,,,,,,,,,,,no,,,male,,0,0
KH03392,17449229,,,,,,,,,,,,no,,,male,,0,0
KH03393,17449230,,,,,,,,,,,,no,,,male,,0,0
KH03394,17449231,,,,,,,,,,,,no,,,male,,0,0
KH03395,17449232,,,,,,,,,,,,no,,,female,,0,0
KH03396,17449233,,,,,,,,,,,,no,,,female,,0,0
KH03397,17449234,,,,,,,,,Vietnam,VN,,no,,,male,,0,0
KH03398,17449235,,,,,,,,,,,,no,,,male,,0,0
KH03399,17449236,,,,,,,,,Vietnam,VN,,no,,,other,,390000,1
KH03400,17449237,,,,,,,,,,,,no,,,female,,0,0
KH03401,17449238,,,,,,,,,Vietnam,VN,,no,,,male,,0,0
KH03402,17449239,,,,,,,,,Vietnam,VN,,no,,,male,,0,0
KH03403,17449240,,,,,,,,,Vietnam,VN,,no,,,female,,0,0
KH03404,17449241,,,,,,,,,Vietnam,VN,,no,,,other,,0,0
KH03405,17449242,,,,,,,,,Vietnam,VN,,no,,,male,,0,0
KH03406,17449243,,,,,,,,,Vietnam,VN,,no,,,other,,0,0
KH03407,17449244,,,,,,,,,Vietnam,VN,,no,,,male,,0,0
KH03408,17449245,,,,,,,,,,,,no,,,male,,0,0
KH03409,17449246,,,,,,,,,Vietnam,VN,,no,,,male,,0,0
KH03410,17449247,,,,,,,,,Vietnam,VN,,no,,,male,,0,0
KH03411,17449248,,,,,,,,,Vietnam,VN,,no,,,male,,0,0
KH03412,17449249,,,,,,,,,Vietnam,VN,,no,,,female,,0,0
KH03413,17449250,,,,,,,,,Vietnam,VN,,no,,,female,,0,0
KH03414,17449251,,,,,,,,,Vietnam,VN,,no,,,male,,0,0
KH03415,17449252,,,,,,,,,,,,no,,,female,,0,0
KH03416,17449253,,,,,,,,,,,,no,,,male,,0,0
KH03417,17449254,,,,,,,,,,,,no,,,female,,0,0
KH03418,17449255,,,,,,,,,,,,no,,,female,,0,0
KH03419,17449256,,,,,,,,,,,,no,,,male,,0,0
KH03420,17449257,,,,,,,,,,,,no,,,male,,0,0
KH03421,17449258,,,,,,,,,,,,no,,,male,,0,0
KH03422,17449259,,,,,,,,,,,,no,,,male,,0,0
KH03423,17449260,,,,,,,,,,,,no,,,male,,0,0
KH03424,17449261,,,,,,,,,,,,no,,,other,,0,0
KH03425,17449262,,,,,,,,,Vietnam,VN,,no,,,male,,0,0
KH03426,17449263,,,,,,,,,,,,no,,,male,,0,0
KH03427,17449264,,,,,,,,,,,,no,,,male,,0,0
KH03428,17449265,,,,,,,,,,,,no,,,female,,0,0
KH03429,17449266,,,,,,,,,,,,no,,,female,,0,0
KH03430,17449267,,,,,,,,,,,,no,,,male,,0,0
KH03431,17449268,,,,,,,,,,,,no,,,male,,0,0
KH03432,17449269,,,,,,,,,,,,no,,,male,,0,0
KH03433,17449270,,,,,,,,,,,,no,,,male,,0,0
KH03434,17449271,,,,,,,,,,,,no,,,male,,0,0
KH03435,17449272,,,,,,,,,,,,no,,,female,,0,0
KH03436,17449273,,,,,,,,,,,,no,,,male,,0,0
KH03437,17449274,,,,,,,,,,,,no,,,female,,0,0
KH03438,17449275,,,,,,,,,,,,no,,,male,,0,0
KH03439,17449276,,,,,,,,,,,,no,,,other,,0,0
KH03440,17449277,,,,,,,,,,,,no,,,male,,0,0
KH03441,17449278,,,,,,,,,,,,no,,,male,,0,0
KH03442,17449279,,,,,,,,,,,,no,,,male,,0,0
KH03443,17449280,,,,,,,,,Vietnam,VN,,no,,,male,,0,0
KH03444,17449281,,,,,,,,,,,,no,,,female,,0,0
KH03445,17449282,CÔNG TY CỔ PHẦN CÔNG NGHỆ ĐÔNG DƯƠNG,,,,,,,,Vietnam,VN,,no,,,female,,0,0
KH03446,17449283,,,,,,,,,Vietnam,VN,,no,,,male,,6060000,4
KH03447,17449284,,,,,,,,,Vietnam,VN,,no,,,male,,0,0
KH03448,17449285,,,,,,,,,,,,no,,,male,,0,0
KH03449,17449286,,,,,,,,,,,,no,,,male,,0,0
KH03450,17449287,CTY TNHH THƯƠNG MAI VĂN TUẤN DŨNG,,,,,,,,Vietnam,VN,,no,,,male,,0,0
KH03451,17449288,,,,,,,,,Vietnam,VN,,no,,,male,,0,0
KH03452,17449289,,,,,,,,,Vietnam,VN,,no,,,female,,0,0
KH03453,17449290,,,,,,,,,Vietnam,VN,,no,,,male,,0,0
KH03454,17449291,,,,,,,,,Vietnam,VN,,no,,,male,,0,0
KH03455,17449292,,,,,,,,,Vietnam,VN,,no,,,male,,0,0
KH03456,17449293,,,,,,,,,Vietnam,VN,,no,,,female,,0,0
KH03457,17449294,,,,,,,,,Vietnam,VN,,no,,,female,,0,0
KH03458,17449295,,,,,,,,,Vietnam,VN,,no,,,male,,600000,1
KH03459,17449296,,,,,,,,,Vietnam,VN,,no,,,male,,0,0
KH03460,17449297,,,,,,,,,Vietnam,VN,,no,,,male,,0,0
KH03461,17449298,,,,,,,,,Vietnam,VN,,no,,,female,,0,0
KH03462,17449299,,,,,,,,,Vietnam,VN,,no,,,male,,0,0
KH03463,17449300,,,,,,,,,Vietnam,VN,,no,,,male,,0,0
KH03464,17449301,,,,,,,,,Vietnam,VN,,no,,,female,,0,0
KH03465,17449302,,,,,,,,,Vietnam,VN,,no,,,male,,0,0
KH03466,17449303,,,,,,,,,Vietnam,VN,,no,,,male,,0,0
KH03467,17449304,,,,,,,,,Vietnam,VN,,no,,,male,,0,0
KH03468,17449305,,,,,,,,,Vietnam,VN,,no,,,male,,0,0
KH03469,17449306,,,,,,,,,Vietnam,VN,,no,,,male,,0,0
KH03470,17449307,,,,,,,,,Vietnam,VN,,no,,,male,,0,0
KH03471,17449308,,,,,,,,,,,,no,,,other,,800000,1
KH03472,17449309,,,,,,,,,,,,no,,,female,,0,0
KH03473,17449310,,,,,,,,,,,,no,,,male,,0,0
KH03474,17449311,,,,,,,,,,,,no,,,female,,0,0
KH03475,17449312,,,,,,,,,,,,no,,,male,,0,0
KH03476,17449313,,,,,,,,,,,,no,,,female,,0,0
KH03477,17449314,,,,,,,,,,,,no,,,female,,0,0
KH03478,17449315,,,,,,,,,,,,no,,,female,,0,0
KH03479,17449316,,,,,,,,,,,,no,,,male,,450000,1
KH03480,17449317,,,,,,,,,,,,no,,,male,,0,0
KH03481,17449318,,,,,,,,,,,,no,,,female,,0,0
KH03482,17449319,,,,,,,,,,,,no,,,male,,0,0
KH03483,17449320,,,,,,,,,,,,no,,,male,,0,0
KH03484,17449321,,,,,,,,,,,,no,,,male,,0,0
KH03485,17449322,,,,,,,,,,,,no,,,female,,0,0
KH03486,17449323,,,,,,,,,,,,no,,,female,,0,0
KH03487,17449324,,,,,,,,,,,,no,,,male,,0,0
KH03488,17449325,,,,,,,,,,,,no,,,female,,0,0
KH03489,17449326,,,,,,,,,,,,no,,,male,,0,0
KH03490,17449327,,TP Hồ Chí Minh,TP Hồ Chí Minh,2.0,Quận Bình Thạnh,45.0,Phường 17,9294.0,Vietnam,VN,,no,sapo_social,,male,,3450000,1
KH03491,17449328,,,,,,,,,,,,no,,,female,,0,0
KH03492,17449329,,,,,,,,,,,,no,,,male,,0,0
KH03493,17449330,,,,,,,,,,,,no,,,male,,0,0
KH03494,17449331,,,,,,,,,Vietnam,VN,,no,,,male,,0,0
KH03495,17449332,,,,,,,,,,,,no,,,female,,0,0
KH03496,17449333,,,,,,,,,Vietnam,VN,,no,,,female,,0,0
KH03497,17449334,,,,,,,,,Vietnam,VN,,no,,,female,,0,0
KH03498,17449335,,,,,,,,,,,,no,,,female,,0,0
KH03499,17449336,,,,,,,,,,,,no,,,female,,0,0
KH03500,17449337,,,,,,,,,,,,no,,,female,,0,0
KH03501,17449338,,,,,,,,,Vietnam,VN,,no,,,male,,0,0
KH03502,17449339,,,,,,,,,Vietnam,VN,,no,,,male,,0,0
KH03503,17449340,,,,,,,,,,,,no,,,male,,0,0
KH03504,17449341,,,,,,,,,,,,no,,,male,,3366000,5
KH03505,17449342,,,,,,,,,,,,no,,,male,,0,0
KH03506,17449343,,,,,,,,,,,,no,,,female,,0,0
KH03507,17449344,,Trà Vinh,Trà Vinh,59.0,,,,,Vietnam,VN,,no,,,female,,0,0
KH03508,17449345,,,,,,,,,Vietnam,VN,,no,,,other,,0,0
KH03509,17449346,,,,,,,,,,,,no,,,male,,0,0
KH03510,17449347,,,,,,,,,,,,no,,,male,,0,0
KH03511,17449348,,,,,,,,,,,,no,,,male,,0,0
KH03512,17449349,,,,,,,,,,,,no,,,male,,0,0
KH03513,17449350,,,,,,,,,,,,no,,,male,,0,0
KH03514,17449351,,,,,,,,,,,,no,,,male,,0,0
KH03515,17449352,,,,,,,,,,,,no,,,male,,0,0
KH03516,17449353,,,,,,,,,,,,no,,,female,,0,0
KH03517,17449354,,,,,,,,,,,,no,,,male,,0,0
KH03518,17449355,,,,,,,,,,,,no,,,male,,0,0
KH03519,17449356,,,,,,,,,,,,no,,,male,,0,0
KH03520,17449357,,,,,,,,,,,,no,,,female,,0,0
KH03521,17449358,,,,,,,,,,,,no,,,male,,0,0
KH03522,17449359,,TP Hồ Chí Minh,TP Hồ Chí Minh,2.0,Quận Phú Nhuận,46.0,Phường 15,9333.0,Vietnam,VN,,no,sapo_social,,female,,127847900,8
KH03523,17449360,,,,,,,,,,,,no,,,male,,0,0
KH03524,17449361,,,,,,,,,,,,no,,,female,,0,0
KH03525,17449362,,,,,,,,,,,,no,,,male,,0,0
KH03526,17449363,,,,,,,,,Vietnam,VN,,no,,,female,,0,0
KH03527,17449364,,,,,,,,,,,,no,,,male,,0,0
KH03528,17449365,,,,,,,,,,,,no,,,female,,0,0
KH03529,17449366,,,,,,,,,,,,no,,,female,,357000,1
KH03530,17449367,,,,,,,,,,,,no,,,male,,0,0
KH03531,17449368,,,,,,,,,,,,no,,,male,,0,0
KH03532,17449369,,TP Hồ Chí Minh,TP Hồ Chí Minh,2.0,Thành phố Thủ Đức,10924.0,Phường An Khánh,107427.0,Vietnam,VN,,no,sapo_social,,male,,9095000,5
KH03533,17449370,,,,,,,,,,,,no,,,female,,0,0
KH03534,17449371,,,,,,,,,,,,no,,,male,,2100000,1
KH03535,17449372,,,,,,,,,,,,no,,,female,,0,0
KH03536,17449373,,,,,,,,,,,,no,,,male,,0,0
KH03537,17449374,,,,,,,,,,,,no,,,male,,0,0
KH03538,17449375,,,,,,,,,,,,no,,,female,,0,0
KH03539,17449376,,,,,,,,,,,,no,,,other,,0,0
KH03540,17449377,,,,,,,,,Vietnam,VN,,no,,,male,,0,0
KH03541,17449378,,,,,,,,,,,,no,,,other,,0,0
KH03542,17449379,,,,,,,,,Vietnam,VN,,no,,,other,,0,0
KH03543,17449380,,,,,,,,,,,,no,,,male,,0,0
KH03544,17449381,,,,,,,,,,,,no,,,male,,0,0
KH03545,17449382,,,,,,,,,,,,no,,,other,,0,0
KH03546,17449383,,,,,,,,,Vietnam,VN,,no,,,male,,0,0
KH03547,17449384,,,,,,,,,Vietnam,VN,,no,,,male,,0,0
KH03548,17449385,,,,,,,,,Vietnam,VN,,no,,,male,,0,0
KH03549,17449386,,,,,,,,,Vietnam,VN,,no,,,male,,0,0
KH03550,17449387,,,,,,,,,Vietnam,VN,,no,,,male,,0,0
KH03551,17449388,,,,,,,,,Vietnam,VN,,no,,,male,,0,0
KH03552,17449389,,,,,,,,,Vietnam,VN,,no,,,male,,0,0
KH03553,17449390,,,,,,,,,Vietnam,VN,,no,,,male,,0,0
KH03554,17449391,,,,,,,,,Vietnam,VN,,no,,,female,,0,0
KH03555,17449392,,,,,,,,,Vietnam,VN,,no,,,male,,0,0
KH03556,17449393,,,,,,,,,Vietnam,VN,,no,,,male,,0,0
KH03557,17449394,,,,,,,,,Vietnam,VN,,no,,,male,,0,0
KH03558,17449395,,,,,,,,,Vietnam,VN,,no,,,male,,0,0
KH03559,17449396,,,,,,,,,Vietnam,VN,,no,,,male,,0,0
KH03560,17449397,,,,,,,,,Vietnam,VN,,no,,,female,,0,0
KH03561,17449398,,,,,,,,,,,,no,,,male,,0,0
KH03562,17449399,,,,,,,,,,,,no,,,female,,0,0
KH03563,17449400,,,,,,,,,,,,no,,,female,,0,0
KH03564,17449401,,,,,,,,,,,,no,,,male,,0,0
KH03565,17449402,,,,,,,,,,,,no,,,other,,0,0
KH03566,17449403,,,,,,,,,,,,no,,,male,,0,0
KH03567,17449404,,,,,,,,,,,,no,,,male,,0,0
KH03568,17449405,,,,,,,,,,,,no,,,male,,0,0
KH03569,17449406,,,,,,,,,,,,no,,,male,,0,0
KH03570,17449407,,,,,,,,,,,,no,,,male,,4700000,3
KH03571,17449408,,,,,,,,,,,,no,,,female,,0,0
KH03572,17449409,,,,,,,,,,,,no,,,male,,0,0
KH03573,17449410,,,,,,,,,,,,no,,,male,,0,0
KH03574,17449411,,,,,,,,,,,,no,,,male,,0,0
KH03575,17449412,,,,,,,,,,,,no,,,male,,0,0
KH03576,17449413,,,,,,,,,,,,no,,,male,,0,0
KH03577,17449414,,,,,,,,,,,,no,,,male,,0,0
KH03578,17449415,,,,,,,,,,,,no,,,male,,0,0
KH03579,17449416,,,,,,,,,,,,no,,,female,,0,0
KH03580,17449417,,,,,,,,,Vietnam,VN,,no,,,male,,0,0
KH03581,17449418,,,,,,,,,Vietnam,VN,,no,,,female,,0,0
KH03582,17449419,,,,,,,,,Vietnam,VN,,no,,,female,,0,0
KH03583,17449420,,,,,,,,,,,,no,,,male,,0,0
KH03584,17449421,,,,,,,,,,,,no,,,male,,0,0
KH03585,17449422,,,,,,,,,,,,no,,,male,,0,0
KH03586,17449423,,,,,,,,,,,,no,,,female,,0,0
KH03587,17449424,,,,,,,,,,,,no,,,male,,0,0
KH03588,17449425,,,,,,,,,,,,no,,,female,,0,0
KH03589,17449426,,,,,,,,,,,,no,,,female,,0,0
KH03590,17449427,,Bình Dương,Bình Dương,10.0,,,,,Vietnam,VN,,no,,,female,,0,0
KH03591,17449428,,,,,,,,,,,,no,,,female,,0,0
KH03592,17449429,,,,,,,,,,,,no,,,male,,0,0
KH03593,17449430,,,,,,,,,,,,no,,,female,,0,0
KH03594,17449431,,,,,,,,,Vietnam,VN,,no,,,female,,0,0
KH03595,17449432,,,,,,,,,,,,no,,,female,,0,0
KH03596,17449433,,,,,,,,,,,,no,,,female,,0,0
KH03597,17449434,,,,,,,,,,,,no,,,male,,0,0
KH03598,17449435,,,,,,,,,,,,no,,,male,,0,0
KH03599,17449436,,,,,,,,,Vietnam,VN,,no,,,female,,0,0
KH03600,17449437,,,,,,,,,Vietnam,VN,,no,,,male,,0,0
KH03601,17449438,,,,,,,,,Vietnam,VN,,no,,,male,,0,0
KH03602,17449439,,,,,,,,,Vietnam,VN,,no,,,male,,0,0
KH03603,17449440,,,,,,,,,Vietnam,VN,,no,,,male,,0,0
KH03604,17449441,,,,,,,,,,,,no,,,male,,0,0
KH03605,17449442,,,,,,,,,,,,no,,,other,,0,0
KH03606,17449443,,,,,,,,,,,,no,,,male,,0,0
KH03607,17449444,,,,,,,,,,,,no,,,female,,0,0
KH03608,17449445,,,,,,,,,,,,no,,,male,,0,0
KH03609,17449446,,,,,,,,,,,,no,,,male,,0,0
KH03610,17449447,,,,,,,,,,,,no,,,female,,0,0
KH03611,17449448,,,,,,,,,,,,no,,,male,,0,0
KH03612,17449449,,,,,,,,,,,,no,,,male,,550000,1
KH03613,17449450,,,,,,,,,,,,no,,,male,,0,0
KH03614,17449451,,,,,,,,,Vietnam,VN,,no,,,female,,0,0
KH03615,17449452,,,,,,,,,Vietnam,VN,,no,,,male,,0,0
KH03616,17449453,,,,,,,,,,,,no,,,female,,0,0
KH03617,17449454,,,,,,,,,Vietnam,VN,,no,,,male,,0,0
KH03618,17449455,,,,,,,,,,,,no,,,male,,0,0
KH03619,17449456,,,,,,,,,Vietnam,VN,,no,,,male,,0,0
KH03620,17449457,,,,,,,,,Vietnam,VN,,no,,,male,,0,0
KH03621,17449458,,,,,,,,,Vietnam,VN,,no,,,male,,0,0
KH03622,17449459,,,,,,,,,Vietnam,VN,,no,,,male,,0,0
KH03623,17449460,,,,,,,,,Vietnam,VN,,no,,,male,,0,0
KH03624,17449461,,,,,,,,,Vietnam,VN,,no,,,female,,0,0
KH03625,17449462,,,,,,,,,Vietnam,VN,,no,,,male,,0,0
KH03626,17449463,,,,,,,,,Vietnam,VN,,no,,,other,,0,0
KH03627,17449464,,,,,,,,,Vietnam,VN,,no,,,other,,1540000,1
KH03628,17449465,,,,,,,,,Vietnam,VN,,no,,,other,,0,0
KH03629,17449466,,,,,,,,,,,,no,,,male,,0,0
KH03630,17449467,,,,,,,,,,,,no,,,male,,0,0
KH03631,17449468,,,,,,,,,,,,no,,,female,,0,0
KH03632,17449469,,,,,,,,,,,,no,,,male,,0,0
KH03633,17449470,,,,,,,,,,,,no,,,female,,0,0
KH03634,17449471,,,,,,,,,,,,no,,,female,,0,0
KH03635,17449472,,,,,,,,,Vietnam,VN,,no,,,female,,0,0
KH03636,17449473,,,,,,,,,,,,no,,,female,,0,0
KH03637,17449474,,,,,,,,,,,,no,,,male,,0,0
KH03638,17449475,,,,,,,,,,,,no,,,female,,0,0
KH03639,17449476,,,,,,,,,Vietnam,VN,,no,,,male,,3800000,1
KH03640,17449477,,,,,,,,,,,,no,,,male,,0,0
KH03641,17449478,,,,,,,,,,,,no,,,male,,0,0
KH03642,17449479,,,,,,,,,,,,no,,,female,,0,0
KH03643,17449480,,,,,,,,,,,,no,,,male,,0,0
KH03644,17449481,,,,,,,,,,,,no,,,male,,0,0
KH03645,17449482,,,,,,,,,Vietnam,VN,,no,,,female,,0,0
KH03646,17449483,,,,,,,,,,,,no,,,male,,0,0
KH03647,17449484,,,,,,,,,,,,no,,,male,,1250000,1
KH03648,17449485,,,,,,,,,Vietnam,VN,,no,,,male,,0,0
KH03649,17449486,,,,,,,,,,,,no,,,female,,0,0
KH03650,17449487,,,,,,,,,,,,no,,,female,,0,0
KH03651,17449488,,Đồng Tháp,Đồng Tháp,22.0,,,,,Vietnam,VN,,no,,,other,,0,0
KH03652,17449489,,,,,,,,,,,,no,,,other,,0,0
KH03653,17449490,,,,,,,,,,,,no,,,male,,0,0
KH03654,17449491,,,,,,,,,,,,no,,,male,,1225000,1
KH03655,17449492,,,,,,,,,,,,no,,,male,,0,0
KH03656,17449493,,,,,,,,,Vietnam,VN,,no,,,male,,0,0
KH03657,17449494,,,,,,,,,,,,no,,,female,,0,0
KH03658,17449495,,,,,,,,,,,,no,,,male,,0,0
KH03659,17449496,,,,,,,,,Vietnam,VN,,no,,,male,,0,0
KH03660,17449497,,,,,,,,,,,,no,,,male,,0,0
KH03661,17449498,,,,,,,,,,,,no,,,male,,0,0
KH03662,17449499,,,,,,,,,,,,no,,,male,,0,0
KH03663,17449500,,,,,,,,,,,,no,,,male,,0,0
KH03664,17449501,,,,,,,,,,,,no,,,male,,0,0
KH03665,17449502,,,,,,,,,,,,no,,,female,,0,0
KH03666,17449503,,,,,,,,,Vietnam,VN,,no,,,female,,0,0
KH03667,17449504,,,,,,,,,Vietnam,VN,,no,,,female,,0,0
KH03668,17449505,,,,,,,,,Vietnam,VN,,no,,,male,,0,0
KH03669,17449506,,,,,,,,,Vietnam,VN,,no,,,male,,0,0
KH03670,17449507,,,,,,,,,Vietnam,VN,,no,,,male,,0,0
KH03671,17449508,,,,,,,,,Vietnam,VN,,no,,,male,,0,0
KH03672,17449509,,,,,,,,,Vietnam,VN,,no,,,female,,0,0
KH03673,17449510,,,,,,,,,Vietnam,VN,,no,,,female,,0,0
KH03674,17449511,,,,,,,,,Vietnam,VN,,no,,,female,,0,0
KH03675,17449512,,,,,,,,,Vietnam,VN,,no,,,male,,0,0
KH03676,17449513,,,,,,,,,Vietnam,VN,,no,,,female,,0,0
KH03677,17449514,,,,,,,,,Vietnam,VN,,no,,,male,,0,0
KH03678,17449515,,,,,,,,,Vietnam,VN,,no,,,male,,0,0
KH03679,17449516,,,,,,,,,,,,no,,,male,,0,0
KH03680,17449517,,,,,,,,,,,,no,,,female,,0,0
KH03681,17449518,,,,,,,,,,,,no,,,male,,0,0
KH03682,17449519,,,,,,,,,,,,no,,,male,,0,0
KH03683,17449520,,,,,,,,,,,,no,,,male,,0,0
KH03684,17449521,,,,,,,,,,,,no,,,female,,0,0
KH03685,17449522,,,,,,,,,Vietnam,VN,,no,,,male,,0,0
KH03686,17449523,,,,,,,,,Vietnam,VN,,no,,,male,,0,0
KH03687,17449524,,,,,,,,,Vietnam,VN,,no,,,male,,0,0
KH03688,17449525,,,,,,,,,Vietnam,VN,,no,,,male,,0,0
KH03689,17449526,,,,,,,,,Vietnam,VN,,no,,,male,,0,0
KH03690,17449527,,,,,,,,,,,,no,,,male,,0,0
KH03691,17449528,,,,,,,,,,,,no,,,male,,0,0
KH03692,17449529,,,,,,,,,Vietnam,VN,,no,,,male,,0,0
KH03693,17449530,,,,,,,,,,,,no,,,male,,0,0
KH03694,17449531,,,,,,,,,,,,no,,,male,,0,0
KH03695,17449532,,,,,,,,,,,,no,,,male,,0,0
KH03696,17449533,,,,,,,,,Vietnam,VN,,no,,,male,,0,0
KH03697,17449534,,,,,,,,,,,,no,,,male,,0,0
KH03698,17449535,,,,,,,,,,,,no,,,male,,0,0
KH03699,17449536,,,,,,,,,,,,no,,,male,,0,0
KH03700,17449537,,,,,,,,,,,,no,,,female,,0,0
KH03701,17449538,,,,,,,,,Vietnam,VN,,no,,,male,,0,0
KH03702,17449539,,,,,,,,,,,,no,,,male,,0,0
KH03703,17449540,,,,,,,,,,,,no,,,male,,0,0
KH03704,17449541,,,,,,,,,,,,no,,,male,,0,0
KH03705,17449542,,,,,,,,,,,,no,,,male,,0,0
KH03706,17449543,,,,,,,,,Vietnam,VN,,no,,,female,,0,0
KH03707,17449544,,,,,,,,,Vietnam,VN,,no,,,male,,0,0
KH03708,17449545,,,,,,,,,Vietnam,VN,,no,,,female,,0,0
KH03709,17449546,,,,,,,,,Vietnam,VN,,no,,,female,,0,0
KH03710,17449547,,,,,,,,,Vietnam,VN,,no,,,male,,0,0
KH03711,17449548,,,,,,,,,Vietnam,VN,,no,,,male,,0,0
KH03712,17449549,,,,,,,,,Vietnam,VN,,no,,,female,,0,0
KH03713,17449550,,,,,,,,,Vietnam,VN,,no,,,male,,0,0
KH03714,17449551,,,,,,,,,Vietnam,VN,,no,,,male,,0,0
KH03715,17449552,,,,,,,,,Vietnam,VN,,no,,,female,,0,0
KH03716,17449553,,,,,,,,,Vietnam,VN,,no,,,male,,0,0
KH03717,17449554,,,,,,,,,Vietnam,VN,,no,,,female,,0,0
KH03718,17449555,,,,,,,,,Vietnam,VN,,no,,,male,,0,0
KH03719,17449556,,,,,,,,,Vietnam,VN,,no,,,female,,0,0
KH03720,17449557,,,,,,,,,Vietnam,VN,,no,,,male,,0,0
KH03721,17449558,,,,,,,,,Vietnam,VN,,no,,,male,,3267000,1
KH03722,17449559,,,,,,,,,Vietnam,VN,,no,,,other,,0,0
KH03723,17449560,,,,,,,,,Vietnam,VN,,no,,,male,,0,0
KH03724,17449561,,,,,,,,,Vietnam,VN,,no,,,male,,0,0
KH03725,17449562,,,,,,,,,Vietnam,VN,,no,,,male,,0,0
KH03726,17449563,,,,,,,,,Vietnam,VN,,no,,,male,,0,0
KH03727,17449564,,,,,,,,,Vietnam,VN,,no,,,male,,0,0
KH03728,17449565,,,,,,,,,Vietnam,VN,,no,,,male,,0,0
KH03729,17449566,,,,,,,,,Vietnam,VN,,no,,,female,,0,0
KH03730,17449567,,,,,,,,,,,,no,,,male,,0,0
KH03731,17449568,,,,,,,,,,,,no,,,male,,0,0
KH03732,17449569,,,,,,,,,Vietnam,VN,,no,,,female,,0,0
KH03733,17449570,,TP Hồ Chí Minh,TP Hồ Chí Minh,2.0,Quận 4,33.0,Phường 13,9397.0,Vietnam,VN,,no,sapo_social,,female,,2014500,2
KH03734,17449571,,,,,,,,,Vietnam,VN,,no,,,female,,0,0
KH03735,17449572,,,,,,,,,,,,no,,,male,,0,0
KH03736,17449573,,,,,,,,,,,,no,,,male,,0,0
KH03737,17449574,,,,,,,,,,,,no,,,male,,0,0
KH03738,17449575,,,,,,,,,,,,no,,,male,,0,0
KH03739,17449576,,,,,,,,,,,,no,,,male,,0,0
KH03740,17449577,,,,,,,,,Vietnam,VN,,no,,,female,,0,0
KH03741,17449578,,,,,,,,,Vietnam,VN,,no,,,female,,0,0
KH03742,17449579,,,,,,,,,Vietnam,VN,,no,,,male,,0,0
KH03743,17449580,,,,,,,,,,,,no,,,female,,0,0
KH03744,17449581,,,,,,,,,,,,no,,,male,,0,0
KH03745,17449582,,,,,,,,,,,,no,,,female,,0,0
KH03746,17449583,,,,,,,,,Vietnam,VN,,no,,,male,,0,0
KH03747,17449584,,,,,,,,,Vietnam,VN,,no,,,male,,0,0
KH03748,17449585,,,,,,,,,Vietnam,VN,,no,,,male,,0,0
KH03749,17449586,,,,,,,,,,,,no,,,male,,0,0
KH03750,17449587,,,,,,,,,,,,no,,,male,,0,0
KH03751,17449588,,,,,,,,,,,,no,,,male,,0,0
KH03752,17449589,,,,,,,,,,,,no,,,male,,0,0
KH03753,17449590,,,,,,,,,,,,no,,,male,,0,0
KH03754,17449592,,,,,,,,,Vietnam,VN,,no,,,male,,0,0
KH03755,17449593,,,,,,,,,Vietnam,VN,,no,,,male,,0,0
KH03756,17449594,,,,,,,,,,,,no,,,male,,0,0
KH03757,17449595,,,,,,,,,,,,no,,,male,,0,0
KH03758,17449596,,,,,,,,,,,,no,,,male,,0,0
KH03759,17449597,,,,,,,,,Vietnam,VN,,no,,,male,,0,0
KH03760,17449598,,,,,,,,,,,,no,,,female,,0,0
KH03761,17449599,,,,,,,,,,,,no,,,male,,0,0
KH03762,17449600,,,,,,,,,Vietnam,VN,,no,,,male,,0,0
KH03763,17449601,,,,,,,,,,,,no,,,male,,0,0
KH03764,17449602,,,,,,,,,Vietnam,VN,,no,,,male,,0,0
KH03765,17449603,,,,,,,,,Vietnam,VN,,no,,,male,,0,0
KH03766,17449604,,,,,,,,,,,,no,,,male,,0,0
KH03767,17449605,,,,,,,,,,,,no,,,female,,0,0
KH03768,17449606,,,,,,,,,,,,no,,,female,,0,0
KH03769,17449607,,,,,,,,,Vietnam,VN,,no,,,male,,0,0
KH03770,17449608,,,,,,,,,Vietnam,VN,,no,,,male,,0,0
KH03771,17449609,,,,,,,,,,,,no,,,male,,0,0
KH03772,17449610,,,,,,,,,Vietnam,VN,,no,,,male,,0,0
KH03773,17449611,,,,,,,,,,,,no,,,male,,0,0
KH03774,17449612,,,,,,,,,,,,no,,,female,,0,0
KH03775,17449613,,,,,,,,,Vietnam,VN,,no,,,female,,0,0
KH03776,17449614,,,,,,,,,Vietnam,VN,,no,,,male,,0,0
KH03777,17449615,,,,,,,,,Vietnam,VN,,no,,,other,,0,0
KH03778,17449616,,,,,,,,,Vietnam,VN,,no,,,male,,990000,1
KH03779,17449617,,,,,,,,,Vietnam,VN,,no,,,male,,0,0
KH03780,17449618,,,,,,,,,,,,no,,,male,,0,0
KH03781,17449619,,,,,,,,,,,,no,,,male,,0,0
KH03782,17449620,,,,,,,,,Vietnam,VN,,no,,,male,,0,0
KH03783,17449621,,,,,,,,,,,,no,,,male,,0,0
KH03784,17449622,,,,,,,,,Vietnam,VN,,no,,,male,,0,0
KH03785,17449623,,,,,,,,,,,,no,,,male,,0,0
KH03786,17449624,,,,,,,,,,,,no,,,male,,0,0
KH03787,17449625,,,,,,,,,,,,no,,,male,,0,0
KH03788,17449626,,,,,,,,,,,,no,,,male,,0,0
KH03789,17449627,,,,,,,,,,,,no,,,female,,0,0
KH03790,17449628,,,,,,,,,,,,no,,,male,,0,0
KH03791,17449629,,,,,,,,,Vietnam,VN,,no,,,male,,0,0
KH03792,17449630,,,,,,,,,Vietnam,VN,,no,,,female,,0,0
KH03793,17449631,,,,,,,,,,,,no,,,male,,0,0
KH03794,17449632,,,,,,,,,Vietnam,VN,,no,,,male,,0,0
KH03795,17449633,,,,,,,,,Vietnam,VN,,no,,,male,,0,0
KH03796,17449634,,,,,,,,,Vietnam,VN,,no,,,male,,0,0
KH03797,17449635,,,,,,,,,,,,no,,,male,,0,0
KH03798,17449636,,Cần Thơ,Cần Thơ,16.0,,,,,Vietnam,VN,,no,,,female,,0,0
KH03799,17449637,,,,,,,,,,,,no,,,female,,0,0
KH03800,17449638,,,,,,,,,,,,no,,,male,,0,0
KH03801,17449639,,,,,,,,,Vietnam,VN,,no,,,male,,0,0
KH03802,17449640,,,,,,,,,,,,no,,,male,,0,0
KH03803,17449641,,,,,,,,,Vietnam,VN,,no,,,female,,0,0
KH03804,17449642,,,,,,,,,Vietnam,VN,,no,,,male,,0,0
KH03805,17449643,,,,,,,,,Vietnam,VN,,no,,,male,,0,0
KH03806,17449644,,,,,,,,,Vietnam,VN,,no,,,male,,0,0
KH03807,17449645,,,,,,,,,Vietnam,VN,,no,,,male,,0,0
KH03808,17449646,,,,,,,,,,,,no,,,male,,0,0
KH03809,17449647,,,,,,,,,,,,no,,,female,,0,0
KH03810,17449648,,,,,,,,,Vietnam,VN,,no,,,female,,0,0
KH03811,17449649,,,,,,,,,,,,no,,,male,,0,0
KH03812,17449650,,,,,,,,,,,,no,,,female,,0,0
KH03813,17449651,,,,,,,,,,,,no,,,female,,0,0
KH03814,17449652,,,,,,,,,Vietnam,VN,,no,,,male,,0,0
KH03815,17449653,,,,,,,,,Vietnam,VN,,no,,,male,,0,0
KH03816,17449654,,,,,,,,,Vietnam,VN,,no,,,male,,0,0
KH03817,17449655,,,,,,,,,,,,no,,,male,,0,0
KH03818,17449656,,,,,,,,,Vietnam,VN,,no,,,male,,0,0
KH03819,17449657,,,,,,,,,Vietnam,VN,,no,,,male,,0,0
KH03820,17449658,,,,,,,,,Vietnam,VN,,no,,,male,,0,0
KH03821,17449659,,,,,,,,,Vietnam,VN,,no,,,male,,0,0
KH03822,17449660,,,,,,,,,Vietnam,VN,,no,,,male,,0,0
KH03823,17449661,,,,,,,,,,,,no,,,female,,0,0
KH03824,17449662,,,,,,,,,,,,no,,,female,,0,0
KH03825,17449663,,,,,,,,,,,,no,,,male,,0,0
KH03826,17449664,,,,,,,,,,,,no,,,male,,0,0
KH03827,17449665,,,,,,,,,,,,no,,,male,,0,0
KH03828,17449666,,,,,,,,,,,,no,,,male,,0,0
KH03829,17449667,,,,,,,,,,,,no,,,male,,0,0
KH03830,17449668,,,,,,,,,,,,no,,,male,,0,0
KH03831,17449669,,,,,,,,,Vietnam,VN,,no,,,male,,0,0
KH03832,17449670,,,,,,,,,Vietnam,VN,,no,,,male,,0,0
KH03833,17449671,,,,,,,,,Vietnam,VN,,no,,,male,,0,0
KH03834,17449672,,,,,,,,,Vietnam,VN,,no,,,male,,0,0
KH03835,17449673,,,,,,,,,,,,no,,,male,,0,0
KH03836,17449674,,,,,,,,,,,,no,,,male,,0,0
KH03837,17449675,,,,,,,,,,,,no,,,female,,225000,1
KH03838,17449676,,,,,,,,,,,,no,,,male,,0,0
KH03839,17449677,,,,,,,,,Vietnam,VN,,no,,,male,,0,0
KH03840,17449678,,,,,,,,,,,,no,,,female,,0,0
KH03841,17449679,,,,,,,,,Vietnam,VN,,no,,,female,,0,0
KH03842,17449680,,,,,,,,,Vietnam,VN,,no,,,male,,0,0
KH03843,17449681,,,,,,,,,Vietnam,VN,,no,,,male,,0,0
KH03844,17449682,,,,,,,,,Vietnam,VN,,no,,,male,,0,0
KH03845,17449683,,,,,,,,,Vietnam,VN,,no,,,male,,0,0
KH03846,17449684,,,,,,,,,Vietnam,VN,,no,,,female,,0,0
KH03847,17449685,,,,,,,,,Vietnam,VN,,no,,,female,,0,0
KH03848,17449686,,,,,,,,,Vietnam,VN,,no,,,male,,0,0
KH03849,17449687,,,,,,,,,Vietnam,VN,,no,,,male,,0,0
KH03850,17449688,,,,,,,,,Vietnam,VN,,no,,,male,,0,0
KH03851,17449689,,,,,,,,,,,,no,,,female,,0,0
KH03852,17449690,,,,,,,,,,,,no,,,male,,0,0
KH03853,17449691,,,,,,,,,,,,no,,,other,,0,0
KH03854,17449692,,,,,,,,,,,,no,,,male,,0,0
KH03855,17449693,,,,,,,,,,,,no,,,female,,0,0
KH03856,17449694,,,,,,,,,Vietnam,VN,,no,,,female,,0,0
KH03857,17449695,,,,,,,,,,,,no,,,male,,0,0
KH03858,17449696,,,,,,,,,,,,no,,,male,,0,0
KH03859,17449697,,,,,,,,,,,,no,,,male,,0,0
KH03860,17449698,,,,,,,,,,,,no,,,male,,0,0
KH03861,17449699,,,,,,,,,Vietnam,VN,,no,,,female,,0,0
KH03862,17449700,,,,,,,,,,,,no,,,male,,0,0
KH03863,17449701,,,,,,,,,Vietnam,VN,,no,,,male,,0,0
KH03864,17449702,,,,,,,,,Vietnam,VN,,no,,,male,,0,0
KH03865,17449703,,,,,,,,,Vietnam,VN,,no,,,male,,0,0
KH03866,17449704,,,,,,,,,,,,no,,,male,,0,0
KH03867,17449705,,,,,,,,,Vietnam,VN,,no,,,male,,0,0
KH03868,17449706,,,,,,,,,Vietnam,VN,,no,,,male,,0,0
KH03869,17449707,,,,,,,,,Vietnam,VN,,no,,,male,,0,0
KH03870,17449708,,,,,,,,,,,,no,,,male,,0,0
KH03871,17449709,,,,,,,,,,,,no,,,male,,0,0
KH03872,17449710,,,,,,,,,,,,no,,,male,,0,0
KH03873,17449711,,,,,,,,,,,,no,,,male,,0,0
KH03874,17449712,,,,,,,,,Vietnam,VN,,no,,,male,,0,0
KH03875,17449713,,,,,,,,,Vietnam,VN,,no,,,female,,0,0
KH03876,17449714,,,,,,,,,Vietnam,VN,,no,,,male,,0,0
KH03877,17449715,,,,,,,,,,,,no,,,male,,0,0
KH03878,17449716,,,,,,,,,,,,no,,,male,,0,0
KH03879,17449717,,,,,,,,,Vietnam,VN,,no,,,male,,0,0
KH03880,17449718,,,,,,,,,,,,no,,,male,,0,0
KH03881,17449719,,,,,,,,,,,,no,,,female,,0,0
KH03882,17449720,,,,,,,,,Vietnam,VN,,no,,,male,,0,0
KH03883,17449721,,,,,,,,,Vietnam,VN,,no,,,female,,0,0
KH03884,17449722,,,,,,,,,Vietnam,VN,,no,,,male,,0,0
KH03885,17449723,,,,,,,,,Vietnam,VN,,no,,,male,,0,0
KH03886,17449724,,,,,,,,,Vietnam,VN,,no,sapo_social,,male,,0,1
KH03887,17449725,,,,,,,,,Vietnam,VN,,no,,,female,,0,0
KH03888,17449726,,,,,,,,,Vietnam,VN,,no,,,female,,0,0
KH03889,17449727,,,,,,,,,Vietnam,VN,,no,,,male,,0,0
KH03890,17449728,,,,,,,,,Vietnam,VN,,no,,,male,,450000,1
KH03891,17449730,,,,,,,,,Vietnam,VN,,no,,,male,,0,0
KH03892,17449731,,,,,,,,,Vietnam,VN,,no,,,male,,0,0
KH03893,17449732,,,,,,,,,Vietnam,VN,,no,,,male,,0,0
KH03894,17449733,,,,,,,,,Vietnam,VN,,no,,,male,,0,0
KH03895,17449734,,,,,,,,,Vietnam,VN,,no,,,male,,0,0
KH03896,17449735,,,,,,,,,Vietnam,VN,,no,,,male,,0,0
KH03897,17449736,,,,,,,,,Vietnam,VN,,no,,,female,,0,0
KH03898,17449737,,,,,,,,,Vietnam,VN,,no,,,female,,0,0
KH03899,17449738,,,,,,,,,Vietnam,VN,,no,,,female,,0,0
KH03900,17449739,,,,,,,,,Vietnam,VN,,no,,,male,,0,0
KH03901,17449740,,,,,,,,,Vietnam,VN,,no,,,female,,0,0
KH03902,17449741,,,,,,,,,Vietnam,VN,,no,,,male,,0,0
KH03903,17449742,,,,,,,,,Vietnam,VN,,no,,,male,,0,0
KH03904,17449743,,,,,,,,,Vietnam,VN,,no,,,male,,0,0
KH03905,17449744,,,,,,,,,Vietnam,VN,,no,,,male,,0,0
KH03906,17449745,,,,,,,,,Vietnam,VN,,no,,,male,,0,0
KH03907,17449746,,,,,,,,,Vietnam,VN,,no,,,male,,0,0
KH03908,17449747,,,,,,,,,Vietnam,VN,,no,,,male,,0,0
KH03909,17449748,,,,,,,,,Vietnam,VN,,no,,,male,,0,0
KH03910,17449749,,,,,,,,,Vietnam,VN,,no,,,male,,0,0
KH03911,17449750,,,,,,,,,,,,no,,,female,,0,0
KH03912,17449751,,,,,,,,,,,,no,,,other,,0,0
KH03913,17449752,,,,,,,,,Vietnam,VN,,no,,,male,,0,0
KH03914,17449753,,,,,,,,,Vietnam,VN,,no,,,male,,0,0
KH03915,17449754,,,,,,,,,,,,no,,,male,,630000,1
KH03916,17449755,,,,,,,,,,,,no,,,male,,0,0
KH03917,17449756,,,,,,,,,,,,no,,,male,,0,0
KH03918,17449757,,,,,,,,,Vietnam,VN,,no,,,female,,0,0
KH03919,17449758,,,,,,,,,,,,no,,,male,,0,0
KH03920,17449759,,,,,,,,,,,,no,,,male,,0,0
KH03921,17449760,,,,,,,,,,,,no,,,male,,0,0
KH03922,17449761,,,,,,,,,,,,no,,,male,,0,0
KH03923,17449762,,,,,,,,,,,,no,,,male,,0,0
KH03924,17449763,,,,,,,,,Vietnam,VN,,no,,,female,,0,0
KH03925,17449764,,,,,,,,,Vietnam,VN,,no,,,male,,0,0
KH03926,17449765,,,,,,,,,Vietnam,VN,,no,,,female,,0,0
KH03927,17449766,,,,,,,,,Vietnam,VN,,no,,,male,,0,0
KH03928,17449767,,,,,,,,,,,,no,,,male,,0,0
KH03929,17449768,,,,,,,,,,,,no,,,male,,0,0
KH03930,17449769,,,,,,,,,,,,no,,,male,,0,0
KH03931,17449770,,,,,,,,,,,,no,,,female,,0,0
KH03932,17449771,,,,,,,,,,,,no,,,female,,0,0
KH03933,17449772,,,,,,,,,,,,no,,,female,,0,0
KH03934,17449773,,,,,,,,,,,,no,,,male,,0,0
KH03935,17449774,,,,,,,,,,,,no,,,male,,0,0
KH03936,17449775,,TP Hồ Chí Minh,TP Hồ Chí Minh,2.0,Quận Bình Thạnh,45.0,Phường 26,9282.0,Vietnam,VN,,no,,,male,,0,2
KH03937,17449776,,,,,,,,,,,,no,,,other,,0,0
KH03938,17449777,,,,,,,,,,,,no,,,female,,0,0
KH03939,17449778,,,,,,,,,Vietnam,VN,,no,,,male,,0,0
KH03940,17449779,,,,,,,,,,,,no,,,male,,0,0
KH03941,17449780,,,,,,,,,,,,no,,,female,,0,0
KH03942,17449781,,,,,,,,,,,,no,,,male,,0,0
KH03943,17449782,,,,,,,,,Vietnam,VN,,no,,,male,,0,0
KH03944,17449783,,,,,,,,,,,,no,,,male,,0,0
KH03945,17449784,,,,,,,,,,,,no,,,female,,0,0
KH03946,17449785,,,,,,,,,,,,no,,,male,,0,0
KH03947,17449786,,,,,,,,,,,,no,,,male,,0,0
KH03948,17449787,,,,,,,,,Vietnam,VN,,no,,,female,,0,0
KH03949,17449788,,,,,,,,,,,,no,,,male,,0,0
KH03950,17449789,,,,,,,,,,,,no,,,male,,0,0
KH03951,17449790,,,,,,,,,,,,no,,,male,,0,0
KH03952,17449791,,,,,,,,,,,,no,,,male,,0,0
KH03953,17449792,,,,,,,,,,,,no,,,other,,0,0
KH03954,17449793,,,,,,,,,,,,no,,,female,,0,0
KH03955,17449794,,,,,,,,,,,,no,,,female,,0,0
KH03956,17449795,,,,,,,,,Vietnam,VN,,no,,,male,,0,0
KH03957,17449796,,,,,,,,,Vietnam,VN,,no,,,male,,0,0
KH03958,17449797,,,,,,,,,Vietnam,VN,,no,,,female,,0,0
KH03959,17449798,,,,,,,,,Vietnam,VN,,no,,,male,,0,0
KH03960,17449799,,,,,,,,,,,,no,,,male,,0,0
KH03961,17449800,,,,,,,,,,,,no,,,male,,0,0
KH03962,17449801,,,,,,,,,Vietnam,VN,,no,,,male,,0,0
KH03963,17449802,,,,,,,,,Vietnam,VN,,no,,,female,,0,0
KH03964,17449803,,,,,,,,,Vietnam,VN,,no,,,female,,0,0
KH03965,17449804,,,,,,,,,,,,no,,,male,,0,0
KH03966,17449805,,,,,,,,,,,,no,,,male,,0,0
KH03967,17449806,,,,,,,,,Vietnam,VN,,no,,,male,,0,0
KH03968,17449807,,,,,,,,,,,,no,,,male,,0,0
KH03969,17449808,,,,,,,,,,,,no,,,female,,0,0
KH03970,17449809,,,,,,,,,,,,no,,,male,,0,0
KH03971,17449810,,,,,,,,,,,,no,,,female,,0,0
KH03972,17449811,,,,,,,,,,,,no,,,female,,0,0
KH03973,17449812,,,,,,,,,,,,no,,,male,,0,0
KH03974,17449813,,,,,,,,,,,,no,,,male,,1101000,3
KH03975,17449814,,,,,,,,,,,,no,,,male,,0,0
KH03976,17449815,,,,,,,,,Vietnam,VN,,no,,,male,,0,0
KH03977,17449816,,,,,,,,,Vietnam,VN,,no,,,female,,0,0
KH03978,17449817,,,,,,,,,,,,no,,,female,,0,0
KH03979,17449818,,,,,,,,,Vietnam,VN,,no,,,male,,0,0
KH03980,17449819,,,,,,,,,,,,no,,,female,,0,0
KH03981,17449820,,,,,,,,,,,,no,,,male,,0,0
KH03982,17449821,,,,,,,,,,,,no,,,male,,0,0
KH03983,17449822,,,,,,,,,,,,no,,,male,,0,0
KH03984,17449823,,,,,,,,,Vietnam,VN,,no,,,male,,0,0
KH03985,17449824,,,,,,,,,,,,no,,,male,,0,0
KH03986,17449825,,,,,,,,,Vietnam,VN,,no,,,male,,1585000,3
KH03987,17449826,,,,,,,,,,,,no,,,male,,0,0
KH03988,17449827,,,,,,,,,,,,no,,,male,,0,0
KH03989,17449828,,,,,,,,,Vietnam,VN,,no,,,male,,0,0
KH03990,17449829,,,,,,,,,,,,no,,,male,,0,0
KH03991,17449830,,,,,,,,,Vietnam,VN,,no,,,male,,2400000,2
KH03992,17449831,,,,,,,,,Vietnam,VN,,no,,,female,,0,0
KH03993,17449832,,,,,,,,,,,,no,,,female,,0,0
KH03994,17449833,,,,,,,,,,,,no,,,female,,0,0
KH03995,17449834,,,,,,,,,,,,no,,,female,,0,0
KH03996,17449835,,,,,,,,,,,,no,,,male,,0,0
KH03997,17449836,,,,,,,,,,,,no,,,female,,0,0
KH03998,17449837,,,,,,,,,Vietnam,VN,,no,,,male,,0,0
KH03999,17449838,,,,,,,,,,,,no,,,other,,0,0
KH04000,17449839,,,,,,,,,,,,no,,,female,,0,0
KH04001,17449840,,,,,,,,,Vietnam,VN,,no,,,male,,0,0
KH04002,17449841,,,,,,,,,Vietnam,VN,,no,,,male,,0,0
KH04003,17449842,,,,,,,,,Vietnam,VN,,no,,,male,,0,0
KH04004,17449843,,,,,,,,,Vietnam,VN,,no,,,male,,0,0
KH04005,17449844,,,,,,,,,,,,no,,,male,,0,0
KH04006,17449845,,,,,,,,,,,,no,,,male,,0,0
KH04007,17449846,,,,,,,,,Vietnam,VN,,no,,,female,,0,0
KH04008,17449847,,,,,,,,,Vietnam,VN,,no,,,female,,3826000,1
KH04009,17449848,,,,,,,,,,,,no,,,male,,0,0
KH04010,17449849,,,,,,,,,Vietnam,VN,,no,,,male,,0,0
KH04011,17449850,,,,,,,,,,,,no,,,male,,0,0
KH04012,17449851,,,,,,,,,Vietnam,VN,,no,,,female,,0,0
KH04013,17449852,,,,,,,,,Vietnam,VN,,no,,,male,,0,0
KH04014,17449853,,,,,,,,,,,,no,,,male,,0,0
KH04015,17449854,,,,,,,,,,,,no,,,male,,0,0
KH04016,17449855,,,,,,,,,,,,no,,,female,,0,0
KH04017,17449856,,,,,,,,,Vietnam,VN,,no,,,male,,357000,1
KH04018,17449857,,,,,,,,,Vietnam,VN,,no,,,male,,0,0
KH04019,17449858,,,,,,,,,Vietnam,VN,,no,,,female,,0,0
KH04020,17449859,,,,,,,,,Vietnam,VN,,no,sapo_social,,male,,21547100,7
KH04021,17449860,,,,,,,,,,,,no,,,male,,0,0
KH04022,17449861,,,,,,,,,,,,no,,,male,,0,0
KH04023,17449862,,,,,,,,,,,,no,,,male,,0,0
KH04024,17449863,,,,,,,,,,,,no,,,female,,0,0
KH04025,17449864,,,,,,,,,,,,no,,,male,,5800000,3
KH04026,17449865,,,,,,,,,,,,no,,,female,,0,0
KH04027,17449866,,,,,,,,,,,,no,,,male,,0,0
KH04028,17449867,,,,,,,,,,,,no,,,female,,0,0
KH04029,17449868,,,,,,,,,,,,no,,,female,,0,0
KH04030,17449869,,,,,,,,,,,,no,,,male,,0,0
KH04031,17449870,,,,,,,,,Vietnam,VN,,no,,,male,,0,0
KH04032,17449871,,,,,,,,,Vietnam,VN,,no,,,male,,2413000,1
KH04033,17449872,,,,,,,,,Vietnam,VN,,no,,,male,,0,0
KH04034,17449873,,,,,,,,,Vietnam,VN,,no,,,female,,0,0
KH04035,17449874,,,,,,,,,Vietnam,VN,,no,,,female,,0,0
KH04036,17449875,,,,,,,,,,,,no,,,female,,0,0
KH04037,17449876,,Đồng Nai,Đồng Nai,21.0,,,,,Vietnam,VN,,no,,,male,,0,0
KH04038,17449877,,,,,,,,,,,,no,,,male,,0,0
KH04039,17449878,,,,,,,,,Vietnam,VN,,no,,,female,,0,0
KH04040,17449879,,TP Hồ Chí Minh,TP Hồ Chí Minh,2.0,Thành phố Thủ Đức,10924.0,Phường Hiệp Phú,107437.0,Vietnam,VN,,no,sapo_social,,female,,2350000,1
KH04041,17449880,,,,,,,,,,,,no,,,male,,0,0
KH04042,17449881,,,,,,,,,,,,no,,,male,,0,0
KH04043,17449882,,,,,,,,,,,,no,,,male,,0,0
KH04044,17449883,,,,,,,,,,,,no,,,male,,0,0
KH04045,17449884,,,,,,,,,Vietnam,VN,,no,,,male,,0,0
KH04046,17449885,,,,,,,,,,,,no,,,female,,0,0
KH04047,17449886,,,,,,,,,,,,no,,,male,,0,0
KH04048,17449887,,,,,,,,,,,,no,,,male,,0,0
KH04049,17449888,,,,,,,,,,,,no,,,male,,0,0
KH04050,17449889,,,,,,,,,,,,no,,,male,,0,0
KH04051,17449890,,,,,,,,,Vietnam,VN,,no,,,female,,0,0
KH04052,17449891,,,,,,,,,,,,no,,,male,,2250000,1
KH04053,17449892,,,,,,,,,Vietnam,VN,,no,,,male,,0,0
KH04054,17449893,,,,,,,,,Vietnam,VN,,no,,,male,,0,0
KH04055,17449894,,,,,,,,,,,,no,,,female,,0,0
KH04056,17449895,,,,,,,,,Vietnam,VN,,no,,,female,,0,0
KH04057,17449896,,,,,,,,,Vietnam,VN,,no,,,male,,0,0
KH04058,17449897,,,,,,,,,Vietnam,VN,,no,,,male,,0,0
KH04059,17449898,,,,,,,,,Vietnam,VN,,no,,,female,,0,0
KH04060,17449899,,,,,,,,,Vietnam,VN,,no,sapo_social,,male,,3950000,7
KH04061,17449900,,,,,,,,,Vietnam,VN,,no,,,male,,0,0
KH04062,17449901,,,,,,,,,Vietnam,VN,,no,,,male,,0,0
KH04063,17449902,,,,,,,,,Vietnam,VN,,no,,,female,,0,0
KH04064,17449903,,,,,,,,,Vietnam,VN,,no,,,male,,0,0
KH04065,17449904,,,,,,,,,,,,no,,,female,,0,0
KH04066,17449905,,,,,,,,,,,,no,,,female,,0,0
KH04067,17449906,,,,,,,,,,,,no,,,male,,0,0
KH04068,17449907,,,,,,,,,,,,no,,,male,,0,0
KH04069,17449908,,,,,,,,,,,,no,,,male,,0,0
KH04070,17449909,,,,,,,,,,,,no,,,male,,0,0
KH04071,17449910,,,,,,,,,,,,no,,,male,,0,0
KH04072,17449911,,,,,,,,,,,,no,,,female,,0,0
KH04073,17449912,,,,,,,,,Vietnam,VN,,no,,,male,,0,0
KH04074,17449913,,,,,,,,,,,,no,,,male,,0,0
KH04075,17449914,,,,,,,,,,,,no,,,male,,0,0
KH04076,17449915,,,,,,,,,,,,no,,,male,,0,0
KH04077,17449916,,,,,,,,,,,,no,,,male,,0,0
KH04078,17449917,,,,,,,,,Vietnam,VN,,no,,,male,,0,0
KH04079,17449918,,,,,,,,,,,,no,,,male,,0,0
KH04080,17449919,,,,,,,,,Vietnam,VN,,no,,,female,,0,0
KH04081,17449920,,Đồng Nai,Đồng Nai,21.0,Huyện Cẩm Mỹ,233.0,Xã Xuân Mỹ,9081.0,Vietnam,VN,,no,sapo_social,,female,,7045000,5
KH04082,17449921,,,,,,,,,,,,no,,,female,,0,0
KH04083,17449922,,,,,,,,,Vietnam,VN,,no,,,female,,0,0
KH04084,17449923,,,,,,,,,Vietnam,VN,,no,,,male,,0,0
KH04085,17449924,,,,,,,,,Vietnam,VN,,no,,,male,,0,0
KH04086,17449925,,,,,,,,,,,,no,,,male,,0,0
KH04087,17449926,,,,,,,,,,,,no,,,male,,0,0
KH04088,17449927,,,,,,,,,Vietnam,VN,,no,,,female,,0,0
KH04089,17449928,,,,,,,,,Vietnam,VN,,no,,,female,,0,0
KH04090,17449929,,,,,,,,,Vietnam,VN,,no,,,male,,0,0
KH04091,17449930,,,,,,,,,Vietnam,VN,,no,,,male,,0,0
KH04092,17449931,,,,,,,,,Vietnam,VN,,no,,,female,,0,0
KH04093,17449932,,,,,,,,,Vietnam,VN,,no,,,other,,0,0
KH04094,17449933,,,,,,,,,,,,no,,,male,,0,0
KH04095,17449934,,,,,,,,,,,,no,,,female,,0,0
KH04096,17449935,,,,,,,,,,,,no,,,male,,0,0
KH04097,17449936,,,,,,,,,,,,no,,,female,,0,0
KH04098,17449937,,,,,,,,,,,,no,,,male,,0,0
KH04099,17449938,,,,,,,,,,,,no,,,female,,0,0
KH04100,17449939,,,,,,,,,Vietnam,VN,,no,,,male,,0,0
KH04101,17449940,,,,,,,,,Vietnam,VN,,no,,,male,,0,0
KH04102,17449941,,,,,,,,,Vietnam,VN,,no,,,male,,0,0
KH04103,17449942,,,,,,,,,Vietnam,VN,,no,,,male,,0,0
KH04104,17449943,,,,,,,,,Vietnam,VN,,no,,,male,,0,0
KH04105,17449944,,,,,,,,,,,,no,,,male,,0,0
KH04106,17449945,,,,,,,,,Vietnam,VN,,no,,,male,,0,0
KH04107,17449946,,,,,,,,,,,,no,,,male,,0,0
KH04108,17449947,,,,,,,,,,,,no,,,male,,0,0
KH04109,17449948,,,,,,,,,,,,no,,,other,,0,0
KH04110,17449949,,,,,,,,,Vietnam,VN,,no,,,female,,0,0
KH04111,17449950,,,,,,,,,,,,no,,,male,,0,0
KH04112,17449951,,,,,,,,,,,,no,,,male,,0,0
KH04113,17449952,,,,,,,,,Vietnam,VN,,no,,,female,,0,0
KH04114,17449953,,,,,,,,,,,,no,,,male,,0,0
KH04115,17449954,,,,,,,,,Vietnam,VN,,no,,,male,,0,0
KH04116,17449955,,,,,,,,,,,,no,,,male,,0,0
KH04117,17449956,,,,,,,,,,,,no,,,male,,0,0
KH04118,17449957,,,,,,,,,Vietnam,VN,,no,,,male,,0,0
KH04119,17449958,,,,,,,,,Vietnam,VN,,no,,,male,,0,0
KH04120,17449959,,,,,,,,,,,,no,,,male,,0,0
KH04121,17449960,,,,,,,,,,,,no,,,male,,0,0
KH04122,17449961,,,,,,,,,Vietnam,VN,,no,,,male,,0,0
KH04123,17449962,,,,,,,,,,,,no,,,female,,0,0
KH04124,17449963,,,,,,,,,Vietnam,VN,,no,,,female,,0,0
KH04125,17449964,,,,,,,,,Vietnam,VN,,no,,,male,,0,0
KH04126,17449965,,,,,,,,,Vietnam,VN,,no,,,male,,0,0
KH04127,17449966,,,,,,,,,Vietnam,VN,,no,,,male,,0,0
KH04128,17449967,,,,,,,,,,,,no,,,male,,0,0
KH04129,17449968,,,,,,,,,Vietnam,VN,,no,,,female,,0,0
KH04130,17449969,,,,,,,,,Vietnam,VN,,no,,,female,,0,0
KH04131,17449970,,,,,,,,,Vietnam,VN,,no,,,male,,0,0
KH04132,17449971,,,,,,,,,Vietnam,VN,,no,,,male,,0,0
KH04133,17449972,,,,,,,,,Vietnam,VN,,no,,,male,,0,0
KH04134,17449973,,,,,,,,,Vietnam,VN,,no,,,female,,0,0
KH04135,17449974,,,,,,,,,Vietnam,VN,,no,,,male,,550000,1
KH04136,17449975,,,,,,,,,Vietnam,VN,,no,,,male,,0,0
KH04137,17479265,,,,,,,,,,,,no,,,other,,0,0
KH04138,17479266,,,,,,,,,Vietnam,VN,,no,,,male,,0,0
KH04139,17479267,,,,,,,,,Vietnam,VN,,no,,,female,,0,0
KH04140,17479268,,,,,,,,,,,,no,,,male,,0,0
KH04141,17479269,,,,,,,,,Vietnam,VN,,no,,,other,,0,0
KH04142,17479270,,,,,,,,,Vietnam,VN,,yes,,,male,1991-09-10,12745000,6
KH04143,17479271,,,,,,,,,Vietnam,VN,,no,,,other,,0,0
KH04144,17479272,,,,,,,,,Vietnam,VN,,no,,,male,,0,0
KH04145,17479273,,,,,,,,,Vietnam,VN,,no,,,male,,0,0
KH04146,17479274,,,,,,,,,Vietnam,VN,,no,,,female,,0,0
KH04147,17479275,,,,,,,,,,,,no,,,female,,0,0
KH04148,17479276,,,,,,,,,,,,no,,,female,,0,0
KH04149,17479277,,,,,,,,,,,,no,,,female,,0,0
KH04150,17479278,,,,,,,,,,,,no,,,female,,0,0
KH04151,17479279,,Cần Thơ,Cần Thơ,16.0,,,,,Vietnam,VN,,no,,,male,,0,0
KH04152,17479280,,,,,,,,,,,,no,,,female,,0,0
KH04153,17479281,,,,,,,,,,,,no,,,male,,0,0
KH04154,17479282,,,,,,,,,,,,no,,,female,,0,0
KH04155,17479283,,,,,,,,,,,,no,,,male,,0,0
KH04156,17479284,,,,,,,,,Vietnam,VN,,no,,,male,,0,0
KH04157,17479285,,,,,,,,,Vietnam,VN,,no,,,male,,0,0
KH04158,17479286,,,,,,,,,,,,no,,,male,,0,0
KH04159,17479287,,,,,,,,,,,,no,,,male,,0,0
KH04160,17479288,,,,,,,,,,,,no,,,male,,0,0
KH04161,17479289,,,,,,,,,,,,no,,,female,,0,0
KH04162,17479290,,,,,,,,,Vietnam,VN,,no,,,male,,0,0
KH04163,17479291,,,,,,,,,Vietnam,VN,,no,,,other,,0,0
KH04164,17479292,,,,,,,,,Vietnam,VN,,no,,,other,,0,0
KH04165,17479293,,,,,,,,,Vietnam,VN,,no,,,male,,0,0
KH04166,17479294,,,,,,,,,Vietnam,VN,,no,,,other,,0,0
KH04167,17479295,,,,,,,,,Vietnam,VN,,no,,,other,,0,0
KH04168,17479296,,,,,,,,,Vietnam,VN,,no,,,other,,0,0
KH04169,17479297,,,,,,,,,Vietnam,VN,,no,,,male,,0,0
KH04170,17479298,,,,,,,,,,,,no,,,male,,0,0
KH04171,17479299,,,,,,,,,Vietnam,VN,,no,,,female,,0,0
KH04172,17479300,,,,,,,,,,,,no,,,female,,0,0
KH04173,17479301,,,,,,,,,,,,no,,,female,,0,0
KH04174,17479302,,,,,,,,,,,,no,,,male,,0,0
KH04175,17479303,,,,,,,,,Vietnam,VN,,no,,,other,,0,0
KH04176,17479304,,,,,,,,,Vietnam,VN,,no,,,female,,0,0
KH04177,17479305,,,,,,,,,,,,no,,,female,,0,0
KH04178,17479306,,,,,,,,,,,,no,,,male,,0,0
KH04179,17479307,,,,,,,,,Vietnam,VN,,no,,,male,,0,0
KH04180,17479308,,,,,,,,,Vietnam,VN,,no,,,male,,0,0
KH04181,17479309,,,,,,,,,,,,no,,,female,,0,0
KH04182,17479310,,,,,,,,,,,,no,,,male,,0,0
KH04183,17479311,,,,,,,,,Vietnam,VN,,no,,,female,,0,0
KH04184,17479312,,,,,,,,,,,,no,,,male,,0,0
KH04185,17479313,,,,,,,,,Vietnam,VN,,no,,,male,,0,0
KH04186,17479314,,,,,,,,,Vietnam,VN,,no,,,other,,0,0
KH04187,17479315,,Cần Thơ,Cần Thơ,16.0,,,,,Vietnam,VN,,no,,,male,,0,0
KH04188,17479316,,,,,,,,,,,,no,,,female,,0,0
KH04189,17479317,,,,,,,,,,,,no,,,male,,0,0
KH04190,17479318,,,,,,,,,,,,no,,,female,,0,0
KH04191,17479319,,,,,,,,,,,,no,,,other,,0,0
KH04192,17479320,,,,,,,,,Vietnam,VN,,no,,,male,,395000,1
KH04193,17479321,,,,,,,,,Vietnam,VN,,no,,,other,,0,0
KH04194,17479322,,,,,,,,,,,,no,,,male,,0,0
KH04195,17479323,,,,,,,,,Vietnam,VN,,no,,,female,,0,0
KH04196,17479324,,,,,,,,,,,,no,,,male,,0,0
KH04197,17479325,,,,,,,,,Vietnam,VN,,no,,,other,,0,0
KH04198,17479326,,,,,,,,,Vietnam,VN,,no,,,other,,0,0
KH04199,17479327,,,,,,,,,Vietnam,VN,,no,,,other,,25600000,3
KH04200,17479328,,,,,,,,,Vietnam,VN,,no,,,other,,0,0
KH04201,17479329,,,,,,,,,Vietnam,VN,,no,,,male,,0,0
KH04202,17479330,,,,,,,,,Vietnam,VN,,no,,,other,,0,0
KH04203,17479331,,,,,,,,,Vietnam,VN,,no,,,male,,0,0
KH04204,17479332,,,,,,,,,Vietnam,VN,,no,,,male,,1925000,2
KH04205,17479333,,,,,,,,,,,,no,,,female,,0,0
KH04206,17479334,,,,,,,,,Vietnam,VN,,no,,,other,,0,0
KH04207,17479335,,,,,,,,,Vietnam,VN,,no,,,other,,0,0
KH04208,17479336,,,,,,,,,Vietnam,VN,,no,,,other,,0,0
KH04209,17479337,,Tiền Giang,Tiền Giang,58.0,,,,,Vietnam,VN,,no,,,female,,0,0
KH04210,17479338,,,,,,,,,Vietnam,VN,,no,,,other,,0,0
KH04211,17479339,,,,,,,,,Vietnam,VN,,no,,,other,,0,0
KH04212,17479340,,,,,,,,,Vietnam,VN,,no,,,other,,0,0
KH04213,17479341,,,,,,,,,Vietnam,VN,,no,,,other,,0,0
KH04214,17479342,,,,,,,,,,,,no,,,male,,0,0
KH04215,17479343,,,,,,,,,Vietnam,VN,,no,,,other,,0,0
KH04216,17479344,,,,,,,,,Vietnam,VN,,no,,,other,,0,0
KH04217,17479345,,,,,,,,,Vietnam,VN,,no,,,other,,0,0
KH04218,17479346,,,,,,,,,Vietnam,VN,,no,,,other,,0,0
KH04219,17479347,,,,,,,,,Vietnam,VN,,no,,,other,,1835000,1
KH04220,17479348,,,,,,,,,,,,no,,,female,,0,0
KH04221,17479349,,,,,,,,,,,,no,,,male,,0,0
KH04222,17479350,,,,,,,,,,,,no,,,female,,0,0
KH04223,17479351,,,,,,,,,,,,no,,,male,,0,0
KH04224,17479352,,,,,,,,,,,,no,,,male,,2381000,4
KH04225,17479353,,,,,,,,,,,,no,,,female,,0,0
KH04226,17479354,,,,,,,,,,,,no,,,female,,0,0
KH04227,17479355,,,,,,,,,,,,no,,,female,,0,0
KH04228,17479356,,,,,,,,,Vietnam,VN,,no,,,other,,0,0
KH04229,17479357,,,,,,,,,Vietnam,VN,,no,,,other,,0,0
KH04230,17479358,,,,,,,,,Vietnam,VN,,no,,,other,,0,0
KH04231,17479359,,,,,,,,,Vietnam,VN,,no,,,other,,0,0
KH04232,17479360,,,,,,,,,Vietnam,VN,,no,,,other,,0,0
KH04233,17479361,,,,,,,,,Vietnam,VN,,no,,,other,,0,0
KH04234,17479362,,,,,,,,,,,,no,,,male,,0,0
KH04235,17479363,,,,,,,,,,,,no,,,male,,0,0
KH04236,17479364,,,,,,,,,,,,no,,,male,,0,0
KH04237,17479365,,,,,,,,,,,,no,,,female,,0,0
KH04238,17479366,,,,,,,,,Vietnam,VN,,no,,,male,,0,0
KH04239,17479367,,,,,,,,,Vietnam,VN,,no,,,male,,0,0
KH04240,17479368,,,,,,,,,,,,no,,,male,,0,0
KH04241,17479369,,,,,,,,,,,,no,,,male,,0,0
KH04242,17479370,,,,,,,,,,,,no,,,male,,0,0
KH04243,17479371,,,,,,,,,,,,no,,,male,,1380000,1
KH04244,17479372,,,,,,,,,,,,no,,,male,,0,0
KH04245,17479373,,,,,,,,,,,,no,,,male,,0,0
KH04246,17479374,,,,,,,,,,,,no,,,other,,0,0
KH04247,17479375,,,,,,,,,Vietnam,VN,,no,,,male,,0,0
KH04248,17479376,,,,,,,,,,,,no,,,male,,0,0
KH04249,17479377,,,,,,,,,,,,no,,,male,,0,0
KH04250,17479378,,,,,,,,,,,,no,,,male,,0,0
KH04251,17479379,,,,,,,,,Vietnam,VN,,no,,,female,,0,0
KH04252,17479380,,,,,,,,,Vietnam,VN,,no,,,other,,0,0
KH04253,17479381,,,,,,,,,,,,no,,,male,,0,0
KH04254,17479382,,,,,,,,,,,,no,,,female,,0,0
KH04255,17479383,,,,,,,,,,,,no,,,male,,0,0
KH04256,17479384,,,,,,,,,Vietnam,VN,,no,,,other,,0,0
KH04257,17479385,,,,,,,,,Vietnam,VN,,no,,,other,,0,0
KH04258,17479386,,,,,,,,,Vietnam,VN,,no,,,other,,0,0
KH04259,17479387,,,,,,,,,Vietnam,VN,,no,,,other,,0,0
KH04260,17479388,,,,,,,,,Vietnam,VN,,no,,,other,,0,0
KH04261,17479389,,Ninh Thuận,Ninh Thuận,43.0,,,,,Vietnam,VN,,no,,,male,,0,0
KH04262,17479390,,,,,,,,,,,,no,,,male,,0,0
KH04263,17479391,,,,,,,,,,,,no,,,male,,0,0
KH04264,17479392,,,,,,,,,,,,no,,,male,,0,0
KH04265,17479393,,,,,,,,,,,,no,,,male,,0,0
KH04266,17479394,,,,,,,,,,,,no,,,male,,1550000,1
KH04267,17479395,,,,,,,,,,,,no,,,female,,0,0
KH04268,17479396,,,,,,,,,,,,no,,,male,,0,0
KH04269,17479397,,,,,,,,,,,,no,,,male,,0,0
KH04270,17479398,,,,,,,,,,,,no,,,male,,0,0
KH04271,17479399,,,,,,,,,,,,no,,,male,,0,0
KH04272,17479400,,,,,,,,,,,,no,,,female,,0,0
KH04273,17479401,,,,,,,,,,,,no,,,male,,0,0
KH04274,17479402,,,,,,,,,,,,no,,,male,,0,0
KH04275,17479403,,,,,,,,,,,,no,,,male,,0,0
KH04276,17479404,,,,,,,,,,,,no,,,male,,4745000,3
KH04277,17479405,,,,,,,,,,,,no,,,male,,0,0
KH04278,17479406,,,,,,,,,Vietnam,VN,,no,,,other,,0,0
KH04279,17479407,,,,,,,,,Vietnam,VN,,no,,,female,,0,0
KH04280,17479408,,,,,,,,,,,,no,,,male,,0,0
KH04281,17479409,,,,,,,,,,,,no,,,other,,0,0
KH04282,17479410,,,,,,,,,,,,no,,,female,,0,0
KH04283,17479411,,,,,,,,,Vietnam,VN,,no,,,other,,0,0
KH04284,17479412,,,,,,,,,Vietnam,VN,,no,,,other,,0,0
KH04285,17479413,,,,,,,,,Vietnam,VN,,no,,,other,,0,0
KH04286,17479414,,,,,,,,,,,,no,,,other,,0,0
KH04287,17479415,,,,,,,,,,,,no,,,female,,0,0
KH04288,17479416,,Cà Mau,Cà Mau,14.0,,,,,Vietnam,VN,,no,,,male,,0,0
KH04289,17479417,,,,,,,,,Vietnam,VN,,no,,,other,,0,0
KH04290,17479418,,,,,,,,,Vietnam,VN,,no,,,other,,0,0
KH04291,17479419,,,,,,,,,Vietnam,VN,,no,,,other,,0,0
KH04292,17479420,,,,,,,,,Vietnam,VN,,no,,,other,,0,0
KH04293,17479421,,,,,,,,,,,,no,,,other,,0,0
KH04294,17479422,,,,,,,,,,,,no,,,female,,0,0
KH04295,17479423,,,,,,,,,Vietnam,VN,,no,,,male,,0,0
KH04296,17479424,,,,,,,,,,,,no,,,other,,0,0
KH04297,17479425,,,,,,,,,Vietnam,VN,,no,,,male,,0,0
KH04298,17479426,,,,,,,,,Vietnam,VN,,no,,,other,,0,0
KH04299,17479427,,,,,,,,,,,,no,,,male,,0,0
KH04300,17479428,,,,,,,,,,,,no,,,female,,0,0
KH04301,17479429,,,,,,,,,Vietnam,VN,,no,,,other,,0,0
KH04302,17479430,,,,,,,,,Vietnam,VN,,no,,,other,,0,0
KH04303,17479431,,,,,,,,,Vietnam,VN,,no,,,other,,0,0
KH04304,17479432,,,,,,,,,Vietnam,VN,,no,,,other,,0,0
KH04305,17479433,,,,,,,,,,,,no,,,other,,0,0
KH04306,17479434,,,,,,,,,Vietnam,VN,,no,,,other,,0,0
KH04307,17479435,,,,,,,,,,,,no,,,male,,0,0
KH04308,17479436,,,,,,,,,,,,no,,,male,,0,0
KH04309,17479437,,,,,,,,,,,,no,,,male,,0,0
KH04310,17479438,,,,,,,,,Vietnam,VN,,no,,,female,,0,0
KH04311,17479439,,,,,,,,,,,,no,,,female,,0,0
KH04312,17479440,,,,,,,,,,,,no,,,female,,0,0
KH04313,17479441,,,,,,,,,,,,no,,,male,,0,0
KH04314,17479442,,,,,,,,,,,,no,,,male,,0,0
KH04315,17479443,,,,,,,,,,,,no,,,male,,0,0
KH04316,17479444,,,,,,,,,,,,no,,,other,,0,0
KH04317,17479445,,,,,,,,,,,,no,,,male,,0,0
KH04318,17479446,,,,,,,,,,,,no,,,male,,6250000,3
KH04319,17479447,,,,,,,,,Vietnam,VN,,no,,,other,,0,0
KH04320,17479448,,,,,,,,,,,,no,,,female,,0,0
KH04321,17479449,,,,,,,,,Vietnam,VN,,no,,,other,,0,0
KH04322,17479450,,,,,,,,,Vietnam,VN,,no,,,other,,0,0
KH04323,17479451,,,,,,,,,Vietnam,VN,,no,,,other,,0,0
KH04324,17479452,,,,,,,,,Vietnam,VN,,no,,,other,,0,0
KH04325,17479453,,,,,,,,,Vietnam,VN,,no,,,other,,0,0
KH04326,17479454,,,,,,,,,,,,no,,,female,,0,0
KH04327,17479455,,,,,,,,,,,,no,,,male,,0,0
KH04328,17479456,,,,,,,,,Vietnam,VN,,no,,,other,,0,0
KH04329,17479457,,,,,,,,,,,,no,,,male,,0,0
KH04330,17479458,,,,,,,,,,,,no,,,male,,0,0
KH04331,17479459,,,,,,,,,Vietnam,VN,,no,,,other,,0,0
KH04332,17479460,,,,,,,,,Vietnam,VN,,no,,,other,,0,0
KH04333,17479461,,,,,,,,,,,,no,,,female,,0,0
KH04334,17479462,,,,,,,,,,,,no,,,male,,0,0
KH04335,17479463,,,,,,,,,,,,no,,,female,,0,0
KH04336,17479464,,,,,,,,,Vietnam,VN,,no,,,other,,0,0
KH04337,17479465,,,,,,,,,Vietnam,VN,,no,,,other,,0,0
KH04338,17479466,,,,,,,,,,,,no,,,female,,0,0
KH04339,17479467,,,,,,,,,,,,no,,,male,,0,0
KH04340,17479468,,,,,,,,,,,,no,,,female,,0,0
KH04341,17479469,,,,,,,,,Vietnam,VN,,no,,,other,,0,0
KH04342,17479470,,,,,,,,,Vietnam,VN,,no,,,other,,0,0
KH04343,17479471,,,,,,,,,Vietnam,VN,,no,,,other,,0,0
KH04344,17479472,,,,,,,,,,,,no,,,other,,0,0
KH04345,17479473,,,,,,,,,,,,no,,,male,,0,0
KH04346,17479474,,,,,,,,,,,,no,,,male,,0,0
KH04347,17479475,,,,,,,,,,,,no,,,male,,0,0
KH04348,17479476,,,,,,,,,Vietnam,VN,,no,,,other,,0,0
KH04349,17479477,,,,,,,,,,,,no,,,male,,0,0
KH04350,17479478,,,,,,,,,,,,no,,,other,,0,0
KH04351,17479479,,,,,,,,,,,,no,,,female,,0,0
KH04352,17479480,,,,,,,,,,,,no,,,male,,0,0
KH04353,17479481,,,,,,,,,,,,no,,,male,,0,0
KH04354,17479482,,,,,,,,,,,,no,,,other,,0,0
KH04355,17479483,,,,,,,,,,,,no,,,other,,0,0
KH04356,17479484,,,,,,,,,,,,no,,,male,,0,0
KH04357,17479485,,,,,,,,,,,,no,,,male,,0,0
KH04358,17479486,,,,,,,,,,,,no,,,male,,0,0
KH04359,17479487,,,,,,,,,,,,no,,,male,,0,0
KH04360,17479488,,,,,,,,,,,,no,,,male,,0,0
KH04361,17479489,,TP Hồ Chí Minh,TP Hồ Chí Minh,2.0,Quận 2,31.0,Phường An Phú,9341.0,Vietnam,VN,,yes,sapo_social,,male,1971-06-05,31726900,53
KH04362,17479490,,,,,,,,,,,,no,,,male,,0,0
KH04363,17479491,,,,,,,,,,,,no,,,female,,0,0
KH04364,17479492,,,,,,,,,,,,no,,,female,,0,0
KH04365,17479493,,,,,,,,,Vietnam,VN,,no,,,other,,0,0
KH04366,17479494,,,,,,,,,,,,no,,,male,,0,0
KH04367,17479495,,,,,,,,,,,,no,,,male,,0,0
KH04368,17479496,,,,,,,,,Vietnam,VN,,no,,,other,,0,0
KH04369,17479497,,,,,,,,,,,,no,,,male,,0,0
KH04370,17479498,,,,,,,,,,,,no,,,male,,0,0
KH04371,17479499,,,,,,,,,,,,no,,,female,,0,0
KH04372,17479500,,,,,,,,,,,,no,,,male,,0,0
KH04373,17479501,,,,,,,,,,,,no,,,male,,0,0
KH04374,17479502,,,,,,,,,,,,no,,,female,,0,0
KH04375,17479503,,,,,,,,,Vietnam,VN,,no,,,other,,0,0
KH04376,17479504,,,,,,,,,Vietnam,VN,,no,,,other,,0,0
KH04377,17479505,,,,,,,,,,,,no,,,male,,0,0
KH04378,17479506,,,,,,,,,Vietnam,VN,,no,,,other,,0,0
KH04379,17479507,,,,,,,,,,,,no,,,male,,0,0
KH04380,17479508,,,,,,,,,,,,no,,,male,,0,0
KH04381,17479509,,,,,,,,,,,,no,,,male,,0,0
KH04382,17479510,,,,,,,,,Vietnam,VN,,no,,,other,,0,0
KH04383,17479511,,,,,,,,,,,,no,,,female,,0,0
KH04384,17479512,,,,,,,,,,,,no,,,male,,0,0
KH04385,17479513,,,,,,,,,Vietnam,VN,,no,,,other,,0,0
KH04386,17479514,,,,,,,,,Vietnam,VN,,no,,,other,,0,0
KH04387,17479515,,,,,,,,,Vietnam,VN,,no,,,other,,465000,2
KH04388,17479516,,,,,,,,,Vietnam,VN,,no,,,other,,0,0
KH04389,17479517,,,,,,,,,Vietnam,VN,,no,,,other,,0,0
KH04390,17479518,,,,,,,,,,,,no,,,female,,0,0
KH04391,17479519,,,,,,,,,,,,no,,,female,,0,0
KH04392,17479520,,,,,,,,,Vietnam,VN,,no,,,other,,0,0
KH04393,17479521,,,,,,,,,Vietnam,VN,,no,,,other,,0,0
KH04394,17479522,,,,,,,,,,,,no,,,male,,0,0
KH04395,17479523,,,,,,,,,Vietnam,VN,,no,,,other,,0,0
KH04396,17479524,,,,,,,,,Vietnam,VN,,no,,,other,,0,0
KH04397,17479525,,,,,,,,,Vietnam,VN,,no,,,other,,0,0
KH04398,17479526,,,,,,,,,,,,no,,,female,,0,0
KH04399,17479527,,,,,,,,,,,,no,,,female,,0,0
KH04400,17479528,,,,,,,,,,,,no,,,female,,0,0
KH04401,17479529,,,,,,,,,Vietnam,VN,,no,,,other,,0,0
KH04402,17479530,,,,,,,,,Vietnam,VN,,no,,,other,,0,0
KH04403,17479531,,,,,,,,,Vietnam,VN,,no,,,other,,7150000,3
KH04404,17479532,,,,,,,,,Vietnam,VN,,no,,,other,,0,0
KH04405,17479533,,,,,,,,,Vietnam,VN,,no,,,other,,0,0
KH04406,17479534,,,,,,,,,Vietnam,VN,,no,,,other,,0,0
KH04407,17479535,,,,,,,,,Vietnam,VN,,no,,,other,,0,0
KH04408,17479536,,,,,,,,,,,,no,,,female,,0,0
KH04409,17479537,,,,,,,,,,,,no,,,male,,0,0
KH04410,17479538,,,,,,,,,,,,no,,,male,,0,0
KH04411,17479539,,,,,,,,,,,,no,,,male,,0,0
KH04412,17479540,,,,,,,,,,,,no,,,female,,0,0
KH04413,17479541,,,,,,,,,,,,no,,,male,,0,0
KH04414,17479542,,,,,,,,,,,,no,,,female,,0,0
KH04415,17479543,,,,,,,,,Vietnam,VN,,no,,,other,,0,0
KH04416,17479544,,,,,,,,,Vietnam,VN,,no,,,other,,0,0
KH04417,17479545,,,,,,,,,Vietnam,VN,,no,,,other,,0,0
KH04418,17479546,,,,,,,,,Vietnam,VN,,no,,,other,,0,0
KH04419,17479547,,,,,,,,,,,,no,,,male,,0,0
KH04420,17479548,,,,,,,,,,,,no,,,female,,0,0
KH04421,17479549,,,,,,,,,Vietnam,VN,,no,,,other,,0,0
KH04422,17479550,,,,,,,,,,,,no,,,male,,0,0
KH04423,17479551,,,,,,,,,Vietnam,VN,,no,,,male,,0,0
KH04424,17479552,,,,,,,,,,,,no,,,male,,5285000,3
KH04425,17479553,,,,,,,,,,,,no,,,male,,0,0
KH04426,17479554,,,,,,,,,,,,no,,,male,,0,0
KH04427,17479555,,,,,,,,,,,,no,,,female,,0,0
KH04428,17479556,,Đồng Nai,Đồng Nai,21.0,,,,,Vietnam,VN,,no,,,female,,0,0
KH04429,17479557,,,,,,,,,,,,no,,,male,,0,0
KH04430,17479558,,,,,,,,,,,,no,,,male,,0,0
KH04431,17479559,,,,,,,,,,,,no,,,male,,0,0
KH04432,17479560,,,,,,,,,Vietnam,VN,,no,,,other,,0,0
KH04433,17479561,,,,,,,,,Vietnam,VN,,no,,,other,,0,0
KH04434,17479562,,,,,,,,,Vietnam,VN,,no,,,other,,0,0
KH04435,17479563,,,,,,,,,Vietnam,VN,,no,,,other,,0,0
KH04436,17479564,,,,,,,,,Vietnam,VN,,no,,,other,,0,0
KH04437,17479565,,,,,,,,,Vietnam,VN,,no,,,other,,0,0
KH04438,17479566,,,,,,,,,,,,no,,,male,,0,0
KH04439,17479567,,,,,,,,,,,,no,,,female,,0,0
KH04440,17479568,,,,,,,,,,,,no,,,male,,0,0
KH04441,17479569,,,,,,,,,,,,no,,,male,,0,0
KH04442,17479570,,,,,,,,,,,,no,,,female,,0,0
KH04443,17479571,,,,,,,,,,,,no,,,female,,0,0
KH04444,17479572,,,,,,,,,Vietnam,VN,,no,,,other,,0,0
KH04445,17479573,,,,,,,,,Vietnam,VN,,no,,,other,,0,0
KH04446,17479574,,,,,,,,,,,,no,,,male,,0,0
KH04447,17479575,,,,,,,,,,,,no,,,male,,0,0
KH04448,17479576,,,,,,,,,Vietnam,VN,,no,,,female,,0,0
KH04449,17479577,,,,,,,,,Vietnam,VN,,no,,,male,,0,0
KH04450,17479578,,,,,,,,,Vietnam,VN,,no,,,male,,0,0
KH04451,17479579,,,,,,,,,,,,no,,,female,,1320000,1
KH04452,17479580,,,,,,,,,,,,no,,CĂN HỘ 502 LÔ B,male,,0,0
KH04453,17479581,,,,,,,,,,,,no,,,female,,0,0
KH04454,17479582,,,,,,,,,,,,no,,,male,,0,0
KH04455,17479583,,,,,,,,,,,,no,,,male,,0,0
KH04456,17479584,,,,,,,,,,,,no,,,male,,0,0
KH04457,17479585,,,,,,,,,Vietnam,VN,,no,,,other,,0,0
KH04458,17479586,,,,,,,,,,,,no,,,male,,0,0
KH04459,17479587,,,,,,,,,,,,no,,,female,,0,0
KH04460,17479588,,,,,,,,,Vietnam,VN,,no,,,other,,0,0
KH04461,17479589,,,,,,,,,Vietnam,VN,,no,,,other,,0,0
KH04462,17479590,,,,,,,,,Vietnam,VN,,no,,,other,,0,0
KH04463,17479591,,,,,,,,,,,,no,,,male,,0,0
KH04464,17479592,,,,,,,,,,,,no,,,female,,0,0
KH04465,17479593,,,,,,,,,Vietnam,VN,,no,,,other,,0,0
KH04466,17479594,,,,,,,,,,,,no,,,male,,0,0
KH04467,17479595,,,,,,,,,,,,no,,,male,,0,0
KH04468,17479596,,,,,,,,,,,,no,,,male,,0,0
KH04469,17479597,,,,,,,,,,,,no,,,male,,0,0
KH04470,17479598,,,,,,,,,,,,no,,,female,,0,0
KH04471,17479599,,,,,,,,,,,,no,,,male,,0,0
KH04472,17479600,,,,,,,,,Vietnam,VN,,no,,,other,,0,0
KH04473,17479601,,,,,,,,,,,,no,,,male,,0,0
KH04474,17479602,,,,,,,,,Vietnam,VN,,no,,,other,,0,0
KH04475,17479603,,,,,,,,,Vietnam,VN,,no,,,other,,0,0
KH04476,17479604,,,,,,,,,Vietnam,VN,,no,,,other,,2300000,1
KH04477,17479605,,,,,,,,,Vietnam,VN,,no,,,other,,0,0
KH04478,17479606,,,,,,,,,Vietnam,VN,,no,,,other,,0,0
KH04479,17479607,,,,,,,,,,,,no,,,female,,352000,1
KH04480,17479608,,,,,,,,,Vietnam,VN,,no,,,other,,0,0
KH04481,17479609,,,,,,,,,Vietnam,VN,,no,,,other,,0,0
KH04482,17479610,,,,,,,,,Vietnam,VN,,no,,,other,,0,0
KH04483,17479611,,,,,,,,,Vietnam,VN,,no,,,other,,0,0
KH04484,17479612,,,,,,,,,,,,no,,,female,,0,0
KH04485,17479613,,,,,,,,,,,,no,,,male,,0,0
KH04486,17479614,,,,,,,,,,,,no,,,male,,0,0
KH04487,17479615,,,,,,,,,Vietnam,VN,,no,,,other,,0,0
KH04488,17479616,,,,,,,,,,,,no,,,female,,0,0
KH04489,17479617,,,,,,,,,,,,no,,,male,,0,0
KH04490,17479618,,,,,,,,,Vietnam,VN,,no,,,other,,0,0
KH04491,17479619,,,,,,,,,,,,no,,,male,,0,0
KH04492,17479620,,,,,,,,,Vietnam,VN,,no,,,other,,0,0
KH04493,17479621,,,,,,,,,Vietnam,VN,,no,,,other,,0,0
KH04494,17479622,,,,,,,,,Vietnam,VN,,no,,,other,,0,0
KH04495,17479623,,,,,,,,,Vietnam,VN,,no,,,other,,0,0
KH04496,17479624,,,,,,,,,Vietnam,VN,,no,,,other,,0,0
KH04497,17479625,,,,,,,,,Vietnam,VN,,no,,,other,,0,0
KH04498,17479626,,,,,,,,,,,,no,,,male,,0,0
KH04499,17479627,,,,,,,,,,,,no,,,male,,0,0
KH04500,17479628,,,,,,,,,Vietnam,VN,,no,,,other,,0,0
KH04501,17479629,,,,,,,,,Vietnam,VN,,no,,,other,,0,0
KH04502,17479630,,,,,,,,,Vietnam,VN,,no,,,other,,0,0
KH04503,17479631,,,,,,,,,Vietnam,VN,,no,,,other,,0,0
KH04504,17479632,,,,,,,,,Vietnam,VN,,no,,,other,,0,0
KH04505,17479633,,,,,,,,,,,,no,,,female,,0,0
KH04506,17479634,,,,,,,,,Vietnam,VN,,no,sapo_social,,male,2025-02-21,2950000,2
KH04507,17479635,,,,,,,,,Vietnam,VN,,no,,,other,,0,0
KH04508,17479636,,,,,,,,,Vietnam,VN,,no,,,other,,0,0
KH04509,17479637,,,,,,,,,Vietnam,VN,,no,,,other,,0,0
KH04510,17479638,,,,,,,,,Vietnam,VN,,no,,,other,,0,0
KH04511,17479639,,,,,,,,,Vietnam,VN,,no,,,other,,0,0
KH04512,17479640,,,,,,,,,Vietnam,VN,,no,,,other,,0,0
KH04513,17479641,,,,,,,,,Vietnam,VN,,no,,,other,,0,0
KH04514,17479642,,,,,,,,,Vietnam,VN,,no,,,other,,0,0
KH04515,17479643,,,,,,,,,Vietnam,VN,,no,,,other,,0,0
KH04516,17479644,,,,,,,,,Vietnam,VN,,no,,,other,,0,0
KH04517,17479645,,,,,,,,,Vietnam,VN,,no,,,other,,0,0
KH04518,17479646,,,,,,,,,Vietnam,VN,,no,,,other,,0,0
KH04519,17479647,,,,,,,,,Vietnam,VN,,no,,,other,,0,0
KH04520,17479648,,,,,,,,,Vietnam,VN,,no,,,other,,0,0
KH04521,17479649,,,,,,,,,Vietnam,VN,,no,,,other,,0,0
KH04522,17479650,,,,,,,,,Vietnam,VN,,no,,,other,,0,0
KH04523,17479651,,,,,,,,,Vietnam,VN,,no,,,other,,0,0
KH04524,17479652,,,,,,,,,Vietnam,VN,,no,,,other,,0,0
KH04525,17479653,,,,,,,,,Vietnam,VN,,no,,,other,,0,0
KH04526,17479654,,,,,,,,,Vietnam,VN,,no,,,other,,0,0
KH04527,17479655,,,,,,,,,,,,no,,,female,,0,0
KH04528,17479656,,,,,,,,,Vietnam,VN,,no,,,other,,0,0
KH04529,17479657,,,,,,,,,Vietnam,VN,,no,,,other,,0,0
KH04530,17479658,,,,,,,,,Vietnam,VN,,no,,,other,,0,0
KH04531,17479659,,,,,,,,,Vietnam,VN,,no,,,other,,0,0
KH04532,17479660,,,,,,,,,,,,no,,,female,,500000,1
KH04533,17479661,,,,,,,,,,,,no,,,male,,0,0
KH04534,17479662,,,,,,,,,,,,no,,,male,,0,0
KH04535,17479663,,,,,,,,,Vietnam,VN,,no,,,other,,0,0
KH04536,17479664,,,,,,,,,Vietnam,VN,,no,,,female,,0,0
KH04537,17479665,,,,,,,,,,,,no,,,female,,0,0
KH04538,17479666,,,,,,,,,,,,no,,,male,,0,0
KH04539,17479667,,,,,,,,,Vietnam,VN,,no,,,male,1968-01-15,5265500,6
KH04540,17479668,,,,,,,,,,,,no,,,male,,0,0
KH04541,17479669,,,,,,,,,,,,no,,,male,,0,0
KH04542,17479670,,,,,,,,,,,,no,,,male,,0,0
KH04543,17479671,,,,,,,,,,,,no,,,female,,0,0
KH04544,17479672,,,,,,,,,,,,no,,,male,,0,0
KH04545,17479673,,,,,,,,,,,,no,,,female,,0,0
KH04546,17479674,,,,,,,,,,,,no,,,female,,0,0
KH04547,17479675,,,,,,,,,,,,no,,,female,,0,0
KH04548,17479676,,,,,,,,,,,,no,,,male,,0,0
KH04549,17479677,,,,,,,,,Vietnam,VN,,no,,,other,,0,0
KH04550,17479678,,,,,,,,,Vietnam,VN,,no,,,other,,0,0
KH04551,17479679,,,,,,,,,Vietnam,VN,,no,,,other,,0,0
KH04552,17479680,,,,,,,,,Vietnam,VN,,no,,,other,,0,0
KH04553,17479681,,,,,,,,,Vietnam,VN,,no,,,other,,0,0
KH04554,17479682,,,,,,,,,Vietnam,VN,,no,,,other,,0,0
KH04555,17479683,,,,,,,,,Vietnam,VN,,no,,,other,,0,0
KH04556,17479684,,,,,,,,,,,,no,,,male,,0,0
KH04557,17479685,,,,,,,,,,,,no,,,female,,9551000,1
KH04558,17479686,,,,,,,,,,,,no,,,male,,0,0
KH04559,17479687,,,,,,,,,Vietnam,VN,,no,,,other,,0,0
KH04560,17479688,,,,,,,,,Vietnam,VN,,no,,,other,,0,0
KH04561,17479689,,,,,,,,,Vietnam,VN,,no,,,other,,0,0
KH04562,17479690,,,,,,,,,Vietnam,VN,,no,,,other,,0,1
KH04563,17479691,,,,,,,,,Vietnam,VN,,no,,,other,,0,0
KH04564,17479692,,,,,,,,,Vietnam,VN,,no,,,other,,0,0
KH04565,17479693,,,,,,,,,Vietnam,VN,,no,,,other,,0,0
KH04566,17479694,,,,,,,,,,,,no,,,male,,0,0
KH04567,17479695,,,,,,,,,Vietnam,VN,,no,,,other,,0,0
KH04568,17479696,,,,,,,,,,,,no,,,male,,0,0
KH04569,17479697,,,,,,,,,Vietnam,VN,,no,,,other,,0,0
KH04570,17479698,,,,,,,,,,,,no,,,male,,0,0
KH04571,17479699,,,,,,,,,Vietnam,VN,,no,,,male,,0,0
KH04572,17479700,,,,,,,,,,,,no,,,male,,0,0
KH04573,17479701,,,,,,,,,Vietnam,VN,,no,,,other,,0,0
KH04574,17479702,,,,,,,,,Vietnam,VN,,no,,,other,,0,0
KH04575,17479703,,,,,,,,,Vietnam,VN,,no,,,other,,0,0
KH04576,17479704,,,,,,,,,Vietnam,VN,,no,,,other,,0,0
KH04577,17479705,,,,,,,,,Vietnam,VN,,no,,,other,,0,0
KH04578,17479706,,,,,,,,,,,,no,,,male,,0,0
KH04579,17479707,,,,,,,,,Vietnam,VN,,no,,,other,,0,0
KH04580,17479708,,,,,,,,,,,,no,,,male,,0,0
KH04581,17479709,,,,,,,,,,,,no,,,female,,0,0
KH04582,17479710,,,,,,,,,,,,no,,,female,,0,0
KH04583,17479711,,,,,,,,,,,,no,,,male,,0,0
KH04584,17479712,,,,,,,,,Vietnam,VN,,no,,,other,,0,0
KH04585,17479713,,,,,,,,,Vietnam,VN,,no,,,other,,0,0
KH04586,17479714,,,,,,,,,Vietnam,VN,,no,,,other,,0,0
KH04587,17479715,,,,,,,,,Vietnam,VN,,no,,,other,,0,0
KH04588,17479716,,,,,,,,,Vietnam,VN,,no,,,other,,0,0
KH04589,17479717,,,,,,,,,Vietnam,VN,,no,,,other,,0,0
KH04590,17479718,,,,,,,,,Vietnam,VN,,no,,,other,,0,0
KH04591,17479719,,,,,,,,,Vietnam,VN,,no,,,other,,0,0
KH04592,17479720,,,,,,,,,,,,no,,,female,,0,0
KH04593,17479721,,,,,,,,,,,,no,,,male,,0,0
KH04594,17479722,,,,,,,,,Vietnam,VN,,no,,,other,,0,0
KH04595,17479723,,,,,,,,,Vietnam,VN,,no,,,other,,0,0
KH04596,17479724,,,,,,,,,Vietnam,VN,,no,,,other,,0,0
KH04597,17479725,,,,,,,,,,,,no,,,female,,0,0
KH04598,17479726,,,,,,,,,Vietnam,VN,,no,,,male,,0,0
KH04599,17479727,,,,,,,,,,,,no,,,male,,0,0
KH04600,17479728,,,,,,,,,Vietnam,VN,,no,,,other,,0,0
KH04601,17479729,,,,,,,,,Vietnam,VN,,no,,,other,,0,0
KH04602,17479730,,,,,,,,,,,,no,,,male,,0,0
KH04603,17479731,,,,,,,,,,,,no,,,male,,265000,1
KH04604,17479732,,,,,,,,,,,,no,,,male,,0,0
KH04605,17479733,,,,,,,,,,,,no,,,male,,0,0
KH04606,17479734,,,,,,,,,,,,no,,,male,,0,0
KH04607,17479735,,,,,,,,,,,,no,,,male,,0,0
KH04608,17479736,,,,,,,,,Vietnam,VN,,no,,,other,,0,0
KH04609,17479737,,,,,,,,,Vietnam,VN,,no,,,other,,0,0
KH04610,17479738,,,,,,,,,,,,no,,,male,,0,0
KH04611,17479739,,,,,,,,,Vietnam,VN,,no,,,other,,0,0
KH04612,17479740,,,,,,,,,Vietnam,VN,,no,,,other,,0,0
KH04613,17479741,,,,,,,,,Vietnam,VN,,no,,,other,,0,0
KH04614,17479742,,,,,,,,,Vietnam,VN,,no,,,other,,0,0
KH04615,17479743,,,,,,,,,,,,no,,,female,,0,0
KH04616,17479744,,,,,,,,,Vietnam,VN,,no,,,other,,0,0
KH04617,17479745,,,,,,,,,Vietnam,VN,,no,,,other,,0,0
KH04618,17479746,,,,,,,,,Vietnam,VN,,no,,,other,,0,0
KH04619,17479747,,,,,,,,,,,,no,,,other,,0,0
KH04620,17479748,,,,,,,,,,,,no,,,male,,0,0
KH04621,17479749,,,,,,,,,Vietnam,VN,,no,,,other,,0,0
KH04622,17479750,,,,,,,,,,,,no,,,male,,490000,1
KH04623,17479751,,,,,,,,,Vietnam,VN,,no,,,other,,0,0
KH04624,17479752,,,,,,,,,Vietnam,VN,,no,,,other,,0,0
KH04625,17479753,,,,,,,,,,,,no,,,male,,0,0
KH04626,17479754,,,,,,,,,Vietnam,VN,,no,,,female,,0,0
KH04627,17479755,,,,,,,,,Vietnam,VN,,no,,,other,,0,0
KH04628,17479756,,,,,,,,,,,,no,,,male,,0,0
KH04629,17479757,,,,,,,,,,,,no,,,male,,0,0
KH04630,17479758,,,,,,,,,Vietnam,VN,,no,,,other,,0,0
KH04631,17479759,,,,,,,,,Vietnam,VN,,no,,,other,,0,0
KH04632,17479760,,,,,,,,,Vietnam,VN,,no,,,other,,0,0
KH04633,17479761,,,,,,,,,Vietnam,VN,,no,,,other,,0,0
KH04634,17479762,,,,,,,,,Vietnam,VN,,no,,,other,,0,0
KH04635,17479763,,,,,,,,,Vietnam,VN,,no,,,other,,0,0
KH04636,17479764,,,,,,,,,Vietnam,VN,,no,,,other,,2844000,2
KH04637,17479765,,,,,,,,,,,,no,,,male,,0,0
KH04638,17479766,,,,,,,,,,,,no,,,male,,0,0
KH04639,17479767,,,,,,,,,,,,no,,,female,,0,0
KH04640,17479768,,,,,,,,,,,,no,,,male,,0,0
KH04641,17479769,,,,,,,,,,,,no,,,male,,0,0
KH04642,17479770,,,,,,,,,,,,no,,,male,,0,0
KH04643,17479771,,,,,,,,,Vietnam,VN,,no,,,other,,0,0
KH04644,17479772,,,,,,,,,,,,no,,,female,,0,0
KH04645,17479773,,,,,,,,,Vietnam,VN,,no,,,other,,0,0
KH04646,17479774,,,,,,,,,,,,no,,,male,,0,0
KH04647,17479775,,,,,,,,,Vietnam,VN,,no,,,other,,0,0
KH04648,17479776,,,,,,,,,,,,no,,,female,,0,0
KH04649,17479777,,,,,,,,,,,,no,,,male,,0,0
KH04650,17479778,,,,,,,,,Vietnam,VN,,no,,,other,,0,0
KH04651,17479779,,,,,,,,,Vietnam,VN,,no,,,other,,0,0
KH04652,17479780,,,,,,,,,Vietnam,VN,,no,,,other,,0,0
KH04653,17479781,,,,,,,,,,,,no,,,male,,0,0
KH04654,17479782,,,,,,,,,,,,no,,,female,,0,0
KH04655,17479783,,,,,,,,,,,,no,,,male,,0,0
KH04656,17479784,,,,,,,,,Vietnam,VN,,no,,,other,,0,0
KH04657,17479785,,,,,,,,,Vietnam,VN,,no,,,other,,0,0
KH04658,17479786,,,,,,,,,Vietnam,VN,,no,,,other,,0,0
KH04659,17479787,,,,,,,,,Vietnam,VN,,no,,,other,,0,0
KH04660,17479788,,,,,,,,,Vietnam,VN,,no,,,other,,550000,1
KH04661,17479789,,,,,,,,,Vietnam,VN,,no,,,other,,0,0
KH04662,17479790,,,,,,,,,,,,no,,,male,,0,0
KH04663,17479791,,,,,,,,,,,,no,,,male,,0,0
KH04664,17479792,,,,,,,,,,,,no,,,male,,0,0
KH04665,17479793,,,,,,,,,Vietnam,VN,,no,,,other,,0,0
KH04666,17479794,,,,,,,,,Vietnam,VN,,no,,,other,,0,0
KH04667,17479795,,,,,,,,,,,,no,,,female,,0,0
KH04668,17479796,,,,,,,,,Vietnam,VN,,no,,,other,,0,0
KH04669,17479797,,,,,,,,,Vietnam,VN,,no,,,other,,0,0
KH04670,17479798,,,,,,,,,Vietnam,VN,,no,,,other,,0,0
KH04671,17479799,,,,,,,,,,,,no,,,female,,520000,1
KH04672,17479800,,,,,,,,,,,,no,,,female,,0,0
KH04673,17479801,,,,,,,,,,,,no,,,female,,0,0
KH04674,17479802,,,,,,,,,Vietnam,VN,,no,,,other,,0,0
KH04675,17479803,,,,,,,,,Vietnam,VN,,no,,,other,,0,0
KH04676,17479804,,,,,,,,,Vietnam,VN,,no,,,other,,0,0
KH04677,17479805,,,,,,,,,Vietnam,VN,,no,,,other,,0,0
KH04678,17479806,,,,,,,,,Vietnam,VN,,no,,,other,,0,0
KH04679,17479807,,,,,,,,,Vietnam,VN,,no,,,other,,0,0
KH04680,17479808,,,,,,,,,Vietnam,VN,,no,,,other,,0,0
KH04681,17479809,,,,,,,,,Vietnam,VN,,no,,,other,,0,0
KH04682,17479810,,,,,,,,,Vietnam,VN,,no,,,other,,0,0
KH04683,17479811,,,,,,,,,Vietnam,VN,,no,,,other,,0,0
KH04684,17479812,,,,,,,,,Vietnam,VN,,no,,,other,,0,0
KH04685,17479813,,,,,,,,,,,,no,,,male,,0,0
KH04686,17479814,,,,,,,,,Vietnam,VN,,no,,,other,,0,1
KH04687,17479815,,,,,,,,,Vietnam,VN,,no,,,other,,709000,1
KH04688,17479816,,,,,,,,,,,,no,,,male,,0,0
KH04689,17479817,,,,,,,,,Vietnam,VN,,no,,,other,,0,0
KH04690,17479818,,,,,,,,,Vietnam,VN,,no,,,other,,0,0
KH04691,17479819,,,,,,,,,Vietnam,VN,,no,,,other,,0,0
KH04692,17479820,,,,,,,,,Vietnam,VN,,no,,,other,,0,0
KH04693,17479821,,,,,,,,,,,,no,,,female,,2357000,1
KH04694,17479822,,,,,,,,,,,,no,,,female,,0,0
KH04695,17479823,,,,,,,,,Vietnam,VN,,no,,,other,,0,0
KH04696,17479824,,,,,,,,,Vietnam,VN,,no,,,other,,0,0
KH04697,17479825,,,,,,,,,,,,no,,,male,,0,0
KH04698,17479826,,Đắk Lắk,Đắk Lắk,18.0,Huyện Krông Pắc,202.0,Thị trấn Phước An,8406.0,Vietnam,VN,,no,,,male,,937900,1
KH04699,17479827,,,,,,,,,,,,no,,,male,,0,0
KH04700,17479828,,,,,,,,,Vietnam,VN,,no,,,other,,0,0
KH04701,17479829,,,,,,,,,,,,no,,,male,,0,0
KH04702,17479830,,,,,,,,,Vietnam,VN,,no,,,other,,0,0
KH04703,17479831,,,,,,,,,Vietnam,VN,,no,,,other,,0,0
KH04704,17479832,,,,,,,,,Vietnam,VN,,no,,,other,,0,0
KH04705,17479833,,,,,,,,,Vietnam,VN,,no,,,other,,0,0
KH04706,17479834,,,,,,,,,Vietnam,VN,,no,,,other,,0,0
KH04707,17479835,,,,,,,,,Vietnam,VN,,no,,,other,,0,0
KH04708,17479836,,,,,,,,,Vietnam,VN,,no,,,other,,0,0
KH04709,17479837,,,,,,,,,,,,no,,,female,,0,0
KH04710,17479838,,,,,,,,,Vietnam,VN,,no,,,other,,0,0
KH04711,17479839,,,,,,,,,Vietnam,VN,,no,,,other,,0,0
KH04712,17479840,,,,,,,,,Vietnam,VN,,no,,,other,,0,0
KH04713,17479841,,,,,,,,,,,,no,,,male,,0,0
KH04714,17479842,,,,,,,,,,,,no,,,female,,0,0
KH04715,17479843,,,,,,,,,,,,no,,,male,,0,0
KH04716,17479844,,,,,,,,,Vietnam,VN,,no,,,other,,0,0
KH04717,17479845,,,,,,,,,Vietnam,VN,,no,,,other,,0,0
KH04718,17479846,,,,,,,,,Vietnam,VN,,no,,,other,,0,0
KH04719,17479847,,,,,,,,,Vietnam,VN,,no,,,other,,0,0
KH04720,17479848,,,,,,,,,Vietnam,VN,,no,,,other,,0,0
KH04721,17479849,,,,,,,,,Vietnam,VN,,no,,,other,,0,0
KH04722,17479850,,,,,,,,,Vietnam,VN,,no,,,other,,1400000,1
KH04723,17479851,,,,,,,,,Vietnam,VN,,no,,,other,,0,0
KH04724,17479852,,,,,,,,,,,,no,,,male,,0,0
KH04725,17479853,,,,,,,,,Vietnam,VN,,no,,,other,,0,0
KH04726,17479854,,,,,,,,,Vietnam,VN,,no,,,other,,0,0
KH04727,17479855,,,,,,,,,Vietnam,VN,,no,,,other,,0,0
KH04728,17479856,,,,,,,,,,,,no,,,female,,0,0
KH04729,17479857,,,,,,,,,Vietnam,VN,,no,,,other,,0,0
KH04730,17479858,,,,,,,,,,,,no,,,male,,0,0
KH04731,17479859,,,,,,,,,Vietnam,VN,,no,,,other,,0,0
KH04732,17479860,,,,,,,,,Vietnam,VN,,no,,,other,,0,0
KH04733,17479861,,,,,,,,,Vietnam,VN,,no,,,other,,0,0
KH04734,17479862,,,,,,,,,,,,no,,,male,,0,0
KH04735,17479863,,,,,,,,,,,,no,,,male,,0,0
KH04736,17479864,,,,,,,,,Vietnam,VN,,no,,,other,,0,0
KH04737,17479865,,,,,,,,,,,,no,,,male,,0,0
KH04738,17479866,,,,,,,,,,,,no,,,other,,0,0
KH04739,17479867,,,,,,,,,,,,no,,,female,,0,0
KH04740,17479868,,,,,,,,,,,,no,,,male,,0,0
KH04741,17479869,,TP Hồ Chí Minh,TP Hồ Chí Minh,2.0,Quận 1,30.0,Phường Đa Kao,9218.0,Vietnam,VN,,no,,,male,,335000,1
KH04742,17479870,,,,,,,,,,,,no,,,female,,0,0
KH04743,17479871,,,,,,,,,,,,no,,,female,,0,0
KH04744,17479872,,,,,,,,,Vietnam,VN,,no,,,other,,0,0
KH04745,17479873,,,,,,,,,Vietnam,VN,,no,,,other,,0,0
KH04746,17479874,,,,,,,,,Vietnam,VN,,no,,,other,,0,0
KH04747,17479875,,,,,,,,,Vietnam,VN,,no,,,other,,0,0
KH04748,17479876,,,,,,,,,,,,no,,,female,,0,0
KH04749,17479877,,,,,,,,,,,,no,,,male,,0,0
KH04750,17479878,,,,,,,,,,,,no,,,male,,0,0
KH04751,17479879,,,,,,,,,,,,no,,,male,,0,0
KH04752,17479880,,,,,,,,,,,,no,,,male,,0,0
KH04753,17479881,,,,,,,,,,,,no,,,male,,0,0
KH04754,17479882,,,,,,,,,,,,no,,,male,,2150000,1
KH04755,17479883,,,,,,,,,,,,no,,,male,,0,0
KH04756,17479884,,Đồng Nai,Đồng Nai,21.0,,,,,Vietnam,VN,,no,,,male,,0,0
KH04757,17479885,,,,,,,,,,,,no,,,male,,0,0
KH04758,17479886,,,,,,,,,,,,no,,,female,,0,0
KH04759,17479887,,,,,,,,,Vietnam,VN,,no,,,other,,0,0
KH04760,17479888,,,,,,,,,,,,no,,,female,,0,0
KH04761,17479889,,,,,,,,,Vietnam,VN,,no,,,other,,0,0
KH04762,17479890,,,,,,,,,,,,no,,,female,,0,0
KH04763,17479891,,,,,,,,,,,,no,,,male,,0,0
KH04764,17479892,,,,,,,,,,,,no,,,male,,2499000,1
KH04765,17479893,,,,,,,,,,,,no,,,male,,1820000,1
KH04766,17479894,,,,,,,,,,,,no,,,male,,0,0
KH04767,17479895,,,,,,,,,,,,no,,,female,,0,0
KH04768,17479896,,,,,,,,,,,,no,,,male,,0,0
KH04769,17479897,,,,,,,,,,,,no,,,male,,0,0
KH04770,17479898,,,,,,,,,,,,no,,,female,,0,0
KH04771,17479899,,,,,,,,,,,,no,,,male,,0,0
KH04772,17479900,,,,,,,,,Vietnam,VN,,no,,,other,,0,0
KH04773,17479901,,,,,,,,,,,,no,,,male,,0,0
KH04774,17479902,,,,,,,,,,,,no,,,female,,0,0
KH04775,17479903,,,,,,,,,,,,no,,,male,,0,0
KH04776,17479904,,,,,,,,,,,,no,,,male,,0,0
KH04777,17479905,,,,,,,,,,,,no,,,female,,0,0
KH04778,17479906,,,,,,,,,Vietnam,VN,,yes,,,male,1994-02-27,0,0
KH04779,17479907,,,,,,,,,,,,no,,,male,,0,0
KH04780,17479908,,,,,,,,,,,,no,,,male,,0,0
KH04781,17479909,,,,,,,,,,,,no,,,male,,0,0
KH04782,17479910,,,,,,,,,Vietnam,VN,,no,,,other,,0,0
KH04783,17479911,,,,,,,,,Vietnam,VN,,no,,,other,,0,0
KH04784,17479912,,,,,,,,,,,,no,,,female,,0,0
KH04785,17479913,,,,,,,,,,,,no,,,male,,0,0
KH04786,17479914,,,,,,,,,Vietnam,VN,,no,,,other,,0,0
KH04787,17479915,,,,,,,,,Vietnam,VN,,no,,,male,,980000,1
KH04788,17479916,,,,,,,,,,,,no,,,male,,0,0
KH04789,17479917,,,,,,,,,,,,no,,,male,,0,0
KH04790,17479918,,,,,,,,,Vietnam,VN,,no,,,other,,0,0
KH04791,17479919,,,,,,,,,Vietnam,VN,,no,,,other,,0,0
KH04792,17479920,,,,,,,,,Vietnam,VN,,no,,,other,,0,0
KH04793,17479921,,,,,,,,,,,,no,,,male,,0,0
KH04794,17479922,,,,,,,,,Vietnam,VN,,no,,,other,,0,0
KH04795,17479923,,,,,,,,,,,,no,,,female,,0,0
KH04796,17479924,,,,,,,,,,,,no,,,male,,0,0
KH04797,17479925,,,,,,,,,,,,no,,,male,,0,0
KH04798,17479926,,,,,,,,,,,,no,,,female,,0,0
KH04799,17479927,,,,,,,,,Vietnam,VN,,no,,,other,,0,0
KH04800,17479928,,,,,,,,,Vietnam,VN,,no,,,other,,574000,1
KH04801,17479929,,,,,,,,,Vietnam,VN,,no,,,other,,0,0
KH04802,17479930,,,,,,,,,Vietnam,VN,,no,,,other,,0,0
KH04803,17479931,,,,,,,,,,,,no,,,male,,0,0
KH04804,17479932,,,,,,,,,,,,no,,,male,,0,0
KH04805,17479933,,,,,,,,,Vietnam,VN,,no,,,other,,0,0
KH04806,17479934,,,,,,,,,Vietnam,VN,,no,,,other,,0,0
KH04807,17479935,,,,,,,,,Vietnam,VN,,no,,,other,,0,0
KH04808,17479936,,,,,,,,,Vietnam,VN,,no,,,other,,0,0
KH04809,17479937,,,,,,,,,,,,no,,,female,,0,0
KH04810,17479938,,,,,,,,,,,,no,,,female,,0,0
KH04811,17479939,,,,,,,,,,,,no,,,female,,0,0
KH04812,17479940,,,,,,,,,Vietnam,VN,,no,,,other,,0,0
KH04813,17479941,,,,,,,,,Vietnam,VN,,no,,,other,,0,0
KH04814,17479942,,,,,,,,,Vietnam,VN,,no,,,other,,0,0
KH04815,17479943,,,,,,,,,,,,no,,,male,,0,0
KH04816,17479944,,,,,,,,,,,,no,,,female,,0,0
KH04817,17479945,,,,,,,,,Vietnam,VN,,no,,,female,,0,0
KH04818,17479946,,,,,,,,,,,,no,,,male,,0,0
KH04819,17479947,,,,,,,,,,,,no,,,female,,0,0
KH04820,17479948,,,,,,,,,Vietnam,VN,,no,,,other,,0,0
KH04821,17479949,,,,,,,,,,,,no,,,male,,0,0
KH04822,17479950,,,,,,,,,,,,no,,,male,,0,0
KH04823,17479951,,,,,,,,,,,,no,,,male,,0,0
KH04824,17479952,,,,,,,,,Vietnam,VN,,no,,,male,,0,0
KH04825,17479953,,,,,,,,,,,,no,,,male,,0,0
KH04826,17479954,,,,,,,,,Vietnam,VN,,no,,,other,,0,0
KH04827,17479955,,,,,,,,,Vietnam,VN,,no,,,other,,0,0
KH04828,17479956,,,,,,,,,,,,no,,,male,,0,0
KH04829,17479957,,,,,,,,,,,,no,,,male,,0,0
KH04830,17479958,,Bình Dương,Bình Dương,10.0,,,,,Vietnam,VN,,no,,,male,,0,0
KH04831,17479959,,,,,,,,,Vietnam,VN,,no,,,other,,0,0
KH04832,17479960,,,,,,,,,Vietnam,VN,,no,,,other,,0,0
KH04833,17479961,,,,,,,,,Vietnam,VN,,no,,,other,,0,0
KH04834,17479962,,,,,,,,,Vietnam,VN,,no,,,other,,0,0
KH04835,17479963,,,,,,,,,Vietnam,VN,,no,,,other,,0,0
KH04836,17479964,,,,,,,,,,,,no,,,female,,0,0
KH04837,17479965,,,,,,,,,,,,no,,,male,,0,0
KH04838,17479966,,,,,,,,,,,,no,,,male,,1044000,1
KH04839,17479967,,,,,,,,,,,,no,,,male,,0,0
KH04840,17479968,,,,,,,,,,,,no,,,male,,0,0
KH04841,17479969,,,,,,,,,,,,no,,,male,,0,0
KH04842,17479970,,,,,,,,,Vietnam,VN,,no,,,other,,0,0
KH04843,17479971,,,,,,,,,Vietnam,VN,,no,,,other,,0,0
KH04844,17479972,,,,,,,,,,,,no,,,male,,0,0
KH04845,17479973,,TP Hồ Chí Minh,TP Hồ Chí Minh,2.0,Quận Tân Bình,43.0,Phường 14,9312.0,Vietnam,VN,,no,,,female,,457000,2
KH04846,17479974,,,,,,,,,,,,no,,,male,,0,0
KH04847,17479975,,,,,,,,,,,,no,,,male,,0,0
KH04848,17479976,,,,,,,,,Vietnam,VN,,no,,,other,,0,0
KH04849,17479977,,,,,,,,,,,,no,,,male,,0,0
KH04850,17479978,,,,,,,,,,,,no,,,female,,0,0
KH04851,17479979,,,,,,,,,,,,no,,,female,,0,0
KH04852,17479980,,,,,,,,,,,,no,,,female,,0,0
KH04853,17479981,,,,,,,,,,,,no,,,male,,0,0
KH04854,17479982,,,,,,,,,,,,no,,,male,,0,0
KH04855,17479983,,,,,,,,,,,,no,,,female,,0,0
KH04856,17479984,,,,,,,,,,,,no,,,female,,0,0
KH04857,17479985,,,,,,,,,,,,no,,,male,,0,0
KH04858,17479986,,,,,,,,,,,,no,,,female,,0,0
KH04859,17479987,,,,,,,,,,,,no,,,male,,0,0
KH04860,17479988,,,,,,,,,Vietnam,VN,,no,,,other,,0,0
KH04861,17479989,,,,,,,,,,,,no,,,male,,0,0
KH04862,17479990,,,,,,,,,,,,no,,,male,,0,0
KH04863,17479991,,,,,,,,,,,,no,,,male,,0,0
KH04864,17479992,,,,,,,,,,,,no,,,female,,0,0
KH04865,17479993,,,,,,,,,,,,no,,,male,,0,0
KH04866,17479994,,,,,,,,,Vietnam,VN,,no,,,other,,0,0
KH04867,17479995,,,,,,,,,,,,no,,,male,,0,0
KH04868,17479996,,,,,,,,,Vietnam,VN,,no,,,other,,0,0
KH04869,17479997,,,,,,,,,,,,no,,,male,,0,0
KH04870,17479998,,,,,,,,,Vietnam,VN,,no,,,other,,0,0
KH04871,17479999,,,,,,,,,Vietnam,VN,,no,,,other,,0,0
KH04872,17480000,,,,,,,,,Vietnam,VN,,no,,,other,,0,0
KH04873,17480001,,,,,,,,,Vietnam,VN,,no,,,other,,0,0
KH04874,17480002,,,,,,,,,Vietnam,VN,,no,,,other,,0,0
KH04875,17480003,,,,,,,,,Vietnam,VN,,no,,,other,,0,0
KH04876,17480004,,,,,,,,,,,,no,,,female,,0,0
KH04877,17480005,,,,,,,,,Vietnam,VN,,no,,,other,,0,0
KH04878,17480006,,,,,,,,,Vietnam,VN,,no,,,other,,0,0
KH04879,17480007,,,,,,,,,,,,no,,,male,,0,0
KH04880,17480008,,,,,,,,,,,,no,,,female,,0,0
KH04881,17480009,,,,,,,,,Vietnam,VN,,no,,,other,,0,0
KH04882,17480010,,,,,,,,,Vietnam,VN,,no,,,other,,0,0
KH04883,17480011,,,,,,,,,,,,no,,,female,,0,0
KH04884,17480012,,,,,,,,,,,,no,,,male,,0,0
KH04885,17480013,,,,,,,,,Vietnam,VN,,no,,,other,,0,0
KH04886,17480014,,,,,,,,,,,,no,,,male,,0,0
KH04887,17480015,,,,,,,,,Vietnam,VN,,no,,,other,,0,0
KH04888,17480016,,,,,,,,,Vietnam,VN,,no,,,other,,0,0
KH04889,17480017,,,,,,,,,,,,no,,,male,,0,0
KH04890,17480018,,,,,,,,,Vietnam,VN,,no,,,other,,0,0
KH04891,17480019,,,,,,,,,,,,no,,,female,,0,0
KH04892,17480020,,,,,,,,,,,,no,,,male,,0,0
KH04893,17480021,,,,,,,,,,,,no,,,male,,0,0
KH04894,17480022,,,,,,,,,,,,no,,,male,,0,0
KH04895,17480023,,,,,,,,,,,,no,,,female,,0,0
KH04896,17480024,,,,,,,,,Vietnam,VN,,no,,,other,,0,0
KH04897,17480025,,,,,,,,,,,,no,,,female,,0,0
KH04898,17480026,,,,,,,,,,,,no,,,male,,0,0
KH04899,17480027,,,,,,,,,Vietnam,VN,,no,,,other,,0,0
KH04900,17480028,,,,,,,,,,,,no,,,female,,0,0
KH04901,17480029,,,,,,,,,,,,no,,,male,,0,0
KH04902,17480030,,,,,,,,,Vietnam,VN,,no,,,other,,0,0
KH04903,17480031,,,,,,,,,Vietnam,VN,,no,,,other,,0,0
KH04904,17480032,,,,,,,,,,,,no,,,male,,0,0
KH04905,17480033,,,,,,,,,,,,no,,,male,,0,0
KH04906,17480034,,,,,,,,,,,,no,,,male,,0,0
KH04907,17480035,,,,,,,,,,,,no,,,male,,0,0
KH04908,17480036,,,,,,,,,,,,no,,,male,,0,0
KH04909,17480037,,,,,,,,,,,,no,,,male,,0,0
KH04910,17480038,,,,,,,,,,,,no,,,female,,0,0
KH04911,17480039,,,,,,,,,,,,no,,,male,,0,0
KH04912,17480040,,,,,,,,,Vietnam,VN,,no,,,other,,0,0
KH04913,17480041,,,,,,,,,,,,no,,,male,,0,0
KH04914,17480042,,,,,,,,,,,,no,,,male,,0,0
KH04915,17480043,,,,,,,,,Vietnam,VN,,no,,,other,,0,0
KH04916,17480044,,,,,,,,,Vietnam,VN,,no,,,other,,0,0
KH04917,17480045,,,,,,,,,Vietnam,VN,,no,,,other,,0,0
KH04918,17480046,,,,,,,,,Vietnam,VN,,no,,,other,,0,0
KH04919,17480047,,,,,,,,,Vietnam,VN,,no,,,other,,0,0
KH04920,17480048,,,,,,,,,,,,no,,,male,,0,0
KH04921,17480049,,,,,,,,,,,,no,,,male,,0,0
KH04922,17480050,,,,,,,,,,,,no,,,male,,0,0
KH04923,17480051,,,,,,,,,,,,no,,,male,,0,0
KH04924,17480052,,,,,,,,,,,,no,,,male,,0,0
KH04925,17480053,,,,,,,,,,,,no,,,female,,0,0
KH04926,17480054,,,,,,,,,Vietnam,VN,,no,,,other,,0,0
KH04927,17480055,,,,,,,,,,,,no,,,male,,0,0
KH04928,17480056,,,,,,,,,,,,no,,,male,,0,0
KH04929,17480057,,,,,,,,,Vietnam,VN,,no,,,other,,0,0
KH04930,17480058,,,,,,,,,Vietnam,VN,,no,,,other,,0,0
KH04931,17480059,,,,,,,,,,,,no,,,male,,0,0
KH04932,17480060,,,,,,,,,,,,no,,,female,,0,0
KH04933,17480061,,,,,,,,,Vietnam,VN,,no,,,other,,0,0
KH04934,17480062,,,,,,,,,,,,no,,,male,,0,0
KH04935,17480063,,,,,,,,,,,,no,,,male,,0,0
KH04936,17480064,,,,,,,,,Vietnam,VN,,no,,,other,,0,0
KH04937,17480065,,,,,,,,,Vietnam,VN,,no,,,other,,0,0
KH04938,17480066,,,,,,,,,,,,no,,,other,,0,0
KH04939,17480067,,,,,,,,,,,,no,,,female,,0,0
KH04940,17480068,,,,,,,,,,,,no,,,male,,0,0
KH04941,17480069,,,,,,,,,,,,no,,,male,,0,0
KH04942,17480070,,,,,,,,,,,,no,,,male,,0,0
KH04943,17480071,,,,,,,,,,,,no,,,male,,0,0
KH04944,17480072,,TP Hồ Chí Minh,TP Hồ Chí Minh,2.0,Quận Tân Bình,43.0,Phường 15,9313.0,Vietnam,VN,,no,,,female,,7800000,2
KH04945,17480073,,,,,,,,,,,,no,,,female,,0,0
KH04946,17480074,,,,,,,,,,,,no,,,female,,506000,1
KH04947,17480075,,,,,,,,,Vietnam,VN,,no,,,other,,0,0
KH04948,17480076,,,,,,,,,Vietnam,VN,,no,,,other,,0,0
KH04949,17480077,,,,,,,,,Vietnam,VN,,no,,,other,,0,0
KH04950,17480078,,,,,,,,,,,,no,,,other,,0,0
KH04951,17480079,,,,,,,,,Vietnam,VN,,no,,,other,,0,0
KH04952,17480080,,,,,,,,,Vietnam,VN,,no,,,male,,0,0
KH04953,17480081,,,,,,,,,,,,no,,,male,,0,0
KH04954,17480082,,,,,,,,,,,,no,,,male,,0,0
KH04955,17480083,,,,,,,,,,,,no,,,male,,0,0
KH04956,17480084,,,,,,,,,Vietnam,VN,,no,,,other,,0,0
KH04957,17480085,,,,,,,,,,,,no,,,female,,0,0
KH04958,17480086,,,,,,,,,Vietnam,VN,,no,,,other,,0,0
KH04959,17480087,,,,,,,,,,,,no,,,male,,3105000,1
KH04960,17480088,,Bình Dương,Bình Dương,10.0,,,,,Vietnam,VN,,no,,,male,,0,0
KH04961,17480089,,,,,,,,,,,,no,,,male,,0,0
KH04962,17480090,,,,,,,,,,,,no,,,male,,0,0
KH04963,17480091,,,,,,,,,,,,no,,,male,,0,0
KH04964,17480092,,,,,,,,,,,,no,,,male,,1759000,2
KH04965,17480093,,,,,,,,,,,,no,,,female,,0,0
KH04966,17480094,,,,,,,,,,,,no,,,male,,0,0
KH04967,17480095,,,,,,,,,,,,no,,,male,,0,0
KH04968,17480096,,,,,,,,,,,,no,,,male,,0,0
KH04969,17480097,,TP Hồ Chí Minh,TP Hồ Chí Minh,2.0,Quận Tân Bình,43.0,Phường 3,9304.0,Vietnam,VN,,no,,,male,,457000,1
KH04970,17480098,,,,,,,,,,,,no,,,other,,0,0
KH04971,17480099,,,,,,,,,,,,no,,,male,,0,0
KH04972,17480100,,,,,,,,,,,,no,,,female,,0,0
KH04973,17480101,,,,,,,,,,,,no,,,male,,0,0
KH04974,17480102,,,,,,,,,Vietnam,VN,,no,,,female,,0,0
KH04975,17480103,,,,,,,,,Vietnam,VN,,no,,,male,,0,0
KH04976,17480104,,,,,,,,,Vietnam,VN,,no,,,other,,0,0
KH04977,17480106,,,,,,,,,,,,no,,,other,,0,0
KH04978,17480107,,,,,,,,,Vietnam,VN,,no,,,other,,0,0
KH04979,17480108,,,,,,,,,,,,no,,,male,,0,0
KH04980,17480109,,,,,,,,,,,,no,,,other,,0,0
KH04981,17480110,,,,,,,,,,,,no,,,female,,0,0
KH04982,17480111,,,,,,,,,,,,no,,,male,,0,0
KH04983,17480112,,,,,,,,,Vietnam,VN,,no,,,male,,0,0
KH04984,17480113,,,,,,,,,,,,no,,,male,,0,0
KH04985,17480114,,,,,,,,,,,,no,,,male,,0,0
KH04986,17480115,,,,,,,,,,,,no,,,male,,0,0
KH04987,17480116,,,,,,,,,,,,no,,,male,,0,0
KH04988,17480117,,,,,,,,,,,,no,,,male,,0,0
KH04989,17480118,,,,,,,,,,,,no,,,male,,0,0
KH04990,17480119,,,,,,,,,,,,no,,,other,,0,0
KH04991,17480120,,,,,,,,,Vietnam,VN,,no,,,other,,0,0
KH04992,17480121,,,,,,,,,,,,no,,,male,,0,0
KH04993,17480122,,,,,,,,,,,,no,,,male,,0,0
KH04994,17480123,,,,,,,,,,,,no,,,female,,0,0
KH04995,17480124,,,,,,,,,,,,no,,,male,,1790000,2
KH04996,17480125,,,,,,,,,,,,no,,,male,,0,0
KH04997,17480126,,,,,,,,,,,,no,,,other,,0,0
KH04998,17480127,,,,,,,,,,,,no,,,other,,0,0
KH04999,17480128,,,,,,,,,,,,no,,,male,,0,0
KH05000,17480129,,,,,,,,,,,,no,,,male,,0,0
KH05001,17480130,,,,,,,,,,,,no,,,male,,0,0
KH05002,17480131,,,,,,,,,,,,no,,,male,,0,0
KH05003,17480132,,,,,,,,,Vietnam,VN,,no,,,other,,0,0
KH05004,17480133,,,,,,,,,,,,no,,,male,,0,0
KH05005,17480134,,,,,,,,,,,,no,,,male,,0,0
KH05006,17480135,,,,,,,,,Vietnam,VN,,no,,,other,,0,0
KH05007,17480136,,,,,,,,,Vietnam,VN,,no,,,other,,0,0
KH05008,17480137,,,,,,,,,Vietnam,VN,,no,,,other,,0,0
KH05009,17480138,,,,,,,,,Vietnam,VN,,no,,,other,,0,0
KH05010,17480139,,,,,,,,,Vietnam,VN,,no,,,other,,0,0
KH05011,17480140,,,,,,,,,Vietnam,VN,,no,,,other,,0,0
KH05012,17480141,,,,,,,,,Vietnam,VN,,no,,,other,,0,0
KH05013,17480142,,,,,,,,,Vietnam,VN,,no,,,other,,976500,1
KH05014,17480143,,,,,,,,,Vietnam,VN,,no,,,other,,0,0
KH05015,17480144,,,,,,,,,Vietnam,VN,,no,,,other,,0,0
KH05016,17480145,,,,,,,,,,,,no,,,other,,0,0
KH05017,17480146,,Trà Vinh,Trà Vinh,59.0,,,,,Vietnam,VN,,no,,,male,,0,0
KH05018,17480147,,,,,,,,,,,,no,,,female,,0,0
KH05019,17480148,,,,,,,,,,,,no,,,female,,0,0
KH05020,17480149,,,,,,,,,,,,no,,,female,,0,0
KH05021,17480150,,,,,,,,,,,,no,,,male,,0,0
KH05022,17480151,,,,,,,,,Vietnam,VN,,no,,,other,,0,0
KH05023,17480152,,,,,,,,,Vietnam,VN,,no,,,other,,0,0
KH05024,17480153,,,,,,,,,Vietnam,VN,,no,,,other,,0,0
KH05025,17480154,,,,,,,,,Vietnam,VN,,no,,,male,,0,0
KH05026,17480155,,,,,,,,,,,,no,,,male,,0,0
KH05027,17480156,,,,,,,,,,,,no,,,male,,0,0
KH05028,17480157,,,,,,,,,,,,no,,,male,,0,0
KH05029,17480158,,,,,,,,,,,,no,,,male,,0,0
KH05030,17480159,,,,,,,,,,,,no,,,male,,0,0
KH05031,17480160,,,,,,,,,,,,no,,,male,,0,0
KH05032,17480161,,,,,,,,,,,,no,,,female,,0,0
KH05033,17480162,,,,,,,,,,,,no,,,male,,0,0
KH05034,17480163,,,,,,,,,,,,no,,,male,,0,0
KH05035,17480164,,,,,,,,,,,,no,,,female,,0,0
KH05036,17480165,,,,,,,,,,,,no,,,male,,357000,1
KH05037,17480166,,,,,,,,,,,,no,,,female,,0,0
KH05038,17480167,,,,,,,,,,,,no,,,male,,0,0
KH05039,17480168,,,,,,,,,,,,no,,,male,,0,0
KH05040,17480169,,,,,,,,,,,,no,,,male,,0,0
KH05041,17480170,,,,,,,,,,,,no,,,male,,0,0
KH05042,17480171,,,,,,,,,,,,no,,,female,,0,0
KH05043,17480172,,,,,,,,,,,,no,,,male,,0,0
KH05044,17480173,,Bình Dương,Bình Dương,10.0,,,,,Vietnam,VN,,no,,,female,,0,0
KH05045,17480174,,,,,,,,,,,,no,,,female,,0,0
KH05046,17480175,,,,,,,,,,,,no,,,female,,0,0
KH05047,17480176,,,,,,,,,,,,no,,,female,,0,0
KH05048,17480177,,,,,,,,,,,,no,,,female,,0,0
KH05049,17480178,,,,,,,,,,,,no,,,male,,0,0
KH05050,17480179,,,,,,,,,,,,no,,,male,,0,0
KH05051,17480180,,,,,,,,,,,,no,,,male,,0,0
KH05052,17480181,,,,,,,,,,,,no,,,male,,0,0
KH05053,17480182,,,,,,,,,,,,no,,,male,,0,0
KH05054,17480183,,,,,,,,,,,,no,,,female,,0,0
KH05055,17480184,,,,,,,,,,,,no,,,other,,0,0
KH05056,17480185,,,,,,,,,,,,no,,,other,,0,0
KH05057,17480186,,,,,,,,,,,,no,,,female,,0,0
KH05058,17480187,,,,,,,,,,,,no,,,male,,0,0
KH05059,17480188,,,,,,,,,,,,no,,,male,,0,0
KH05060,17480189,,,,,,,,,,,,no,,,male,,0,0
KH05061,17480190,,,,,,,,,,,,no,,,male,,0,0
KH05062,17480191,,,,,,,,,,,,no,,,female,,0,0
KH05063,17480192,,,,,,,,,,,,no,,,male,,0,0
KH05064,17480193,,,,,,,,,Vietnam,VN,,no,,,other,,0,0
KH05065,17480194,,,,,,,,,,,,no,,,male,,0,0
KH05066,17480195,,,,,,,,,,,,no,,,male,,0,0
KH05067,17480196,,,,,,,,,,,,no,,,female,,0,0
KH05068,17480197,,,,,,,,,,,,no,,,other,,0,0
KH05069,17480198,,,,,,,,,,,,no,,,other,,0,0
KH05070,17480199,,,,,,,,,,,,no,,,female,,0,0
KH05071,17480200,,,,,,,,,,,,no,,,male,,0,0
KH05072,17480201,,,,,,,,,,,,no,,,other,,0,0
KH05073,17480202,,,,,,,,,,,,no,,,female,,0,0
KH05074,17480203,,,,,,,,,,,,no,,,male,,0,0
KH05075,17480204,,,,,,,,,,,,no,,,other,,0,0
KH05076,17480205,,,,,,,,,,,,no,,Block dân cư,male,,0,0
KH05077,17480206,,,,,,,,,,,,no,,,other,,0,0
KH05078,17480207,,,,,,,,,,,,no,,,other,,0,0
KH05079,17480208,,,,,,,,,,,,no,,,other,,0,0
KH05080,17480209,,,,,,,,,,,,no,,,other,,0,0
KH05081,17480210,,,,,,,,,,,,no,,,male,,0,0
KH05082,17480211,,,,,,,,,,,,no,,,male,,0,0
KH05083,17480212,,,,,,,,,,,,no,,,male,,0,0
KH05084,17480213,,,,,,,,,,,,no,,,male,,0,0
KH05085,17480214,,,,,,,,,,,,no,,,male,,0,0
KH05086,17480215,,,,,,,,,Vietnam,VN,,no,,,other,,0,0
KH05087,17480216,,,,,,,,,,,,no,,,male,,0,0
KH05088,17480217,,TP Hồ Chí Minh,TP Hồ Chí Minh,2.0,Quận 1,30.0,Phường Nguyễn Cư Trinh,9225.0,Vietnam,VN,,no,,,male,,1320000,1
KH05089,17480218,,,,,,,,,,,,no,,,female,,0,0
KH05090,17480219,,,,,,,,,,,,no,,,male,,0,0
KH05091,17480220,,,,,,,,,,,,no,,,male,,0,0
KH05092,17480221,,,,,,,,,,,,no,,,other,,0,0
KH05093,17480222,,,,,,,,,,,,no,,,male,,0,0
KH05094,17480223,,,,,,,,,,,,no,,,other,,0,0
KH05095,17480224,,,,,,,,,,,,no,,,male,,0,0
KH05096,17480225,,,,,,,,,Vietnam,VN,,no,,,other,,0,0
KH05097,17480226,,,,,,,,,Vietnam,VN,,no,,,other,,0,0
KH05098,17480227,,,,,,,,,,,,no,,,other,,0,0
KH05099,17480228,,,,,,,,,,,,no,,,female,,0,0
KH05100,17480229,,,,,,,,,,,,no,,,other,,0,0
KH05101,17480230,,,,,,,,,,,,no,,,male,,0,0
KH05102,17480231,,,,,,,,,,,,no,,,female,,0,0
KH05103,17480232,,,,,,,,,,,,no,,,female,,0,0
KH05104,17480233,,,,,,,,,,,,no,,,female,,0,0
KH05105,17480234,,,,,,,,,,,,no,,,female,,0,0
KH05106,17480235,,,,,,,,,,,,no,,,other,,0,0
KH05107,17480236,,,,,,,,,Vietnam,VN,,no,,,other,,0,0
KH05108,17480237,,,,,,,,,,,,no,,,male,,0,0
KH05109,17480238,,,,,,,,,,,,no,,,male,,0,0
KH05110,17480239,,,,,,,,,,,,no,,,male,,0,0
KH05111,17480240,,,,,,,,,,,,no,,,male,,0,0
KH05112,17480241,,,,,,,,,,,,no,,,female,,0,0
KH05113,17480242,,,,,,,,,,,,no,,,other,,0,0
KH05114,17480243,,,,,,,,,,,,no,,,male,,0,0
KH05115,17480244,,TP Hồ Chí Minh,TP Hồ Chí Minh,2.0,Quận 3,32.0,Phường Võ Thị Sáu,107463.0,Vietnam,VN,,no,,,female,,995000,1
KH05116,17480245,,,,,,,,,,,,no,,,male,,0,0
KH05117,17480246,,,,,,,,,,,,no,,,male,,0,0
KH05118,17480247,,,,,,,,,,,,no,,,male,,0,0
KH05119,17480248,,,,,,,,,,,,no,,,other,,0,0
KH05120,17480249,,,,,,,,,,,,no,,,female,,0,0
KH05121,17480250,,,,,,,,,,,,no,,,male,,0,0
KH05122,17480251,,,,,,,,,,,,no,,,female,,0,0
KH05123,17480252,,,,,,,,,Vietnam,VN,,no,,,male,,0,0
KH05124,17480253,,,,,,,,,Vietnam,VN,,no,,,male,,0,0
KH05125,17480254,,,,,,,,,,,,no,,,male,,0,0
KH05126,17480255,,,,,,,,,,,,no,,,female,,0,0
KH05127,17480256,,,,,,,,,Vietnam,VN,,no,,,female,,0,0
KH05128,17480257,,,,,,,,,Vietnam,VN,,no,,,male,,0,0
KH05129,17480258,,,,,,,,,Vietnam,VN,,no,,,male,,0,0
KH05130,17480259,,,,,,,,,Vietnam,VN,,no,,,female,,0,0
KH05131,17480260,,,,,,,,,Vietnam,VN,,no,,,female,,0,0
KH05132,17480261,,,,,,,,,Vietnam,VN,,no,,,female,,0,0
KH05133,17480262,,,,,,,,,,,,no,,,male,,0,0
KH05134,17480263,,,,,,,,,Vietnam,VN,,no,,,male,,0,0
KH05135,17480264,,,,,,,,,Vietnam,VN,,no,,,male,,0,0
KH05136,17480265,,,,,,,,,,,,no,,,other,,0,0
KH05137,17480266,,,,,,,,,Vietnam,VN,,no,,,male,,0,0
KH05138,17480267,,,,,,,,,Vietnam,VN,,no,,,male,,0,0
KH05139,17480268,,,,,,,,,Vietnam,VN,,no,,,female,,0,0
KH05140,17480269,,,,,,,,,Vietnam,VN,,no,,,male,,0,0
KH05141,17480270,,,,,,,,,,,,no,,,male,,0,0
KH05142,17480271,,,,,,,,,,,,no,,,female,,0,0
KH05143,17480272,,,,,,,,,Vietnam,VN,,no,,,female,,0,0
KH05144,17480273,,,,,,,,,Vietnam,VN,,no,,,male,,0,0
KH05145,17480274,,,,,,,,,Vietnam,VN,,no,,,male,,0,0
KH05146,17480275,,,,,,,,,,,,no,,,male,,0,0
KH05147,17480276,,,,,,,,,Vietnam,VN,,no,,,female,,0,0
KH05148,17480277,,,,,,,,,Vietnam,VN,,no,,,male,,0,0
KH05149,17480278,,,,,,,,,Vietnam,VN,,no,,,male,,0,0
KH05150,17480279,,,,,,,,,Vietnam,VN,,no,,,other,,1910000,4
KH05151,17480280,,,,,,,,,Vietnam,VN,,no,,,female,,0,0
KH05152,17480281,,,,,,,,,Vietnam,VN,,no,,,male,,0,0
KH05153,17480282,,,,,,,,,Vietnam,VN,,no,,,female,,0,0
KH05154,17480283,,,,,,,,,,,,no,,,male,,0,0
KH05155,17480284,,,,,,,,,Vietnam,VN,,no,,,female,,0,0
KH05156,17480285,,,,,,,,,Vietnam,VN,,no,,,male,,0,0
KH05157,17480286,,,,,,,,,Vietnam,VN,,no,,,female,,0,0
KH05158,17480287,,,,,,,,,Vietnam,VN,,no,,,male,,0,0
KH05159,17480288,,,,,,,,,Vietnam,VN,,no,,,male,,0,0
KH05160,17480289,,,,,,,,,,,,no,,,other,,0,0
KH05161,17480290,,,,,,,,,Vietnam,VN,,no,,,female,,0,0
KH05162,17480291,,,,,,,,,,,,no,,,male,,0,0
KH05163,17480292,,,,,,,,,Vietnam,VN,,no,,,male,,0,0
KH05164,17480293,,,,,,,,,Vietnam,VN,,no,,,female,,0,0
KH05165,17480294,,,,,,,,,Vietnam,VN,,no,,,male,,0,0
KH05166,17480295,,,,,,,,,Vietnam,VN,,no,,,female,,0,0
KH05167,17480296,,,,,,,,,Vietnam,VN,,no,,,male,,0,0
KH05168,17480297,,,,,,,,,,,,no,,,other,,0,0
KH05169,17480298,,,,,,,,,Vietnam,VN,,no,,,male,,0,0
KH05170,17480299,,,,,,,,,,,,no,,,female,,0,0
KH05171,17480300,,,,,,,,,Vietnam,VN,,no,,,male,,0,0
KH05172,17480301,,,,,,,,,Vietnam,VN,,no,,,male,,0,0
KH05173,17480302,,,,,,,,,Vietnam,VN,,no,,,male,,0,0
KH05174,17480303,,,,,,,,,,,,no,,,male,,0,0
KH05175,17480304,,,,,,,,,Vietnam,VN,,no,,,male,,0,0
KH05176,17480305,,,,,,,,,Vietnam,VN,,no,,,male,,0,0
KH05177,17480306,,,,,,,,,Vietnam,VN,,no,,,other,,0,0
KH05178,17480307,,,,,,,,,Vietnam,VN,,no,,,other,,0,0
KH05179,17480308,,,,,,,,,,,,no,,,other,,0,0
KH05180,17480309,,,,,,,,,Vietnam,VN,,no,,,male,,0,0
KH05181,17480310,,,,,,,,,,,,no,,,male,,0,0
KH05182,17480311,,,,,,,,,Vietnam,VN,,no,,,female,,0,0
KH05183,17480312,,,,,,,,,Vietnam,VN,,no,,,male,,0,0
KH05184,17480313,,,,,,,,,Vietnam,VN,,no,,,male,,0,0
KH05185,17480314,,,,,,,,,Vietnam,VN,,no,,,male,,0,0
KH05186,17480315,,,,,,,,,Vietnam,VN,,no,,,male,,0,0
KH05187,17480316,,,,,,,,,Vietnam,VN,,no,,,male,,0,0
KH05188,17480317,,,,,,,,,Vietnam,VN,,no,,,male,,0,0
KH05189,17480318,,,,,,,,,Vietnam,VN,,no,,,female,,0,0
KH05190,17480319,,,,,,,,,,,,no,,,male,,0,0
KH05191,17480320,,,,,,,,,Vietnam,VN,,no,,,male,,0,0
KH05192,17480321,,,,,,,,,,,,no,,,male,,0,0
KH05193,17480322,,,,,,,,,Vietnam,VN,,no,,,male,,0,0
KH05194,17480323,,,,,,,,,,,,no,,,female,,0,0
KH05195,17480324,,,,,,,,,Vietnam,VN,,no,,,female,,0,0
KH05196,17480325,,,,,,,,,Vietnam,VN,,no,,,female,,0,0
KH05197,17480326,,,,,,,,,Vietnam,VN,,no,,,male,,0,0
KH05198,17480327,,,,,,,,,,,,no,,,male,,0,0
KH05199,17480328,,,,,,,,,Vietnam,VN,,no,,,female,,0,0
KH05200,17480329,,,,,,,,,,,,no,,,female,,0,0
KH05201,17480330,,,,,,,,,Vietnam,VN,,no,,,male,,0,0
KH05202,17480331,,,,,,,,,Vietnam,VN,,no,,,male,,0,0
KH05203,17480332,,,,,,,,,Vietnam,VN,,no,,914075666,other,,0,0
KH05204,17480333,,,,,,,,,Vietnam,VN,,no,,936531079,other,,0,0
KH05205,17480334,,,,,,,,,Vietnam,VN,,no,,932735735,other,,0,0
KH05206,17480335,,,,,,,,,Vietnam,VN,,no,,909083291,other,,958000,1
KH05207,17480336,,,,,,,,,Vietnam,VN,,no,,869082240,other,,0,0
KH05208,17480337,,,,,,,,,Vietnam,VN,,no,,,other,,0,0
KH05209,17480338,,,,,,,,,Vietnam,VN,,no,,931878130,other,,0,0
KH05210,17480339,,,,,,,,,Vietnam,VN,,no,,774417762,other,,0,0
KH05211,17480340,,,,,,,,,Vietnam,VN,,no,,958012222,other,,0,0
KH05212,17480341,,,,,,,,,Vietnam,VN,,no,,911260080,other,,0,0
KH05213,17480342,,,,,,,,,Vietnam,VN,,no,,902757148,other,,0,0
KH05214,17480343,,,,,,,,,Vietnam,VN,,no,,938146461,other,,0,0
KH05215,17480344,,,,,,,,,Vietnam,VN,,no,,938487386,other,,0,0
KH05216,17480345,,,,,,,,,Vietnam,VN,,no,,777997483,other,,0,0
KH05217,17480346,,,,,,,,,Vietnam,VN,,no,,977780248,other,,0,0
KH05218,17480347,,,,,,,,,Vietnam,VN,,no,,905595225,other,,0,0
KH05219,17480348,,,,,,,,,Vietnam,VN,,no,,907588820,other,,0,0
KH05220,17480349,,,,,,,,,Vietnam,VN,,no,,909529312,other,,0,0
KH05221,17480350,,,,,,,,,Vietnam,VN,,no,,989120120,other,,0,0
KH05222,17480351,,,,,,,,,Vietnam,VN,,no,,939799789,other,,0,0
KH05223,17480352,,,,,,,,,Vietnam,VN,,no,,903270478,other,,0,0
KH05224,17480353,,,,,,,,,Vietnam,VN,,no,,903653153,other,,0,0
KH05225,17480354,,,,,,,,,Vietnam,VN,,no,,983993999,other,,0,0
KH05226,17480355,,,,,,,,,Vietnam,VN,,no,,,other,,0,0
KH05227,17480356,,,,,,,,,Vietnam,VN,,no,,347185179,other,,0,0
KH05228,17480357,,,,,,,,,Vietnam,VN,,no,,909043242,other,,0,0
KH05229,17480358,,,,,,,,,Vietnam,VN,,no,,775038482,other,,0,0
KH05230,17480359,,,,,,,,,,,,no,,906289415,male,,0,0
KH05231,17480360,,,,,,,,,Vietnam,VN,,no,,938936546,other,,0,0
KH05232,17480361,,,,,,,,,Vietnam,VN,,no,,974264733,other,,0,0
KH05233,17480362,,,,,,,,,Vietnam,VN,,no,,932280115,other,,0,0
KH05234,17480363,,,,,,,,,Vietnam,VN,,no,,382001346,other,,0,0
KH05235,17480364,,,,,,,,,Vietnam,VN,,no,,906360442,male,,0,0
KH05236,17480365,,,,,,,,,Vietnam,VN,,no,,913666072,other,,0,0
KH05237,17480366,,,,,,,,,Vietnam,VN,,no,,984320712,other,,0,0
KH05238,17480367,,,,,,,,,Vietnam,VN,,no,,938800199,other,,0,0
KH05239,17480368,,,,,,,,,Vietnam,VN,,no,,904987877,other,,0,0
KH05240,17480369,,,,,,,,,Vietnam,VN,,no,,979333949,other,,0,0
KH05241,17480370,,,,,,,,,Vietnam,VN,,no,,935098109,other,,0,0
KH05242,17480371,,,,,,,,,Vietnam,VN,,no,,866855679,other,,0,0
KH05243,17480372,,,,,,,,,Vietnam,VN,,no,,901364616,other,,0,0
KH05244,17480373,,,,,,,,,Vietnam,VN,,no,,986959499,other,,0,0
KH05245,17480374,,,,,,,,,Vietnam,VN,,no,,906393625,other,,0,0
KH05246,17480375,,,,,,,,,Vietnam,VN,,no,,353672828,other,,0,0
KH05247,17480376,,,,,,,,,Vietnam,VN,,no,,907392239,other,,0,0
KH05248,17480377,,,,,,,,,Vietnam,VN,,no,,908111707,other,,0,0
KH05249,17480378,,,,,,,,,Vietnam,VN,,no,,913933070,other,,0,0
KH05250,17480379,,,,,,,,,Vietnam,VN,,no,,919196256,other,,0,0
KH05251,17480380,,,,,,,,,Vietnam,VN,,no,,,other,,0,0
KH05252,17480381,,,,,,,,,Vietnam,VN,,no,,933303220,other,,0,0
KH05253,17480382,,,,,,,,,Vietnam,VN,,no,,766636900,other,,0,0
KH05254,17480383,,,,,,,,,Vietnam,VN,,no,,,other,,3190000,1
KH05255,17480384,,,,,,,,,Vietnam,VN,,no,,936649639,other,,0,0
KH05256,17480385,,,,,,,,,Vietnam,VN,,no,,909561477,other,,0,0
KH05257,17480386,,,,,,,,,Vietnam,VN,,no,,903958670,other,,0,0
KH05258,17480387,,,,,,,,,Vietnam,VN,,no,,914714766,other,,0,0
KH05259,17480388,,,,,,,,,Vietnam,VN,,no,,938993333,other,,0,0
KH05260,17480389,,,,,,,,,Vietnam,VN,,no,,903811571,other,,0,0
KH05261,17480390,,,,,,,,,Vietnam,VN,,no,,907956996,other,,0,0
KH05262,17480391,,,,,,,,,Vietnam,VN,,no,,938800987,other,,0,0
KH05263,17480392,,,,,,,,,Vietnam,VN,,no,,907428642,other,,0,0
KH05264,17480393,,,,,,,,,Vietnam,VN,,no,,937956996,other,,0,0
KH05265,17480394,,,,,,,,,Vietnam,VN,,no,,966543807,other,,0,0
KH05266,17480395,,,,,,,,,Vietnam,VN,,no,,909236680,other,,0,0
KH05267,17480396,,,,,,,,,Vietnam,VN,,no,,903906782,other,,0,0
KH05268,17480397,,,,,,,,,Vietnam,VN,,no,,937085186,other,,0,0
KH05269,17480398,,,,,,,,,Vietnam,VN,,no,,908689922,other,,0,0
KH05270,17480399,,,,,,,,,Vietnam,VN,,no,,909999289,other,,0,0
KH05271,17480400,,,,,,,,,Vietnam,VN,,no,,936825568,other,,0,0
KH05272,17480401,,,,,,,,,Vietnam,VN,,no,,908443690,other,,0,0
KH05273,17480402,,,,,,,,,Vietnam,VN,,no,,918913307,other,,0,0
KH05274,17480403,,,,,,,,,Vietnam,VN,,no,,937603817,other,,0,0
KH05275,17480404,,,,,,,,,Vietnam,VN,,no,,336677852,other,,0,0
KH05276,17480405,,,,,,,,,Vietnam,VN,,no,,903813358,other,,0,0
KH05277,17480406,,,,,,,,,Vietnam,VN,,no,,919152245,other,,0,0
KH05278,17480407,,,,,,,,,Vietnam,VN,,no,,909495309,other,,0,0
KH05279,17480408,,,,,,,,,Vietnam,VN,,no,,,other,,0,0
KH05280,17480409,,,,,,,,,Vietnam,VN,,no,,909315986,other,,0,0
KH05281,17480410,,,,,,,,,Vietnam,VN,,no,,905572778,other,,0,0
KH05282,17480411,,,,,,,,,Vietnam,VN,,no,,704699515,other,,0,0
KH05283,17480412,,,,,,,,,Vietnam,VN,,no,,,other,,0,0
KH05284,17480413,,,,,,,,,Vietnam,VN,,no,,989774515,other,,0,0
KH05285,17480414,,,,,,,,,Vietnam,VN,,no,,962975649,other,,0,0
KH05286,17480415,,,,,,,,,Vietnam,VN,,no,,939110510,other,,0,0
KH05287,17480416,,,,,,,,,Vietnam,VN,,no,,904405038,other,,0,0
KH05288,17480417,,,,,,,,,Vietnam,VN,,no,,859777721,other,,0,0
KH05289,17480418,,,,,,,,,Vietnam,VN,,no,,937895587,other,,0,0
KH05290,17480419,,,,,,,,,Vietnam,VN,,no,,969410104,other,,0,0
KH05291,17480420,,,,,,,,,Vietnam,VN,,no,,906797379,other,,0,0
KH05292,17480421,,,,,,,,,Vietnam,VN,,no,,907979055,other,,990000,1
KH05293,17480422,,,,,,,,,Vietnam,VN,,no,,908386502,other,,0,0
KH05294,17480423,,,,,,,,,Vietnam,VN,,no,,392678984,other,,0,0
KH05295,17480424,,,,,,,,,Vietnam,VN,,no,,937777850,other,,0,0
KH05296,17480425,,,,,,,,,Vietnam,VN,,no,,937732468,other,,0,0
KH05297,17480426,,,,,,,,,Vietnam,VN,,no,,937132744,other,,0,0
KH05298,17480427,,,,,,,,,Vietnam,VN,,no,,917221408,other,,0,0
KH05299,17480428,,,,,,,,,Vietnam,VN,,no,,984961104,other,,0,0
KH05300,17480429,,,,,,,,,Vietnam,VN,,no,,934548002,other,,0,0
KH05301,17480430,,,,,,,,,Vietnam,VN,,no,,908800284,other,,0,0
KH05302,17480431,,,,,,,,,Vietnam,VN,,no,,982225880,other,,0,0
KH05303,17480432,,,,,,,,,Vietnam,VN,,no,,833309888,other,,370000,1
KH05304,17480433,,,,,,,,,Vietnam,VN,,no,,983791097,other,,0,0
KH05305,17480434,,,,,,,,,Vietnam,VN,,no,,909361635,other,,0,0
KH05306,17480435,,,,,,,,,Vietnam,VN,,no,,908978903,other,,0,0
KH05307,17480436,,,,,,,,,Vietnam,VN,,no,,,other,,0,0
KH05308,17480437,,,,,,,,,Vietnam,VN,,no,,944455001,other,,0,0
KH05309,17480438,,,,,,,,,Vietnam,VN,,no,,909069505,other,,0,0
KH05310,17480439,,,,,,,,,Vietnam,VN,,no,,903463356,other,,0,0
KH05311,17480440,,,,,,,,,Vietnam,VN,,no,,903650456,other,,1836750,4
KH05312,17480441,,,,,,,,,Vietnam,VN,,no,,947608888,other,,0,0
KH05313,17480442,,,,,,,,,Vietnam,VN,,no,,795099599,other,,0,0
KH05314,17480443,,,,,,,,,Vietnam,VN,,no,,,other,,0,0
KH05315,17480444,,,,,,,,,Vietnam,VN,,no,,905296562,other,,0,0
KH05316,17480445,,,,,,,,,Vietnam,VN,,no,,961871880,other,,0,0
KH05317,17480446,,,,,,,,,Vietnam,VN,,no,,903152783,other,,0,0
KH05318,17480447,,,,,,,,,Vietnam,VN,,no,,938784888,other,,0,0
KH05319,17480448,,,,,,,,,Vietnam,VN,,no,,369624699,other,,0,0
KH05320,17480449,,,,,,,,,Vietnam,VN,,no,,889766788,other,,0,0
KH05321,17480450,,,,,,,,,Vietnam,VN,,no,,934098758,other,,0,0
KH05322,17480451,,,,,,,,,Vietnam,VN,,no,,908036923,other,,0,0
KH05323,17480452,,,,,,,,,Vietnam,VN,,no,,843891995,other,,0,0
KH05324,17480453,,,,,,,,,Vietnam,VN,,no,,901356901,other,,0,0
KH05325,17480454,,,,,,,,,Vietnam,VN,,no,,947247634,other,,0,0
KH05326,17480455,,,,,,,,,Vietnam,VN,,no,,908100404,other,,0,0
KH05327,17480456,,,,,,,,,Vietnam,VN,,no,,906800166,other,,0,0
KH05328,17480457,,,,,,,,,Vietnam,VN,,no,,982889339,other,,0,0
KH05329,17480458,,,,,,,,,Vietnam,VN,,no,,918587669,other,,0,0
KH05330,17480459,,,,,,,,,Vietnam,VN,,no,,909974048,other,,0,0
KH05331,17480460,,TP Hồ Chí Minh,TP Hồ Chí Minh,2.0,Quận 10,39.0,Phường 15,9365.0,Vietnam,VN,,no,sapo_social,938618166,other,,7639500,10
KH05332,17480461,,,,,,,,,Vietnam,VN,,no,,903838976,other,,0,0
KH05333,17480462,,,,,,,,,Vietnam,VN,,no,,932679609,other,,0,0
KH05334,17480463,,,,,,,,,Vietnam,VN,,no,,908622674,other,,0,0
KH05335,17480464,,,,,,,,,Vietnam,VN,,no,,916019167,other,,0,0
KH05336,17480465,,,,,,,,,Vietnam,VN,,no,,936043184,other,,0,0
KH05337,17480466,,,,,,,,,Vietnam,VN,,no,,913681378,other,,0,0
KH05338,17480467,,,,,,,,,Vietnam,VN,,no,,907064523,other,,0,0
KH05339,17480468,,,,,,,,,Vietnam,VN,,no,,916852688,other,,0,0
KH05340,17480469,,,,,,,,,Vietnam,VN,,no,,936219747,other,,0,0
KH05341,17480470,,,,,,,,,Vietnam,VN,,no,,903872524,other,,0,0
KH05342,17480471,,,,,,,,,,,,no,,903609992,male,,2125000,1
KH05343,17480472,,,,,,,,,Vietnam,VN,,no,,901395957,other,,0,0
KH05344,17480473,,,,,,,,,Vietnam,VN,,no,,903625652,other,,0,0
KH05345,17480474,,,,,,,,,Vietnam,VN,,no,,909958292,other,,0,0
KH05346,17480475,,,,,,,,,Vietnam,VN,,no,,903806676,other,,0,0
KH05347,17480476,,,,,,,,,Vietnam,VN,,no,,913777756,other,,0,0
KH05348,17480477,,,,,,,,,Vietnam,VN,,no,,903946300,other,,3300000,1
KH05349,17480478,,,,,,,,,Vietnam,VN,,no,,903830233,other,,0,0
KH05350,17480479,,,,,,,,,Vietnam,VN,,no,,913979541,other,,0,0
KH05351,17480480,,,,,,,,,Vietnam,VN,,no,,909946536,other,,0,0
KH05352,17480481,,,,,,,,,Vietnam,VN,,no,,903047358,other,,0,0
KH05353,17480482,,,,,,,,,Vietnam,VN,,no,,376104074,other,,0,0
KH05354,17480483,,,,,,,,,Vietnam,VN,,no,,948518455,other,,0,0
KH05355,17480484,,,,,,,,,Vietnam,VN,,no,,918086128,other,,0,0
KH05356,17480485,,,,,,,,,Vietnam,VN,,no,,938343280,other,,0,0
KH05357,17480486,,,,,,,,,Vietnam,VN,,no,,985807707,other,,0,0
KH05358,17480487,,,,,,,,,Vietnam,VN,,no,,332055550,other,,0,0
KH05359,17480488,,,,,,,,,Vietnam,VN,,no,,328563308,other,,0,0
KH05360,17480489,,,,,,,,,Vietnam,VN,,no,,918907498,other,,0,0
KH05361,17480490,,,,,,,,,Vietnam,VN,,no,,935860604,other,,0,0
KH05362,17480491,,,,,,,,,Vietnam,VN,,no,,989883577,other,,0,0
KH05363,17480492,,,,,,,,,Vietnam,VN,,no,,989771978,male,,0,0
KH05364,17480493,,,,,,,,,Vietnam,VN,,no,,905461579,other,,0,0
KH05365,17480494,,,,,,,,,Vietnam,VN,,no,,794879310,other,,0,0
KH05366,17480495,,,,,,,,,Vietnam,VN,,no,,903177101,other,,0,0
KH05367,17480496,,,,,,,,,Vietnam,VN,,no,,989006490,other,,1470000,3
KH05368,17480497,,,,,,,,,Vietnam,VN,,no,,986101010,other,,0,0
KH05369,17480498,,,,,,,,,Vietnam,VN,,no,,,male,,0,0
KH05370,17480499,,,,,,,,,Vietnam,VN,,no,,988836600,other,,0,0
KH05371,17480500,,,,,,,,,Vietnam,VN,,no,,913556768,other,,0,0
KH05372,17480501,,,,,,,,,Vietnam,VN,,no,,,other,,0,0
KH05373,17480502,,,,,,,,,Vietnam,VN,,no,,398860471,other,,0,0
KH05374,17480503,,,,,,,,,Vietnam,VN,,no,,779991259,other,,0,0
KH05375,17480504,,,,,,,,,Vietnam,VN,,no,,983568779,other,,0,0
KH05376,17480505,,,,,,,,,Vietnam,VN,,no,,909328088,male,,0,0
KH05377,17480506,,,,,,,,,Vietnam,VN,,no,,976383634,other,,0,0
KH05378,17480507,,,,,,,,,Vietnam,VN,,no,,978257274,other,,0,0
KH05379,17480508,,,,,,,,,Vietnam,VN,,no,,334180595,other,,0,0
KH05380,17480509,,,,,,,,,Vietnam,VN,,no,,936666368,other,,0,0
KH05381,17480510,,,,,,,,,Vietnam,VN,,no,,973447776,other,,0,0
KH05382,17480511,,,,,,,,,Vietnam,VN,,no,,326825848,other,,0,0
KH05383,17480512,,,,,,,,,Vietnam,VN,,no,,964720267,other,,0,0
KH05384,17480513,,,,,,,,,Vietnam,VN,,no,,588188881,other,,0,0
KH05385,17480514,,,,,,,,,Vietnam,VN,,no,,703273459,other,,0,0
KH05386,17480515,,,,,,,,,Vietnam,VN,,no,,902996136,other,,0,0
KH05387,17480516,,,,,,,,,Vietnam,VN,,no,,903812455,other,,0,0
KH05388,17480517,,,,,,,,,Vietnam,VN,,no,,968992288,other,,0,0
KH05389,17480518,,,,,,,,,Vietnam,VN,,no,,913116015,other,,0,0
KH05390,17480519,,,,,,,,,Vietnam,VN,,no,,903340370,other,,0,0
KH05391,17480520,,,,,,,,,Vietnam,VN,,no,,932000801,other,,0,0
KH05392,17480521,,,,,,,,,Vietnam,VN,,no,,938927853,other,,0,0
KH05393,17480522,,,,,,,,,,,,no,,,male,,0,0
KH05394,17480523,,,,,,,,,Vietnam,VN,,no,,938354278,other,,0,0
KH05395,17480524,,,,,,,,,Vietnam,VN,,no,,933434190,other,,0,0
KH05396,17480525,,,,,,,,,Vietnam,VN,,no,,935514277,other,,0,0
KH05397,17480526,,,,,,,,,Vietnam,VN,,no,,,other,,0,0
KH05398,17480527,,,,,,,,,Vietnam,VN,,no,,903222463,other,,0,0
KH05399,17480528,,,,,,,,,Vietnam,VN,,no,,935249633,other,,0,0
KH05400,17480529,,,,,,,,,Vietnam,VN,,no,,916614788,other,,0,0
KH05401,17480530,,,,,,,,,Vietnam,VN,,no,,787089684,other,,0,0
KH05402,17480531,,,,,,,,,Vietnam,VN,,no,,903816839,other,,0,0
KH05403,17480532,,,,,,,,,Vietnam,VN,,no,,903767611,other,,7770750,4
KH05404,17480533,,,,,,,,,Vietnam,VN,,no,,,other,,0,0
KH05405,17480534,,,,,,,,,Vietnam,VN,,no,,901810820,other,,0,0
KH05406,17480535,,,,,,,,,Vietnam,VN,,no,,919164911,other,,0,0
KH05407,17480536,,,,,,,,,Vietnam,VN,,no,,968069939,male,,0,0
KH05408,17480537,,,,,,,,,Vietnam,VN,,no,,901494970,other,,0,0
KH05409,17480538,,,,,,,,,Vietnam,VN,,no,,936421464,other,,0,0
KH05410,17480539,,,,,,,,,Vietnam,VN,,no,,915101839,other,,0,0
KH05411,17480540,,,,,,,,,Vietnam,VN,,no,,903099729,other,,0,0
KH05412,17480541,,,,,,,,,Vietnam,VN,,no,,936395567,other,,0,0
KH05413,17480542,,,,,,,,,Vietnam,VN,,no,,908605023,other,,0,0
KH05414,17480543,,,,,,,,,Vietnam,VN,,no,,964520053,other,,0,0
KH05415,17480544,,,,,,,,,Vietnam,VN,,no,,918000482,other,,0,0
KH05416,17480545,,,,,,,,,Vietnam,VN,,no,,,other,,0,0
KH05417,17480546,,,,,,,,,Vietnam,VN,,no,,909008117,other,,0,0
KH05418,17480547,,,,,,,,,Vietnam,VN,,no,,903327283,other,,0,0
KH05419,17480548,,,,,,,,,Vietnam,VN,,no,,908021210,other,,0,0
KH05420,17480549,,,,,,,,,Vietnam,VN,,no,,902477097,other,,0,0
KH05421,17480550,,,,,,,,,Vietnam,VN,,no,,768024929,other,,0,0
KH05422,17480551,,,,,,,,,Vietnam,VN,,no,,977236788,other,,0,0
KH05423,17480552,,,,,,,,,Vietnam,VN,,no,,903837578,other,,0,0
KH05424,17480553,,,,,,,,,Vietnam,VN,,no,,938906268,other,,0,0
KH05425,17480554,,,,,,,,,Vietnam,VN,,no,,908507555,other,,0,0
KH05426,17480555,,,,,,,,,Vietnam,VN,,no,,906604990,other,,0,0
KH05427,17480556,,,,,,,,,Vietnam,VN,,no,,908815396,other,,0,0
KH05428,17480557,,,,,,,,,Vietnam,VN,,no,,928634758,other,,0,0
KH05429,17480558,,,,,,,,,Vietnam,VN,,no,,979011679,other,,0,0
KH05430,17480559,,,,,,,,,Vietnam,VN,,no,,972470709,other,,0,0
KH05431,17480560,,,,,,,,,Vietnam,VN,,no,,914797879,other,,0,0
KH05432,17480561,,,,,,,,,Vietnam,VN,,no,,902747173,other,,0,0
KH05433,17480562,,,,,,,,,Vietnam,VN,,no,,908157692,other,,0,0
KH05434,17480563,,,,,,,,,Vietnam,VN,,no,,903113013,other,,0,0
KH05435,17480564,,,,,,,,,,,,no,,,male,,0,0
KH05436,17480565,,,,,,,,,Vietnam,VN,,no,,962548411,other,,0,0
KH05437,17480566,,,,,,,,,Vietnam,VN,,no,,961855625,other,,0,0
KH05438,17480567,,,,,,,,,Vietnam,VN,,no,,971400899,other,,0,0
KH05439,17480568,,,,,,,,,Vietnam,VN,,no,,986704056,other,,0,0
KH05440,17480569,,,,,,,,,Vietnam,VN,,no,,906778566,other,,0,0
KH05441,17480570,,,,,,,,,Vietnam,VN,,no,,968158010,other,,0,0
KH05442,17480571,,,,,,,,,Vietnam,VN,,no,,915911881,other,,0,0
KH05443,17480572,,,,,,,,,Vietnam,VN,,no,,918654567,other,,0,0
KH05444,17480573,,,,,,,,,Vietnam,VN,,no,,901863456,other,,0,0
KH05445,17480574,,,,,,,,,Vietnam,VN,,no,,903719668,male,,0,0
KH05446,17480575,,,,,,,,,Vietnam,VN,,no,,903691866,other,,0,0
KH05447,17480576,,,,,,,,,,,,no,,906747346,male,,1250000,1
KH05448,17480577,,,,,,,,,Vietnam,VN,,no,,938682522,other,,0,0
KH05449,17480578,,,,,,,,,Vietnam,VN,,no,,919932124,other,,0,0
KH05450,17480579,,,,,,,,,Vietnam,VN,,no,,988019819,other,,0,0
KH05451,17480580,,,,,,,,,Vietnam,VN,,no,,906688620,other,,0,0
KH05452,17480581,,,,,,,,,Vietnam,VN,,no,,924286899,other,,0,0
KH05453,17480582,,,,,,,,,Vietnam,VN,,no,,918484528,other,,0,0
KH05454,17480583,,,,,,,,,Vietnam,VN,,no,,903777285,other,,0,0
KH05455,17480584,,,,,,,,,Vietnam,VN,,no,,902060279,other,,0,0
KH05456,17480585,,,,,,,,,Vietnam,VN,,no,,,other,,4365000,2
KH05457,17480586,,,,,,,,,Vietnam,VN,,no,,907886018,other,,0,0
KH05458,17480587,,,,,,,,,Vietnam,VN,,no,,913633304,other,,0,0
KH05459,17480588,,,,,,,,,Vietnam,VN,,no,,909854965,other,,0,0
KH05460,17480589,,,,,,,,,Vietnam,VN,,no,,909908155,other,,0,0
KH05461,17480590,,,,,,,,,Vietnam,VN,,no,,936864148,other,,0,0
KH05462,17480591,,,,,,,,,Vietnam,VN,,no,,906868709,other,,2130000,1
KH05463,17480592,,,,,,,,,Vietnam,VN,,no,,983491188,other,,0,0
KH05464,17480593,,,,,,,,,Vietnam,VN,,no,,393532863,other,,900000,1
KH05465,17480594,,,,,,,,,Vietnam,VN,,no,,907493678,other,,0,0
KH05466,17480595,,,,,,,,,Vietnam,VN,,no,,943638377,other,,0,0
KH05467,17480596,,,,,,,,,Vietnam,VN,,no,,937999700,other,,0,0
KH05468,17480597,,,,,,,,,Vietnam,VN,,no,,869930121,other,,0,0
KH05469,17480598,,,,,,,,,Vietnam,VN,,no,,908472404,other,,0,0
KH05470,17480599,,,,,,,,,Vietnam,VN,,no,,812900575,other,,0,0
KH05471,17480600,,,,,,,,,Vietnam,VN,,no,,983243217,other,,0,0
KH05472,17480601,,,,,,,,,Vietnam,VN,,no,,907616130,other,,0,0
KH05473,17480602,,,,,,,,,Vietnam,VN,,no,,971881818,other,,675000,1
KH05474,17480603,,,,,,,,,Vietnam,VN,,no,,938785946,other,,0,0
KH05475,17480604,,,,,,,,,Vietnam,VN,,no,,974941356,other,,0,0
KH05476,17480605,,,,,,,,,Vietnam,VN,,no,,938445445,other,,0,0
KH05477,17480606,,,,,,,,,Vietnam,VN,,no,,983774477,other,,0,0
KH05478,17480607,,,,,,,,,,,,no,,963377777,male,,0,0
KH05479,17480608,,,,,,,,,Vietnam,VN,,no,,797725051,other,,0,0
KH05480,17480609,,,,,,,,,Vietnam,VN,,no,,902783656,other,,0,0
KH05481,17480610,,,,,,,,,Vietnam,VN,,no,,903068145,other,,0,0
KH05482,17480611,,,,,,,,,Vietnam,VN,,no,,904495770,other,,0,0
KH05483,17480612,,,,,,,,,Vietnam,VN,,no,,,other,,0,0
KH05484,17480613,,,,,,,,,Vietnam,VN,,no,,975955800,other,,1010000,1
KH05485,17480614,,,,,,,,,Vietnam,VN,,no,,903342594,other,,0,0
KH05486,17480615,,,,,,,,,Vietnam,VN,,no,,972501608,other,,0,0
KH05487,17480616,,,,,,,,,Vietnam,VN,,no,,989061206,other,,2865000,1
KH05488,17480617,,,,,,,,,Vietnam,VN,,no,,917726266,other,,0,0
KH05489,17480618,,,,,,,,,Vietnam,VN,,no,,977998375,other,,0,0
KH05490,17480619,,,,,,,,,Vietnam,VN,,no,,946113979,other,,0,0
KH05491,17480620,,,,,,,,,Vietnam,VN,,no,,913735822,other,,0,0
KH05492,17480621,,,,,,,,,Vietnam,VN,,no,,908655271,other,,0,0
KH05493,17480622,,,,,,,,,Vietnam,VN,,no,,907575079,other,,0,0
KH05494,17480623,,,,,,,,,Vietnam,VN,,no,,938677208,other,,0,0
KH05495,17480624,,,,,,,,,Vietnam,VN,,no,,898769123,other,,0,0
KH05496,17480625,,,,,,,,,Vietnam,VN,,no,,902492957,other,,0,0
KH05497,17480626,,,,,,,,,Vietnam,VN,,no,,907349567,other,,0,0
KH05498,17480627,,,,,,,,,Vietnam,VN,,no,,907610148,other,,0,0
KH05499,17480628,,,,,,,,,Vietnam,VN,,no,,933833276,other,,0,0
KH05500,17480629,,,,,,,,,Vietnam,VN,,no,,909285123,other,,0,0
KH05501,17480630,,,,,,,,,Vietnam,VN,,no,,973519587,other,,0,0
KH05502,17480631,,,,,,,,,Vietnam,VN,,no,,839923777,other,,0,0
KH05503,17480632,,,,,,,,,Vietnam,VN,,no,,934710649,other,,0,0
KH05504,17480633,,,,,,,,,Vietnam,VN,,no,,918343550,other,,0,0
KH05505,17480634,,,,,,,,,Vietnam,VN,,no,,903132161,other,,0,0
KH05506,17480635,,,,,,,,,Vietnam,VN,,no,,365317390,other,,0,0
KH05507,17480636,,,,,,,,,Vietnam,VN,,no,,938375874,other,,0,0
KH05508,17480637,,,,,,,,,Vietnam,VN,,no,,916597008,other,,0,0
KH05509,17480638,,,,,,,,,Vietnam,VN,,no,,898345107,other,,0,0
KH05510,17480639,,,,,,,,,Vietnam,VN,,no,,338789919,other,,0,0
KH05511,17480640,,,,,,,,,Vietnam,VN,,no,,966450849,other,,0,0
KH05512,17480641,,,,,,,,,Vietnam,VN,,no,,869193809,other,,0,0
KH05513,17480642,,,,,,,,,Vietnam,VN,,no,,983554670,other,,0,0
KH05514,17480643,,,,,,,,,Vietnam,VN,,no,,909095900,other,,0,0
KH05515,17480644,,,,,,,,,Vietnam,VN,,no,,855502221,other,,0,0
KH05516,17480645,,,,,,,,,Vietnam,VN,,no,,908443321,other,,0,0
KH05517,17480646,,,,,,,,,Vietnam,VN,,no,,909112229,other,,0,0
KH05518,17480647,,,,,,,,,Vietnam,VN,,no,,983100288,other,,0,0
KH05519,17480648,,,,,,,,,Vietnam,VN,,no,,938868253,other,,0,0
KH05520,17480649,,,,,,,,,Vietnam,VN,,no,,905222786,other,,0,0
KH05521,17480650,,,,,,,,,Vietnam,VN,,no,,906700317,other,,0,0
KH05522,17480651,,,,,,,,,Vietnam,VN,,no,,984738333,other,,0,0
KH05523,17480652,,,,,,,,,Vietnam,VN,,no,,902567020,other,,0,0
KH05524,17480653,,,,,,,,,Vietnam,VN,,no,,942691024,other,,0,0
KH05525,17480654,,,,,,,,,Vietnam,VN,,no,,931174742,other,,0,0
KH05526,17480655,,,,,,,,,Vietnam,VN,,no,,935969591,other,,6078000,2
KH05527,17480656,,,,,,,,,Vietnam,VN,,no,,964269230,other,,0,0
KH05528,17480657,,,,,,,,,Vietnam,VN,,no,,913735499,other,,0,0
KH05529,17480658,,,,,,,,,Vietnam,VN,,no,,917272328,male,,0,0
KH05530,17480659,,,,,,,,,Vietnam,VN,,no,,908343845,female,,0,0
KH05531,17480660,,,,,,,,,Vietnam,VN,,no,,909252852,other,,0,0
KH05532,17480661,,,,,,,,,Vietnam,VN,,no,,906928235,other,,0,0
KH05533,17480662,,,,,,,,,Vietnam,VN,,no,,938506377,other,,0,0
KH05534,17480663,,,,,,,,,Vietnam,VN,,no,,944320609,other,,0,0
KH05535,17480664,,,,,,,,,Vietnam,VN,,no,,975500311,other,,0,0
KH05536,17480665,,,,,,,,,Vietnam,VN,,no,,924009798,other,,0,0
KH05537,17480666,,,,,,,,,Vietnam,VN,,no,,773608340,other,,0,0
KH05538,17480667,,,,,,,,,Vietnam,VN,,no,,798560722,other,,0,0
KH05539,17480668,,,,,,,,,Vietnam,VN,,no,,987199353,other,,0,0
KH05540,17480669,,,,,,,,,Vietnam,VN,,no,,975050099,other,,0,0
KH05541,17480670,,,,,,,,,,,,no,,,other,,0,0
KH05542,17480671,,,,,,,,,Vietnam,VN,,no,,915505146,other,,0,0
KH05543,17480672,,,,,,,,,Vietnam,VN,,no,,925232468,other,,0,0
KH05544,17480673,,,,,,,,,Vietnam,VN,,no,,904939235,other,,0,0
KH05545,17480674,,,,,,,,,Vietnam,VN,,no,,985786766,other,,0,0
KH05546,17480675,,,,,,,,,Vietnam,VN,,no,,903995153,other,,0,0
KH05547,17480676,,,,,,,,,Vietnam,VN,,no,,938947399,male,,0,0
KH05548,17480677,,,,,,,,,Vietnam,VN,,no,,983316265,other,,0,0
KH05549,17480678,,,,,,,,,Vietnam,VN,,no,,933727939,other,,0,0
KH05550,17480679,,,,,,,,,Vietnam,VN,,no,,938272090,other,,0,0
KH05551,17480680,,,,,,,,,Vietnam,VN,,no,,905016648,other,,0,0
KH05552,17480681,,,,,,,,,Vietnam,VN,,no,,903524707,other,,0,0
KH05553,17480682,,,,,,,,,Vietnam,VN,,no,,929316146,other,,0,0
KH05554,17480683,,,,,,,,,Vietnam,VN,,no,,982097066,other,,0,0
KH05555,17480684,,,,,,,,,Vietnam,VN,,no,,935773688,other,,0,0
KH05556,17480685,,,,,,,,,Vietnam,VN,,no,,918518420,other,,0,0
KH05557,17480686,,,,,,,,,Vietnam,VN,,no,,919192115,other,,0,0
KH05558,17480687,,,,,,,,,Vietnam,VN,,no,,934003438,other,,0,0
KH05559,17480688,,,,,,,,,Vietnam,VN,,no,,988609142,other,,0,0
KH05560,17480689,,,,,,,,,Vietnam,VN,,no,,969996609,other,,0,0
KH05561,17480690,,,,,,,,,Vietnam,VN,,no,,355941559,other,,0,0
KH05562,17480691,,,,,,,,,Vietnam,VN,,no,,772221055,other,,0,0
KH05563,17480692,,,,,,,,,Vietnam,VN,,no,,904642359,other,,7151000,6
KH05564,17480693,,,,,,,,,Vietnam,VN,,no,,934101999,other,,0,0
KH05565,17480694,,,,,,,,,Vietnam,VN,,no,,949771757,other,,0,0
KH05566,17480695,,,,,,,,,Vietnam,VN,,no,,902631215,other,,0,0
KH05567,17480696,,,,,,,,,Vietnam,VN,,no,,389999825,other,,0,0
KH05568,17480697,,,,,,,,,Vietnam,VN,,no,,907396969,male,,0,0
KH05569,17480698,,,,,,,,,Vietnam,VN,,no,,932718977,other,,0,0
KH05570,17480699,,,,,,,,,Vietnam,VN,,no,,974009138,other,,0,0
KH05571,17480700,,,,,,,,,Vietnam,VN,,no,,901229531,other,,0,0
KH05572,17480701,,,,,,,,,Vietnam,VN,,no,,908068097,other,,0,0
KH05573,17480702,,,,,,,,,Vietnam,VN,,no,,903903054,other,,0,0
KH05574,17480703,,,,,,,,,Vietnam,VN,,no,,908678246,other,,0,0
KH05575,17480704,,,,,,,,,Vietnam,VN,,no,,917186860,other,,0,0
KH05576,17480705,,,,,,,,,Vietnam,VN,,no,,383191809,other,,0,0
KH05577,17480706,,,,,,,,,Vietnam,VN,,no,,902332354,other,,0,0
KH05578,17480707,,,,,,,,,Vietnam,VN,,no,,362218382,other,,0,0
KH05579,17480708,,,,,,,,,Vietnam,VN,,no,,932188844,other,,0,0
KH05580,17480709,,,,,,,,,Vietnam,VN,,no,,,other,,0,0
KH05581,17480710,,,,,,,,,Vietnam,VN,,no,,914666845,other,,0,0
KH05582,17480711,,,,,,,,,Vietnam,VN,,no,,938188861,other,,0,0
KH05583,17480712,,,,,,,,,Vietnam,VN,,no,,903375454,other,,0,0
KH05584,17480713,,,,,,,,,Vietnam,VN,,no,,914989899,other,,0,0
KH05585,17480714,,,,,,,,,Vietnam,VN,,no,,938489293,other,,0,0
KH05586,17480715,,,,,,,,,Vietnam,VN,,no,,,other,,0,0
KH05587,17480716,,,,,,,,,Vietnam,VN,,no,,906682102,other,,0,0
KH05588,17480717,,,,,,,,,Vietnam,VN,,no,,983831888,other,,0,0
KH05589,17480718,,,,,,,,,Vietnam,VN,,no,,918033734,other,,0,0
KH05590,17480719,,,,,,,,,,,,no,,,other,,0,0
KH05591,17480720,,,,,,,,,Vietnam,VN,,no,,906899810,other,,0,0
KH05592,17480721,,,,,,,,,Vietnam,VN,,no,,968700968,other,,0,0
KH05593,17480722,,,,,,,,,Vietnam,VN,,no,,902939379,other,,1057000,2
KH05594,17480723,,,,,,,,,Vietnam,VN,,no,,908380584,other,,0,0
KH05595,17480724,,,,,,,,,Vietnam,VN,,no,,903745508,other,,0,0
KH05596,17480725,,,,,,,,,Vietnam,VN,,no,,902805611,other,,0,0
KH05597,17480726,,,,,,,,,Vietnam,VN,,no,,984888811,other,,0,0
KH05598,17480727,,,,,,,,,Vietnam,VN,,no,,903879659,other,,0,0
KH05599,17480728,,,,,,,,,Vietnam,VN,,no,,818884444,other,,0,0
KH05600,17480729,,,,,,,,,Vietnam,VN,,no,,908813833,other,,685000,1
KH05601,17480730,,,,,,,,,Vietnam,VN,,no,,907096519,other,,0,0
KH05602,17480731,,,,,,,,,Vietnam,VN,,no,,377169640,other,,0,0
KH05603,17480732,,,,,,,,,Vietnam,VN,,no,,398986668,other,,0,0
KH05604,17480733,,,,,,,,,Vietnam,VN,,no,,933400781,other,,0,0
KH05605,17480734,,,,,,,,,Vietnam,VN,,no,,916416663,other,,0,0
KH05606,17480735,,,,,,,,,Vietnam,VN,,no,,961789789,other,,0,0
KH05607,17480736,,,,,,,,,Vietnam,VN,,no,,947724291,other,,0,0
KH05608,17480737,,,,,,,,,Vietnam,VN,,no,,988976764,other,,0,0
KH05609,17480738,,,,,,,,,Vietnam,VN,,no,,708445098,other,,0,0
KH05610,17480739,,,,,,,,,Vietnam,VN,,no,,903886503,other,,0,0
KH05611,17480740,,,,,,,,,Vietnam,VN,,no,,903815751,male,,0,0
KH05612,17480741,,,,,,,,,Vietnam,VN,,no,,911997997,other,,0,0
KH05613,17480742,,,,,,,,,Vietnam,VN,,no,,772390737,other,,0,0
KH05614,17480743,,,,,,,,,Vietnam,VN,,no,,932080309,other,,0,0
KH05615,17480744,,,,,,,,,Vietnam,VN,,no,,913402112,other,,0,0
KH05616,17480745,,,,,,,,,Vietnam,VN,,no,,844118898,other,,1000000,1
KH05617,17480746,,,,,,,,,Vietnam,VN,,no,,394614106,other,,0,0
KH05618,17480747,,,,,,,,,Vietnam,VN,,no,,935537763,other,,0,0
KH05619,17480748,,,,,,,,,Vietnam,VN,,no,,886945035,other,,530000,1
KH05620,17480749,,,,,,,,,Vietnam,VN,,no,,983744055,other,,0,0
KH05621,17480750,,,,,,,,,Vietnam,VN,,no,,703848486,other,,0,0
KH05622,17480751,,,,,,,,,Vietnam,VN,,no,,906889933,other,,0,0
KH05623,17480752,,,,,,,,,Vietnam,VN,,no,,708683736,other,,0,0
KH05624,17480753,,,,,,,,,Vietnam,VN,,no,,944625446,other,,0,0
KH05625,17480754,,,,,,,,,Vietnam,VN,,no,,965512084,other,,0,0
KH05626,17480755,,,,,,,,,Vietnam,VN,,no,,911915600,other,,0,0
KH05627,17480756,,,,,,,,,,,,no,,908198645,male,,0,0
KH05628,17480757,,,,,,,,,Vietnam,VN,,no,,907616698,other,,0,0
KH05629,17480758,,,,,,,,,Vietnam,VN,,no,,909800593,other,,0,0
KH05630,17480759,,,,,,,,,Vietnam,VN,,no,,906761005,other,,0,0
KH05631,17480760,,,,,,,,,Vietnam,VN,,no,,908330688,other,,0,0
KH05632,17480761,,,,,,,,,Vietnam,VN,,no,,947996439,other,,0,0
KH05633,17480762,,,,,,,,,Vietnam,VN,,no,,989838502,other,,0,0
KH05634,17480763,,,,,,,,,Vietnam,VN,,no,,358415713,other,,2000000,3
KH05635,17480764,,,,,,,,,Vietnam,VN,,no,,399997417,other,,0,0
KH05636,17480765,,,,,,,,,Vietnam,VN,,no,,,male,,0,0
KH05637,17480766,,,,,,,,,Vietnam,VN,,no,,349375353,other,,0,0
KH05638,17480767,,,,,,,,,Vietnam,VN,,no,,908053555,other,,0,0
KH05639,17480768,,,,,,,,,Vietnam,VN,,no,,938756886,other,,0,0
KH05640,17480769,,,,,,,,,Vietnam,VN,,no,,908225880,other,,0,0
KH05641,17480770,,,,,,,,,Vietnam,VN,,no,,,other,,0,0
KH05642,17480771,,,,,,,,,Vietnam,VN,,no,,903838081,other,,490000,1
KH05643,17480772,,,,,,,,,Vietnam,VN,,no,,903112244,other,,0,0
KH05644,17480773,,,,,,,,,Vietnam,VN,,no,,944795255,other,,0,0
KH05645,17480774,,,,,,,,,Vietnam,VN,,no,,786116555,other,,0,0
KH05646,17480775,,,,,,,,,Vietnam,VN,,no,,979808324,other,,0,0
KH05647,17480776,,,,,,,,,Vietnam,VN,,no,,777978066,other,,0,0
KH05648,17480777,,,,,,,,,Vietnam,VN,,no,,909123479,other,,5738000,1
KH05649,17480778,,,,,,,,,Vietnam,VN,,no,,963278900,other,,0,0
KH05650,17480779,,,,,,,,,Vietnam,VN,,no,,903877516,other,,0,0
KH05651,17480780,,,,,,,,,Vietnam,VN,,no,,903389723,other,,0,0
KH05652,17480781,,,,,,,,,Vietnam,VN,,no,,925472767,other,,0,0
KH05653,17480782,,,,,,,,,Vietnam,VN,,no,,937000334,other,,0,0
KH05654,17480783,,,,,,,,,Vietnam,VN,,no,,777498732,other,,0,0
KH05655,17480784,,,,,,,,,Vietnam,VN,,no,,,other,,0,0
KH05656,17480785,,,,,,,,,Vietnam,VN,,no,,938607368,other,,0,0
KH05657,17480786,,,,,,,,,Vietnam,VN,,no,,947220025,other,,0,0
KH05658,17480787,,,,,,,,,Vietnam,VN,,no,,903685450,other,,0,0
KH05659,17480788,,,,,,,,,Vietnam,VN,,no,,933830090,other,,0,0
KH05660,17480789,,,,,,,,,Vietnam,VN,,no,,909717453,other,,0,0
KH05661,17480790,,,,,,,,,Vietnam,VN,,no,,938602310,other,,0,0
KH05662,17480791,,,,,,,,,Vietnam,VN,,no,,942848268,other,,0,0
KH05663,17480792,,,,,,,,,Vietnam,VN,,no,,934179444,other,,0,0
KH05664,17480793,,,,,,,,,Vietnam,VN,,no,,919738078,other,,0,0
KH05665,17480794,,,,,,,,,Vietnam,VN,,no,,903322953,other,,0,0
KH05666,17480795,,,,,,,,,Vietnam,VN,,no,,909060606,other,,0,0
KH05667,17480796,,,,,,,,,Vietnam,VN,,no,,767239564,other,,0,0
KH05668,17480797,,,,,,,,,Vietnam,VN,,no,,908237559,other,,0,0
KH05669,17480798,,,,,,,,,Vietnam,VN,,no,,975965965,other,,0,0
KH05670,17480799,,,,,,,,,Vietnam,VN,,no,,914800099,other,,0,0
KH05671,17480800,,,,,,,,,Vietnam,VN,,no,,,other,,0,0
KH05672,17480801,,,,,,,,,Vietnam,VN,,no,,901305739,other,,0,0
KH05673,17480802,,,,,,,,,Vietnam,VN,,no,,989111185,other,,0,0
KH05674,17480803,,,,,,,,,Vietnam,VN,,no,,911078899,other,,0,0
KH05675,17480804,,,,,,,,,Vietnam,VN,,no,,765294294,other,,0,0
KH05676,17480805,,,,,,,,,Vietnam,VN,,no,,915772713,other,,0,0
KH05677,17480806,,,,,,,,,Vietnam,VN,,no,,794726789,other,,0,0
KH05678,17480807,,,,,,,,,Vietnam,VN,,no,,919977059,other,,0,0
KH05679,17480808,,,,,,,,,Vietnam,VN,,no,,919923986,other,,0,0
KH05680,17480809,,,,,,,,,Vietnam,VN,,no,,916928896,other,,0,0
KH05681,17480810,,,,,,,,,Vietnam,VN,,no,,981996225,other,,0,0
KH05682,17480811,,,,,,,,,Vietnam,VN,,no,,909020297,other,,0,0
KH05683,17480812,,,,,,,,,Vietnam,VN,,no,,909303836,other,,0,0
KH05684,17480813,,,,,,,,,Vietnam,VN,,no,,933212792,other,,0,0
KH05685,17480814,,,,,,,,,Vietnam,VN,,no,,785678776,other,,0,0
KH05686,17480815,,,,,,,,,Vietnam,VN,,no,,988889420,other,,0,0
KH05687,17480816,,,,,,,,,Vietnam,VN,,no,,908901942,other,,0,0
KH05688,17480817,,,,,,,,,Vietnam,VN,,no,,918284264,other,,0,0
KH05689,17480818,,,,,,,,,Vietnam,VN,,no,,394714202,other,,0,0
KH05690,17480819,,,,,,,,,Vietnam,VN,,no,,935080181,other,,0,0
KH05691,17480820,,,,,,,,,Vietnam,VN,,no,,817511911,other,,0,0
KH05692,17480821,,,,,,,,,Vietnam,VN,,no,,906802587,other,,0,0
KH05693,17480822,,,,,,,,,Vietnam,VN,,no,,942923756,other,,0,0
KH05694,17480823,,,,,,,,,Vietnam,VN,,no,,903663449,other,,0,0
KH05695,17480824,,,,,,,,,Vietnam,VN,,no,,788303030,other,,0,0
KH05696,17480825,,,,,,,,,Vietnam,VN,,no,,918408388,other,,0,0
KH05697,17480826,,,,,,,,,Vietnam,VN,,no,,,other,,0,0
KH05698,17480827,,,,,,,,,Vietnam,VN,,no,,986840090,other,,0,0
KH05699,17480828,,,,,,,,,Vietnam,VN,,no,,902398848,other,,0,0
KH05700,17480829,,,,,,,,,Vietnam,VN,,no,,912489797,other,,0,0
KH05701,17480830,,,,,,,,,Vietnam,VN,,no,,383451220,other,,0,0
KH05702,17480831,,TP Hồ Chí Minh,TP Hồ Chí Minh,2.0,Quận 10,39.0,Phường 15,9365.0,Vietnam,VN,,no,,908901489,male,,9329000,1
KH05703,17480832,,,,,,,,,Vietnam,VN,,no,,903690095,other,,0,0
KH05704,17480833,,,,,,,,,Vietnam,VN,,no,,934567782,other,,0,0
KH05705,17480834,,,,,,,,,Vietnam,VN,,no,,,other,,0,0
KH05706,17480835,,,,,,,,,Vietnam,VN,,no,,855375742,other,,0,0
KH05707,17480836,,,,,,,,,Vietnam,VN,,no,,907781998,other,,0,0
KH05708,17480837,,,,,,,,,,,,no,,909622166,male,,0,0
KH05709,17480838,,,,,,,,,Vietnam,VN,,no,,904251187,other,,0,0
KH05710,17480839,,,,,,,,,Vietnam,VN,,no,,916633926,other,,0,0
KH05711,17480840,,,,,,,,,Vietnam,VN,,no,,937121350,other,,0,0
KH05712,17480841,,,,,,,,,Vietnam,VN,,no,,918693775,other,,0,0
KH05713,17480842,,,,,,,,,Vietnam,VN,,no,,938845142,other,,0,0
KH05714,17480843,,,,,,,,,Vietnam,VN,,no,,705540160,other,,0,0
KH05715,17480844,,,,,,,,,Vietnam,VN,,no,,915389053,other,,0,0
KH05716,17480845,,,,,,,,,Vietnam,VN,,no,,,other,,0,0
KH05717,17480846,,,,,,,,,Vietnam,VN,,no,,904260386,other,,0,0
KH05718,17480847,,,,,,,,,Vietnam,VN,,no,,932049410,other,,0,0
KH05719,17480848,,,,,,,,,Vietnam,VN,,no,,946233334,other,,0,0
KH05720,17480849,,,,,,,,,Vietnam,VN,,no,,918282979,other,,0,0
KH05721,17480850,,,,,,,,,Vietnam,VN,,no,,966295865,other,,0,0
KH05722,17480851,,,,,,,,,Vietnam,VN,,no,,908190773,other,,0,0
KH05723,17480852,,,,,,,,,Vietnam,VN,,no,,983234572,other,,0,0
KH05724,17480853,,,,,,,,,Vietnam,VN,,no,,,other,,0,0
KH05725,17480854,,,,,,,,,Vietnam,VN,,no,,901292383,other,,0,0
KH05726,17480855,,,,,,,,,Vietnam,VN,,no,,983979248,other,,0,0
KH05727,17480856,,,,,,,,,Vietnam,VN,,no,,909852813,other,,0,0
KH05728,17480857,,,,,,,,,Vietnam,VN,,no,,914983097,other,,0,0
KH05729,17480858,,,,,,,,,Vietnam,VN,,no,,786495771,other,,780000,2
KH05730,17480859,,,,,,,,,Vietnam,VN,,no,,918509268,other,,0,0
KH05731,17480860,,,,,,,,,Vietnam,VN,,no,,387521927,other,,0,0
KH05732,17480861,,,,,,,,,Vietnam,VN,,no,,989065909,other,,0,0
KH05733,17480862,,,,,,,,,Vietnam,VN,,no,,909599991,other,,0,0
KH05734,17480863,,,,,,,,,Vietnam,VN,,no,,985998939,male,,0,0
KH05735,17480864,,,,,,,,,Vietnam,VN,,no,,582101975,other,,0,0
KH05736,17480865,,,,,,,,,Vietnam,VN,,no,,348676293,other,,0,0
KH05737,17480866,,,,,,,,,Vietnam,VN,,no,,903350198,other,,0,0
KH05738,17480867,,,,,,,,,Vietnam,VN,,no,,908805989,other,,0,0
KH05739,17480868,,TP Hồ Chí Minh,TP Hồ Chí Minh,2.0,Quận 4,33.0,Phường 5,9402.0,Vietnam,VN,,no,,989209059,male,,9856000,1
KH05740,17480869,,,,,,,,,Vietnam,VN,,no,,386636010,other,,0,0
KH05741,17480870,,,,,,,,,Vietnam,VN,,no,,707156659,other,,0,0
KH05742,17480871,,,,,,,,,Vietnam,VN,,no,,934141403,other,,0,0
KH05743,17480872,,,,,,,,,Vietnam,VN,,no,,869235652,other,,0,0
KH05744,17480873,,,,,,,,,Vietnam,VN,,no,,522024246,other,,0,0
KH05745,17480874,,,,,,,,,Vietnam,VN,,no,,973506665,other,,0,0
KH05746,17480875,,,,,,,,,Vietnam,VN,,no,,964712320,other,,0,0
KH05747,17480876,,,,,,,,,Vietnam,VN,,no,,769684048,other,,0,0
KH05748,17480877,,,,,,,,,Vietnam,VN,,no,,522390117,other,,0,0
KH05749,17480878,,,,,,,,,Vietnam,VN,,no,,907399355,other,,0,0
KH05750,17480879,,,,,,,,,Vietnam,VN,,no,,829446555,other,,0,0
KH05751,17480880,,Bình Dương,Bình Dương,10.0,,,,,Vietnam,VN,,no,,902897976,female,,552000000,4
KH05752,17480881,,,,,,,,,Vietnam,VN,,no,,772197892,other,,0,0
KH05753,17480882,,,,,,,,,Vietnam,VN,,no,,707492309,other,,0,0
KH05754,17480883,,,,,,,,,Vietnam,VN,,no,,834100791,male,,0,0
KH05755,17480884,,,,,,,,,Vietnam,VN,,no,,938780731,other,,0,0
KH05756,17480885,,,,,,,,,,,,no,,,other,,0,0
KH05757,17480886,,,,,,,,,Vietnam,VN,,no,,961797715,other,,0,0
KH05758,17480887,,,,,,,,,Vietnam,VN,,no,,916124756,other,,0,0
KH05759,17480888,,,,,,,,,Vietnam,VN,,no,,938607542,other,,0,0
KH05760,17480889,,,,,,,,,Vietnam,VN,,no,,385277500,other,,0,0
KH05761,17480890,,,,,,,,,Vietnam,VN,,no,,355795597,other,,0,0
KH05762,17480891,,,,,,,,,Vietnam,VN,,no,,913114898,other,,0,0
KH05763,17480892,,,,,,,,,Vietnam,VN,,no,,938708759,other,,0,0
KH05764,17480893,,,,,,,,,Vietnam,VN,,no,,913266237,other,,0,0
KH05765,17480894,,,,,,,,,Vietnam,VN,,no,,907671099,other,,0,0
KH05766,17480895,,,,,,,,,Vietnam,VN,,no,,703356209,other,,0,0
KH05767,17480896,,,,,,,,,Vietnam,VN,,no,,793813131,female,,0,0
KH05768,17480897,,,,,,,,,Vietnam,VN,,no,,938902924,other,,0,0
KH05769,17480898,,,,,,,,,Vietnam,VN,,no,,794453324,other,,0,0
KH05770,17480899,,,,,,,,,Vietnam,VN,,no,,973729605,other,,0,0
KH05771,17480900,,,,,,,,,Vietnam,VN,,no,,903053642,other,,0,0
KH05772,17480901,,,,,,,,,Vietnam,VN,,no,,769700568,other,,0,0
KH05773,17480902,,,,,,,,,Vietnam,VN,,no,,982308159,other,,0,0
KH05774,17480903,,,,,,,,,Vietnam,VN,,no,,944131139,other,,2475000,2
KH05775,17480904,,,,,,,,,Vietnam,VN,,no,,936800822,other,,0,0
KH05776,17480905,,,,,,,,,Vietnam,VN,,no,,909316399,other,,0,0
KH05777,17480906,,,,,,,,,Vietnam,VN,,no,,986818498,other,,0,0
KH05778,17480907,,,,,,,,,Vietnam,VN,,no,,903375557,other,,0,0
KH05779,17480908,,,,,,,,,Vietnam,VN,,no,,932789240,other,,0,0
KH05780,17480909,,,,,,,,,Vietnam,VN,,no,,903106586,other,,0,0
KH05781,17480910,,,,,,,,,Vietnam,VN,,no,,903880611,other,,0,0
KH05782,17480911,,,,,,,,,Vietnam,VN,,no,,937927769,other,,0,0
KH05783,17480912,,,,,,,,,Vietnam,VN,,no,,909986092,other,,0,0
KH05784,17480913,,,,,,,,,Vietnam,VN,,no,,,other,,0,0
KH05785,17480914,,,,,,,,,Vietnam,VN,,no,,983507073,other,,0,0
KH05786,17480915,,,,,,,,,,,,no,,,other,,0,0
KH05787,17480916,,,,,,,,,Vietnam,VN,,no,,908285944,other,,0,0
KH05788,17480917,,,,,,,,,Vietnam,VN,,no,,859887771,other,,0,0
KH05789,17480918,,,,,,,,,Vietnam,VN,,no,,903384776,other,,0,0
KH05790,17480919,,,,,,,,,Vietnam,VN,,no,,903770735,other,,0,0
KH05791,17480920,,,,,,,,,Vietnam,VN,,no,,981818019,other,,0,0
KH05792,17480921,,,,,,,,,Vietnam,VN,,no,,906730899,other,,0,0
KH05793,17480922,,,,,,,,,Vietnam,VN,,no,,908226248,female,,0,0
KH05794,17480923,,,,,,,,,Vietnam,VN,,no,,903666180,other,,0,0
KH05795,17480924,,,,,,,,,Vietnam,VN,,no,,908967162,other,,0,0
KH05796,17480925,,,,,,,,,Vietnam,VN,,no,,902315217,other,,0,0
KH05797,17480926,,,,,,,,,Vietnam,VN,,no,,931864835,other,,0,0
KH05798,17480927,,,,,,,,,Vietnam,VN,,no,,909868006,other,,0,0
KH05799,17480928,,,,,,,,,Vietnam,VN,,no,,976939039,other,,0,0
KH05800,17480929,,,,,,,,,Vietnam,VN,,no,,985300828,other,,0,0
KH05801,17480930,,,,,,,,,Vietnam,VN,,no,,909800005,other,,0,0
KH05802,17480931,,,,,,,,,Vietnam,VN,,no,,901392242,other,,0,0
KH05803,17480932,,,,,,,,,Vietnam,VN,,no,,909598123,other,,0,0
KH05804,17480933,,,,,,,,,Vietnam,VN,,no,,909451821,other,,0,0
KH05805,17480934,,,,,,,,,Vietnam,VN,,no,,934018988,other,,0,0
KH05806,17480935,,,,,,,,,Vietnam,VN,,no,,,other,,0,0
KH05807,17480936,,,,,,,,,Vietnam,VN,,no,,903963379,other,,0,0
KH05808,17480937,,,,,,,,,Vietnam,VN,,no,,967028938,other,,0,0
KH05809,17480938,,,,,,,,,Vietnam,VN,,no,,,other,,0,0
KH05810,17480939,,,,,,,,,Vietnam,VN,,no,,984732222,other,,0,0
KH05811,17480940,,,,,,,,,Vietnam,VN,,no,,902349199,other,,0,0
KH05812,17480941,,,,,,,,,Vietnam,VN,,no,,908903240,other,,0,0
KH05813,17480942,,,,,,,,,Vietnam,VN,,no,,915592922,other,,0,0
KH05814,17480943,,,,,,,,,Vietnam,VN,,no,,356685490,other,,0,0
KH05815,17480944,,,,,,,,,Vietnam,VN,,no,,909221245,other,,0,0
KH05816,17480945,,,,,,,,,Vietnam,VN,,no,,931848927,female,,0,0
KH05817,17480946,,,,,,,,,Vietnam,VN,,no,,789992816,other,,0,0
KH05818,17480947,,,,,,,,,Vietnam,VN,,no,,972892209,other,,0,0
KH05819,17480948,,,,,,,,,Vietnam,VN,,no,,908699956,other,,0,0
KH05820,17480949,,,,,,,,,Vietnam,VN,,no,,908511833,other,,0,0
KH05821,17480950,,,,,,,,,Vietnam,VN,,no,,908542286,other,,0,0
KH05822,17480951,,,,,,,,,Vietnam,VN,,no,,937979075,other,,0,0
KH05823,17480952,,TP Hồ Chí Minh,TP Hồ Chí Minh,2.0,Quận 3,32.0,Phường 6,9357.0,Vietnam,VN,,no,sapo_social,903102221,other,,111780000,2
KH05824,17480953,,,,,,,,,Vietnam,VN,,no,,914617199,other,,0,0
KH05825,17480954,,,,,,,,,Vietnam,VN,,no,,914003086,other,,0,0
KH05826,17480955,,,,,,,,,Vietnam,VN,,no,,983366913,other,,0,0
KH05827,17480956,,,,,,,,,Vietnam,VN,,no,,937267311,other,,0,0
KH05828,17480957,,,,,,,,,Vietnam,VN,,no,,,other,,0,0
KH05829,17480958,,,,,,,,,Vietnam,VN,,no,,906708163,other,,0,0
KH05830,17480959,,,,,,,,,Vietnam,VN,,no,,961809648,other,,0,0
KH05831,17480960,,,,,,,,,Vietnam,VN,,no,,918866005,other,,0,0
KH05832,17480961,,,,,,,,,Vietnam,VN,,no,,787722126,other,,0,0
KH05833,17480962,,,,,,,,,Vietnam,VN,,no,,942666489,other,,0,0
KH05834,17480963,,,,,,,,,Vietnam,VN,,no,,938888935,other,,0,0
KH05835,17480964,,,,,,,,,Vietnam,VN,,no,,903030557,other,,0,0
KH05836,17480965,,,,,,,,,Vietnam,VN,,no,,352642781,other,,0,0
KH05837,17480966,,,,,,,,,Vietnam,VN,,no,,907260683,other,,0,0
KH05838,17480967,,,,,,,,,Vietnam,VN,,no,,989462763,other,,0,0
KH05839,17480968,,,,,,,,,Vietnam,VN,,no,,898798339,other,,0,0
KH05840,17480969,,,,,,,,,Vietnam,VN,,no,,919439393,other,,0,0
KH05841,17480970,,,,,,,,,Vietnam,VN,,no,,909198357,other,,0,0
KH05842,17480971,,,,,,,,,Vietnam,VN,,no,,913845392,other,,0,0
KH05843,17480972,,,,,,,,,Vietnam,VN,,no,,903031728,other,,0,0
KH05844,17480973,,,,,,,,,Vietnam,VN,,no,,909010525,other,,0,0
KH05845,17480974,,,,,,,,,Vietnam,VN,,no,,777196700,other,,0,0
KH05846,17480975,,,,,,,,,Vietnam,VN,,no,,905619986,other,,0,0
KH05847,17480976,,,,,,,,,Vietnam,VN,,no,,983746605,other,,0,0
KH05848,17480977,,,,,,,,,Vietnam,VN,,no,,977692738,other,,0,0
KH05849,17480978,,,,,,,,,Vietnam,VN,,no,,903313748,other,,0,0
KH05850,17480979,,,,,,,,,Vietnam,VN,,no,,918916889,other,,0,0
KH05851,17480980,,,,,,,,,Vietnam,VN,,no,,907212115,other,,0,0
KH05852,17480981,,,,,,,,,Vietnam,VN,,no,,949162816,other,,0,0
KH05853,17480982,,,,,,,,,Vietnam,VN,,no,,909660091,other,,0,0
KH05854,17480983,,,,,,,,,Vietnam,VN,,no,,937331038,other,,0,0
KH05855,17480984,,,,,,,,,Vietnam,VN,,no,,913925924,other,,0,0
KH05856,17480985,,,,,,,,,Vietnam,VN,,no,,904247338,other,,0,0
KH05857,17480986,,,,,,,,,Vietnam,VN,,no,,937129977,other,,0,0
KH05858,17480987,,,,,,,,,Vietnam,VN,,no,,905355999,other,,0,0
KH05859,17480988,,,,,,,,,Vietnam,VN,,no,,933560056,other,,0,0
KH05860,17480989,,,,,,,,,Vietnam,VN,,no,,978200051,other,,0,0
KH05861,17480990,,,,,,,,,Vietnam,VN,,no,,903670656,other,,0,0
KH05862,17480991,,,,,,,,,Vietnam,VN,,no,,941679319,other,,0,0
KH05863,17480992,,,,,,,,,Vietnam,VN,,no,,827120997,other,,0,0
KH05864,17480993,,,,,,,,,Vietnam,VN,,no,,969207399,other,,0,0
KH05865,17480994,,,,,,,,,Vietnam,VN,,no,,908289459,other,,0,0
KH05866,17480995,,,,,,,,,Vietnam,VN,,no,,909024017,other,,0,0
KH05867,17480996,,,,,,,,,Vietnam,VN,,no,,986331090,other,,0,0
KH05868,17480997,,,,,,,,,Vietnam,VN,,no,,917313189,other,,0,0
KH05869,17480998,,,,,,,,,Vietnam,VN,,no,,988565104,other,,0,0
KH05870,17480999,,,,,,,,,Vietnam,VN,,no,,908682542,other,,0,0
KH05871,17481000,,,,,,,,,Vietnam,VN,,no,,987057299,other,,0,0
KH05872,17481001,,,,,,,,,Vietnam,VN,,no,,936206788,other,,0,0
KH05873,17481002,,,,,,,,,Vietnam,VN,,no,,909190812,other,,0,0
KH05874,17481003,,,,,,,,,Vietnam,VN,,no,,908862222,other,,0,0
KH05875,17481004,,,,,,,,,Vietnam,VN,,no,,822436868,other,,0,0
KH05876,17481005,,,,,,,,,Vietnam,VN,,no,,902412158,other,,0,0
KH05877,17481006,,,,,,,,,Vietnam,VN,,no,,935231818,other,,0,0
KH05878,17481007,,,,,,,,,Vietnam,VN,,no,,772768114,other,,0,0
KH05879,17481008,,,,,,,,,Vietnam,VN,,no,,909631767,other,,0,0
KH05880,17481009,,,,,,,,,Vietnam,VN,,no,,903348583,other,,0,0
KH05881,17481010,,,,,,,,,Vietnam,VN,,no,,918916006,other,,0,0
KH05882,17481011,,,,,,,,,Vietnam,VN,,no,,967569056,other,,0,0
KH05883,17481012,,,,,,,,,Vietnam,VN,,no,,948715189,female,,0,0
KH05884,17481013,,,,,,,,,Vietnam,VN,,no,,982918891,other,,0,0
KH05885,17481014,,,,,,,,,Vietnam,VN,,no,,901100824,other,,0,0
KH05886,17481015,,,,,,,,,Vietnam,VN,,no,,973442584,other,,0,0
KH05887,17481016,,,,,,,,,Vietnam,VN,,no,sapo_social,934383372,other,,2285000,3
KH05888,17481017,,,,,,,,,Vietnam,VN,,no,,903378753,other,,0,0
KH05889,17481018,,,,,,,,,Vietnam,VN,,no,,903905620,other,,1871000,1
KH05890,17481019,,,,,,,,,Vietnam,VN,,no,,986847677,other,,0,0
KH05891,17481020,,,,,,,,,Vietnam,VN,,no,,938929680,other,,0,0
KH05892,17481021,,,,,,,,,Vietnam,VN,,no,,918058105,other,,0,0
KH05893,17481022,,,,,,,,,Vietnam,VN,,no,,903343589,other,,0,0
KH05894,17481023,,,,,,,,,Vietnam,VN,,no,,367535537,other,,0,0
KH05895,17481024,,,,,,,,,Vietnam,VN,,no,,908558989,other,,0,0
KH05896,17481025,,,,,,,,,Vietnam,VN,,no,,909025216,other,,0,0
KH05897,17481026,,,,,,,,,Vietnam,VN,,no,,979518019,other,,0,0
KH05898,17481027,,,,,,,,,Vietnam,VN,,no,,855557000,other,,0,0
KH05899,17481028,,,,,,,,,Vietnam,VN,,no,,987437262,other,,0,0
KH05900,17481029,,,,,,,,,Vietnam,VN,,no,,834610016,other,,0,0
KH05901,17481030,,,,,,,,,Vietnam,VN,,no,,904932599,other,,0,0
KH05902,17481031,,,,,,,,,Vietnam,VN,,no,,908081443,other,,0,0
KH05903,17481032,,,,,,,,,Vietnam,VN,,no,,765258351,other,,0,0
KH05904,17481033,,,,,,,,,Vietnam,VN,,no,,902785780,other,,0,0
KH05905,17481034,,,,,,,,,Vietnam,VN,,no,,903955055,other,,0,0
KH05906,17481035,,,,,,,,,Vietnam,VN,,no,,918790077,other,,0,0
KH05907,17481036,,,,,,,,,Vietnam,VN,,no,,938797626,other,,0,0
KH05908,17481037,,,,,,,,,Vietnam,VN,,no,,947264315,other,,0,0
KH05909,17481038,,,,,,,,,Vietnam,VN,,no,,989288888,other,,0,0
KH05910,17481039,,,,,,,,,Vietnam,VN,,no,,988938571,other,,0,0
KH05911,17481040,,,,,,,,,Vietnam,VN,,no,,824328668,other,,0,0
KH05912,17481041,,,,,,,,,Vietnam,VN,,no,,934948106,other,,0,0
KH05913,17481042,,,,,,,,,Vietnam,VN,,no,,901280295,other,,0,0
KH05914,17481043,,,,,,,,,Vietnam,VN,,no,,938066818,other,,0,0
KH05915,17481044,,,,,,,,,Vietnam,VN,,no,,327258881,other,,0,0
KH05916,17481045,,,,,,,,,,,,no,,989021942,female,,0,0
KH05917,17481046,,,,,,,,,Vietnam,VN,,no,,938497146,other,,0,0
KH05918,17481047,,,,,,,,,Vietnam,VN,,no,,913972907,other,,0,0
KH05919,17481048,,,,,,,,,Vietnam,VN,,no,,336265991,other,,0,0
KH05920,17481049,,,,,,,,,Vietnam,VN,,no,,906897398,other,,0,0
KH05921,17481050,,,,,,,,,Vietnam,VN,,no,,984384184,other,,0,0
KH05922,17481051,,,,,,,,,Vietnam,VN,,no,,909628856,other,,0,0
KH05923,17481052,,,,,,,,,Vietnam,VN,,no,,901739856,other,,0,0
KH05924,17481053,,,,,,,,,Vietnam,VN,,no,,915508439,other,,0,0
KH05925,17481054,,,,,,,,,Vietnam,VN,,no,,979963328,other,,0,0
KH05926,17481055,,,,,,,,,Vietnam,VN,,no,,909164083,other,,0,0
KH05927,17481056,,,,,,,,,Vietnam,VN,,no,,906663006,other,,0,0
KH05928,17481057,,,,,,,,,Vietnam,VN,,no,,914907999,other,,0,0
KH05929,17481058,,,,,,,,,Vietnam,VN,,no,,988649374,other,,0,0
KH05930,17481059,,,,,,,,,Vietnam,VN,,no,,365950586,other,,0,0
KH05931,17481060,,,,,,,,,Vietnam,VN,,no,,379008167,other,,0,0
KH05932,17481061,,,,,,,,,Vietnam,VN,,no,,988340233,other,,0,0
KH05933,17481062,,,,,,,,,Vietnam,VN,,no,,918182799,other,,0,0
KH05934,17481063,,,,,,,,,Vietnam,VN,,no,,989016814,other,,0,0
KH05935,17481064,,,,,,,,,Vietnam,VN,,no,,913917724,other,,0,0
KH05936,17481065,,,,,,,,,Vietnam,VN,,no,,901791483,other,,850000,2
KH05937,17481066,,,,,,,,,Vietnam,VN,,no,,937548434,other,,0,0
KH05938,17481067,,,,,,,,,Vietnam,VN,,no,,903939771,other,,0,0
KH05939,17481068,,,,,,,,,Vietnam,VN,,no,,902700109,other,,0,0
KH05940,17481069,,,,,,,,,Vietnam,VN,,no,,909728808,other,,0,0
KH05941,17481070,,,,,,,,,Vietnam,VN,,no,,945133939,other,,0,0
KH05942,17481071,,,,,,,,,Vietnam,VN,,no,,568814887,other,,0,0
KH05943,17481072,,,,,,,,,Vietnam,VN,,no,,933563415,other,,0,0
KH05944,17481073,,,,,,,,,,,,no,,909150909,female,,0,0
KH05945,17481074,,,,,,,,,Vietnam,VN,,no,,912348478,other,,0,0
KH05946,17481075,,,,,,,,,Vietnam,VN,,no,,944998699,other,,0,0
KH05947,17481076,,,,,,,,,Vietnam,VN,,no,,938397314,female,,0,0
KH05948,17481077,,,,,,,,,Vietnam,VN,,no,,906560056,other,,0,0
KH05949,17481078,,,,,,,,,Vietnam,VN,,no,,907131368,other,,0,0
KH05950,17481079,,,,,,,,,,,,no,,,other,,0,0
KH05951,17481080,,,,,,,,,Vietnam,VN,,no,,945090495,other,,0,0
KH05952,17481081,,,,,,,,,Vietnam,VN,,no,,911061369,other,,0,0
KH05953,17481082,,,,,,,,,Vietnam,VN,,no,,907165489,other,,0,0
KH05954,17481083,,,,,,,,,Vietnam,VN,,no,,937902467,other,,0,0
KH05955,17481084,,,,,,,,,Vietnam,VN,,no,,399366964,female,,0,0
KH05956,17481085,,,,,,,,,Vietnam,VN,,no,,977720763,other,,0,0
KH05957,17481086,,,,,,,,,Vietnam,VN,,no,,902002009,other,,0,0
KH05958,17481087,,,,,,,,,Vietnam,VN,,no,,332838994,other,,0,0
KH05959,17481088,,,,,,,,,Vietnam,VN,,no,,592379487,other,,0,0
KH05960,17481089,,,,,,,,,Vietnam,VN,,no,,907704838,other,,0,0
KH05961,17481090,,,,,,,,,Vietnam,VN,,no,,774718282,other,,0,0
KH05962,17481091,,,,,,,,,,,,no,,981419781,female,,0,0
KH05963,17481092,,,,,,,,,,,,no,,,other,,0,0
KH05964,17481093,,,,,,,,,Vietnam,VN,,no,,932068807,other,,0,0
KH05965,17481094,,,,,,,,,Vietnam,VN,,no,,918666340,other,,0,0
KH05966,17481095,,,,,,,,,Vietnam,VN,,no,,342060493,other,,0,0
KH05967,17481096,,,,,,,,,Vietnam,VN,,no,,989877478,other,,0,0
KH05968,17481097,,,,,,,,,Vietnam,VN,,no,,933521930,other,,0,0
KH05969,17481098,,,,,,,,,Vietnam,VN,,no,,902735088,other,,0,0
KH05970,17481099,,,,,,,,,Vietnam,VN,,no,,343410029,other,,0,0
KH05971,17481100,,,,,,,,,Vietnam,VN,,no,,971402442,other,,0,0
KH05972,17481101,,,,,,,,,Vietnam,VN,,no,,908539863,other,,0,0
KH05973,17481102,,,,,,,,,Vietnam,VN,,no,,902429355,other,,0,0
KH05974,17481103,,,,,,,,,Vietnam,VN,,no,,908230319,other,,0,0
KH05975,17481104,,,,,,,,,Vietnam,VN,,no,,348878408,other,,0,0
KH05976,17481105,,,,,,,,,Vietnam,VN,,no,,898542449,other,,0,0
KH05977,17481106,,,,,,,,,Vietnam,VN,,no,,938917730,other,,0,0
KH05978,17481107,,,,,,,,,Vietnam,VN,,no,,329409709,other,,0,0
KH05979,17481108,,,,,,,,,Vietnam,VN,,no,,938080919,other,,0,0
KH05980,17481109,,,,,,,,,Vietnam,VN,,no,,903332234,other,,0,0
KH05981,17481110,,,,,,,,,Vietnam,VN,,no,,903618825,other,,0,0
KH05982,17481111,,,,,,,,,Vietnam,VN,,no,,988302677,other,,0,0
KH05983,17481112,,,,,,,,,Vietnam,VN,,no,,972201515,other,,0,0
KH05984,17481113,,,,,,,,,Vietnam,VN,,no,,982009098,other,,0,0
KH05985,17481114,,,,,,,,,Vietnam,VN,,no,,909494395,other,,0,0
KH05986,17481115,,,,,,,,,Vietnam,VN,,no,,938274887,other,,0,0
KH05987,17481116,,,,,,,,,Vietnam,VN,,no,,964887293,other,,0,0
KH05988,17481117,,,,,,,,,Vietnam,VN,,no,,941559500,other,,0,0
KH05989,17481118,,,,,,,,,Vietnam,VN,,no,,918547454,other,,0,0
KH05990,17481119,,,,,,,,,Vietnam,VN,,no,,933160292,other,,0,0
KH05991,17481120,,,,,,,,,Vietnam,VN,,no,,938077138,other,,0,0
KH05992,17481121,,,,,,,,,Vietnam,VN,,no,,938950980,other,,0,0
KH05993,17481122,,,,,,,,,Vietnam,VN,,no,,906892778,other,,0,0
KH05994,17481123,,,,,,,,,Vietnam,VN,,no,,904555365,other,,0,0
KH05995,17481124,,,,,,,,,Vietnam,VN,,no,,909459371,other,,0,0
KH05996,17481125,,,,,,,,,Vietnam,VN,,no,,988422522,other,,0,0
KH05997,17481126,,,,,,,,,Vietnam,VN,,no,,909079809,other,,0,0
KH05998,17481127,,,,,,,,,Vietnam,VN,,no,,938889642,other,,0,0
KH05999,17481128,,,,,,,,,Vietnam,VN,,no,,908566070,other,,0,0
KH06000,17481129,,,,,,,,,Vietnam,VN,,no,,937930199,other,,0,0
KH06001,17481130,,,,,,,,,Vietnam,VN,,no,,907744363,other,,0,0
KH06002,17481131,,,,,,,,,Vietnam,VN,,no,,909820204,other,,0,0
KH06003,17481132,,,,,,,,,Vietnam,VN,,no,,902773655,other,,0,0
KH06004,17481133,,,,,,,,,Vietnam,VN,,no,,964397905,other,,0,0
KH06005,17481134,,,,,,,,,Vietnam,VN,,no,,913926337,other,,0,0
KH06006,17481135,,,,,,,,,Vietnam,VN,,no,,918701997,other,,0,0
KH06007,17481136,,,,,,,,,Vietnam,VN,,no,,969974546,other,,0,0
KH06008,17481137,,,,,,,,,Vietnam,VN,,no,,909456459,other,,0,0
KH06009,17481138,,,,,,,,,Vietnam,VN,,no,,938750966,other,,0,0
KH06010,17481139,,,,,,,,,Vietnam,VN,,no,,906879050,other,,0,0
KH06011,17481140,,,,,,,,,Vietnam,VN,,no,,906764324,other,,0,0
KH06012,17481141,,,,,,,,,Vietnam,VN,,no,,978927722,other,,0,0
KH06013,17481142,,,,,,,,,Vietnam,VN,,no,,907340348,other,,0,0
KH06014,17481143,,,,,,,,,Vietnam,VN,,no,,903990812,other,,0,0
KH06015,17481144,,,,,,,,,Vietnam,VN,,no,,938806579,other,,0,0
KH06016,17481145,,,,,,,,,Vietnam,VN,,no,,933702977,other,,0,0
KH06017,17481146,,,,,,,,,Vietnam,VN,,no,,909429280,other,,0,0
KH06018,17481147,,,,,,,,,Vietnam,VN,,no,,916256044,other,,0,0
KH06019,17481148,,,,,,,,,Vietnam,VN,,no,,949894862,other,,0,0
KH06020,17481149,,,,,,,,,Vietnam,VN,,no,,903833008,other,,0,0
KH06021,17481150,,,,,,,,,Vietnam,VN,,no,,378880099,other,,0,0
KH06022,17481151,,,,,,,,,Vietnam,VN,,no,,977060644,other,,0,0
KH06023,17481152,,,,,,,,,Vietnam,VN,,no,,905614771,other,,0,0
KH06024,17481153,,,,,,,,,Vietnam,VN,,no,,909012590,other,,0,0
KH06025,17481154,,,,,,,,,Vietnam,VN,,no,,901497028,other,,0,0
KH06026,17481155,,,,,,,,,Vietnam,VN,,no,,913159069,other,,842700,2
KH06027,17481156,,,,,,,,,Vietnam,VN,,no,,903383908,other,,0,0
KH06028,17481157,,,,,,,,,Vietnam,VN,,no,,919254568,other,,0,0
KH06029,17481158,,,,,,,,,Vietnam,VN,,no,,901555075,other,,0,0
KH06030,17481159,,,,,,,,,Vietnam,VN,,no,,335969195,other,,0,0
KH06031,17481160,,,,,,,,,Vietnam,VN,,no,,961424742,other,,0,0
KH06032,17481161,,,,,,,,,Vietnam,VN,,no,,785565584,other,,0,0
KH06033,17481162,,,,,,,,,Vietnam,VN,,no,,918204657,other,,1500000,1
KH06034,17481163,,,,,,,,,Vietnam,VN,,no,,973586215,other,,0,0
KH06035,17481164,,,,,,,,,Vietnam,VN,,no,,903820204,other,,0,0
KH06036,17481165,,,,,,,,,Vietnam,VN,,no,,905188508,other,,0,0
KH06037,17481166,,,,,,,,,Vietnam,VN,,no,,,other,,2450000,1
KH06038,17481167,,,,,,,,,Vietnam,VN,,no,,913216765,male,,390000,1
KH06039,17481168,,,,,,,,,Vietnam,VN,,no,,,other,,0,0
KH06040,17481169,,,,,,,,,Vietnam,VN,,no,,908395247,other,,630000,1
KH06041,17481170,,,,,,,,,Vietnam,VN,,no,,903817631,other,,0,0
KH06042,17481171,,,,,,,,,Vietnam,VN,,no,,919594647,other,,25901600,21
KH06043,17481172,,,,,,,,,Vietnam,VN,,no,,912931315,other,,0,0
KH06044,17481173,,,,,,,,,Vietnam,VN,,no,,903134384,other,,0,0
KH06045,17481174,,,,,,,,,Vietnam,VN,,no,,903812362,other,,357000,1
KH06046,17481175,,,,,,,,,Vietnam,VN,,no,,903959559,other,,0,0
KH06047,17481176,,,,,,,,,Vietnam,VN,,no,,903740615,other,,0,0
KH06048,17481177,,,,,,,,,Vietnam,VN,,no,,902333433,other,,0,0
KH06049,17481178,,,,,,,,,Vietnam,VN,,no,,938240454,other,,0,0
KH06050,17481179,,,,,,,,,Vietnam,VN,,no,,389579022,other,,0,0
KH06051,17481180,,,,,,,,,Vietnam,VN,,no,,918062755,other,,0,0
KH06052,17481181,,,,,,,,,Vietnam,VN,,no,,918032498,other,,0,0
KH06053,17481182,,,,,,,,,Vietnam,VN,,no,,913704254,other,,0,0
KH06054,17481183,,,,,,,,,Vietnam,VN,,no,,963063564,other,,0,0
KH06055,17481184,,,,,,,,,Vietnam,VN,,no,,795837688,other,,0,0
KH06056,17481185,,,,,,,,,Vietnam,VN,,no,,,other,,0,0
KH06057,17481186,,,,,,,,,Vietnam,VN,,no,,913608756,other,,0,0
KH06058,17481187,,,,,,,,,Vietnam,VN,,no,,918132246,other,,0,0
KH06059,17481188,,,,,,,,,Vietnam,VN,,no,,903739944,other,,0,0
KH06060,17481189,,,,,,,,,Vietnam,VN,,no,,908693969,other,,0,0
KH06061,17481190,,,,,,,,,Vietnam,VN,,no,,908156860,other,,0,0
KH06062,17481191,,,,,,,,,Vietnam,VN,,no,,913210050,other,,2600000,1
KH06063,17481192,,,,,,,,,Vietnam,VN,,no,,908788101,other,,0,0
KH06064,17481193,,,,,,,,,Vietnam,VN,,no,,789817855,other,,0,0
KH06065,17481194,,,,,,,,,Vietnam,VN,,no,,,other,,390000,1
KH06066,17481195,,,,,,,,,,,,no,,,other,,2056000,1
KH06067,17481196,,,,,,,,,Vietnam,VN,,no,,587014693,other,,0,0
KH06068,17481197,,,,,,,,,Vietnam,VN,,no,,932129227,other,,0,0
KH06069,17481198,,,,,,,,,Vietnam,VN,,no,,918400441,other,,2850000,2
KH06070,17481199,,,,,,,,,Vietnam,VN,,no,,908156860,other,,0,0
KH06071,17481200,,,,,,,,,Vietnam,VN,,no,,938079679,female,,0,0
KH06072,17481201,,,,,,,,,Vietnam,VN,,no,,933233372,other,,0,0
KH06073,17481202,,,,,,,,,Vietnam,VN,,no,,938587375,other,,0,0
KH06074,17481203,,,,,,,,,Vietnam,VN,,no,,906093905,female,,0,0
KH06075,17481204,,,,,,,,,Vietnam,VN,,no,,936916968,other,,0,0
KH06076,17481205,,,,,,,,,Vietnam,VN,,no,,2838666786,other,,0,0
KH06077,17481206,,,,,,,,,Vietnam,VN,,no,,,other,,0,0
KH06078,17481207,,,,,,,,,Vietnam,VN,,no,,985625988,other,,0,0
KH06079,17481208,,,,,,,,,Vietnam,VN,,no,,936863114,other,,0,0
KH06080,17481209,,,,,,,,,Vietnam,VN,,no,,924349946,other,,0,0
KH06081,17481210,,,,,,,,,Vietnam,VN,,no,,079 9772744,other,,0,0
KH06082,17481211,,,,,,,,,Vietnam,VN,,no,,937909690,other,,0,0
KH06083,17481212,,,,,,,,,Vietnam,VN,,no,,934122433,other,,0,0
KH06084,17481213,,,,,,,,,Vietnam,VN,,no,,938806449,other,,0,0
KH06085,17481214,,,,,,,,,Vietnam,VN,,no,,901233177,other,,0,0
KH06086,17481215,,,,,,,,,Vietnam,VN,,no,,978222246,other,,0,0
KH06087,17481216,,,,,,,,,Vietnam,VN,,no,,773428701,female,,0,0
KH06088,17481217,,,,,,,,,Vietnam,VN,,no,,903735457,other,,0,0
KH06089,17481218,,,,,,,,,Vietnam,VN,,no,,,other,,0,0
KH06090,17481219,,,,,,,,,Vietnam,VN,,no,,908008087,other,,0,0
KH06091,17481220,,,,,,,,,Vietnam,VN,,no,,903906986,other,,0,0
KH06092,17481221,,,,,,,,,Vietnam,VN,,no,,983312514,other,,0,0
KH06093,17481222,,,,,,,,,Vietnam,VN,,no,,,other,,0,0
KH06094,17481223,,,,,,,,,Vietnam,VN,,no,,932506064,other,,0,0
KH06095,17481224,,,,,,,,,Vietnam,VN,,no,,,other,,0,0
KH06096,17481225,,,,,,,,,Vietnam,VN,,no,,981818019,other,,0,0
KH06097,17481226,,,,,,,,,Vietnam,VN,,no,,968225123,other,,0,0
KH06098,17481227,,,,,,,,,Vietnam,VN,,no,,326669904,other,,0,0
KH06099,17481228,,,,,,,,,Vietnam,VN,,no,,984096357,other,,0,0
KH06100,17481229,,,,,,,,,Vietnam,VN,,no,,902342314,other,,0,0
KH06101,17481230,,,,,,,,,Vietnam,VN,,no,,949734764,other,,0,0
KH06102,17481231,,,,,,,,,Vietnam,VN,,no,,908166505,other,,330000,1
KH06103,17481232,,,,,,,,,Vietnam,VN,,no,,903979711,other,,0,0
KH06104,17481233,,,,,,,,,Vietnam,VN,,no,,933847075,other,,0,0
KH06105,17481234,,,,,,,,,Vietnam,VN,,no,,938230185,other,,0,0
KH06106,17481235,,,,,,,,,Vietnam,VN,,no,,707553819,other,,0,0
KH06107,17481236,,,,,,,,,Vietnam,VN,,no,,937575727,other,,0,0
KH06108,17481237,,,,,,,,,Vietnam,VN,,no,,938193891,other,,0,0
KH06109,17481238,,,,,,,,,,,,no,,902203605,male,,0,0
KH06110,17481239,,,,,,,,,Vietnam,VN,,no,,976569061,other,,0,0
KH06111,17481240,,,,,,,,,Vietnam,VN,,no,,901541388,other,,0,0
KH06112,17481241,,,,,,,,,Vietnam,VN,,no,,973977417,other,,0,0
KH06113,17481242,,,,,,,,,Vietnam,VN,,no,,933318691,other,,0,0
KH06114,17481243,,,,,,,,,Vietnam,VN,,no,,363600887,other,,0,0
KH06115,17481244,,,,,,,,,Vietnam,VN,,no,,776998872,other,,0,0
KH06116,17481245,,,,,,,,,Vietnam,VN,,no,,792197602,other,,0,0
KH06117,17481246,,,,,,,,,Vietnam,VN,,no,,786389938,other,,0,0
KH06118,17481247,,,,,,,,,Vietnam,VN,,no,,937471769,other,,0,0
KH06119,17481248,,,,,,,,,Vietnam,VN,,no,,,other,,0,0
KH06120,17481249,,,,,,,,,Vietnam,VN,,no,,968000008,other,,0,0
KH06121,17481250,,,,,,,,,Vietnam,VN,,no,,776774018,other,,0,0
KH06122,17481251,,,,,,,,,Vietnam,VN,,no,,907240018,other,,0,0
KH06123,17481252,,,,,,,,,Vietnam,VN,,no,,935632298,other,,0,0
KH06124,17481253,,,,,,,,,Vietnam,VN,,no,,903193234,female,,1950000,1
KH06125,17481254,,,,,,,,,Vietnam,VN,,no,,339768941,other,,0,0
KH06126,17481255,,,,,,,,,Vietnam,VN,,no,,983986939,other,,0,0
KH06127,17481256,,,,,,,,,Vietnam,VN,,no,,933306076,other,,0,0
KH06128,17481257,,,,,,,,,Vietnam,VN,,no,,932086324,other,,0,0
KH06129,17481258,,,,,,,,,Vietnam,VN,,no,,904783246,other,,0,0
KH06130,17481259,,,,,,,,,Vietnam,VN,,no,,907087363,other,,0,0
KH06131,17481260,,,,,,,,,Vietnam,VN,,no,,909048175,other,,0,0
KH06132,17481261,,,,,,,,,,,,no,,903737433,male,,3300000,2
KH06133,17481262,,,,,,,,,Vietnam,VN,,no,,939506635,other,,0,0
KH06134,17481263,,,,,,,,,Vietnam,VN,,no,,926748520,other,,0,0
KH06135,17481264,,,,,,,,,Vietnam,VN,,no,,904972090,other,,0,0
KH06136,17481265,,,,,,,,,Vietnam,VN,,no,,908357777,other,,0,0
KH06137,17481266,,,,,,,,,Vietnam,VN,,no,,909636595,other,,0,0
KH06138,17481267,,,,,,,,,Vietnam,VN,,no,,938285917,other,,0,0
KH06139,17481268,,,,,,,,,Vietnam,VN,,no,,938062895,other,,0,0
KH06140,17481269,,,,,,,,,Vietnam,VN,,no,,908104299,other,,3395000,6
KH06141,17481270,,,,,,,,,Vietnam,VN,,no,,909335409,other,,0,0
KH06142,17481271,,,,,,,,,Vietnam,VN,,no,,911681651,male,,0,0
KH06143,17481272,,,,,,,,,,,,no,,966935911,male,,0,0
KH06144,17481273,,,,,,,,,Vietnam,VN,,no,,907907790,other,,0,0
KH06145,17481274,,,,,,,,,Vietnam,VN,,no,,903861766,other,,0,0
KH06146,17481275,,,,,,,,,Vietnam,VN,,no,,937258189,other,,0,0
KH06147,17481276,,,,,,,,,Vietnam,VN,,no,,905124144,other,,0,0
KH06148,17481277,,,,,,,,,Vietnam,VN,,no,,346802881,other,,0,0
KH06149,17481278,,,,,,,,,Vietnam,VN,,no,,946365464,other,,0,0
KH06150,17481279,,,,,,,,,Vietnam,VN,,no,,903153799,other,,0,0
KH06151,17481280,,,,,,,,,Vietnam,VN,,no,,378431719,other,,0,0
KH06152,17481281,,,,,,,,,Vietnam,VN,,no,,937185116,other,,0,0
KH06153,17481282,,,,,,,,,Vietnam,VN,,no,,934036379,other,,0,0
KH06154,17481283,,,,,,,,,Vietnam,VN,,no,,379711867,other,,0,0
KH06155,17481284,,,,,,,,,Vietnam,VN,,no,,367825186,other,,0,0
KH06156,17481285,,,,,,,,,Vietnam,VN,,no,,908303455,male,,0,0
KH06157,17481286,,,,,,,,,Vietnam,VN,,no,,907169080,other,,0,0
KH06158,17481287,,,,,,,,,Vietnam,VN,,no,,987336331,other,,0,0
KH06159,17481288,,,,,,,,,Vietnam,VN,,no,,347229710,other,,0,0
KH06160,17481289,,,,,,,,,Vietnam,VN,,no,,987511881,other,,0,0
KH06161,17481290,,,,,,,,,Vietnam,VN,,no,,903035063,other,,0,0
KH06162,17481291,,,,,,,,,Vietnam,VN,,no,,767366659,other,,0,0
KH06163,17481292,,,,,,,,,Vietnam,VN,,no,,968986266,other,,0,0
KH06164,17481293,,,,,,,,,Vietnam,VN,,no,,984244057,other,,0,0
KH06165,17481294,,,,,,,,,Vietnam,VN,,no,,934727385,other,,0,0
KH06166,17481295,,,,,,,,,Vietnam,VN,,no,,966352926,other,,0,0
KH06167,17481296,,,,,,,,,Vietnam,VN,,no,,937076807,other,,0,0
KH06168,17481297,,,,,,,,,Vietnam,VN,,no,,933033933,other,,1510000,1
KH06169,17481298,,,,,,,,,Vietnam,VN,,no,,908717854,other,,0,0
KH06170,17481299,,,,,,,,,Vietnam,VN,,no,,964103385,other,,0,0
KH06171,17481300,,,,,,,,,Vietnam,VN,,no,,902549688,other,,0,0
KH06172,17481301,,,,,,,,,Vietnam,VN,,no,,906667353,other,,0,0
KH06173,17481302,,,,,,,,,Vietnam,VN,,no,,908553321,other,,0,0
KH06174,17481303,,,,,,,,,Vietnam,VN,,no,,941285713,other,,0,0
KH06175,17481304,,,,,,,,,Vietnam,VN,,no,,931408014,male,,0,0
KH06176,17481305,,,,,,,,,Vietnam,VN,,no,,902883122,other,,0,0
KH06177,17481306,,,,,,,,,Vietnam,VN,,no,,912970052,other,,0,0
KH06178,17481307,,,,,,,,,Vietnam,VN,,no,,969954574,other,,0,0
KH06179,17481308,,,,,,,,,Vietnam,VN,,no,,961403349,other,,550000,1
KH06180,17481309,,,,,,,,,Vietnam,VN,,no,,913737649,other,,0,0
KH06181,17481310,,,,,,,,,Vietnam,VN,,no,,908474315,other,,0,0
KH06182,17481311,,,,,,,,,Vietnam,VN,,no,,353492853,other,,0,0
KH06183,17481312,,,,,,,,,Vietnam,VN,,no,,933006202,other,,0,0
KH06184,17481313,,,,,,,,,Vietnam,VN,,no,,374815713,other,,0,0
KH06185,17481314,,,,,,,,,Vietnam,VN,,no,,983128252,other,,0,0
KH06186,17481315,,,,,,,,,Vietnam,VN,,no,,984023401,other,,0,0
KH06187,17481316,,,,,,,,,Vietnam,VN,,no,,902704333,other,,0,0
KH06188,17481317,,,,,,,,,Vietnam,VN,,no,,902225164,other,,0,0
KH06189,17481318,,,,,,,,,Vietnam,VN,,no,,394906949,other,,0,0
KH06190,17481319,,,,,,,,,Vietnam,VN,,no,,839910286,other,,0,0
KH06191,17481320,,,,,,,,,Vietnam,VN,,no,,833608999,other,,0,0
KH06192,17481321,,,,,,,,,Vietnam,VN,,no,,928095132,other,,0,0
KH06193,17481322,,,,,,,,,Vietnam,VN,,no,,902775566,other,,0,0
KH06194,17481323,,,,,,,,,Vietnam,VN,,no,,584805289,other,,0,0
KH06195,17481324,,,,,,,,,Vietnam,VN,,no,,933133839,other,,0,0
KH06196,17481325,,,,,,,,,,,,no,,903713942,male,,0,0
KH06197,17481326,,,,,,,,,Vietnam,VN,,no,,385447986,other,,0,0
KH06198,17481327,,,,,,,,,Vietnam,VN,,no,,909970443,other,,0,0
KH06199,17481328,,,,,,,,,Vietnam,VN,,no,,768603603,other,,0,0
KH06200,17481329,,,,,,,,,Vietnam,VN,,no,,969333539,other,,0,0
KH06201,17481330,,,,,,,,,Vietnam,VN,,no,,839117730,other,,0,0
KH06202,17481331,,,,,,,,,Vietnam,VN,,no,,933202407,other,,0,0
KH06203,17481332,,,,,,,,,Vietnam,VN,,no,,932570245,other,,0,0
KH06204,17481333,,,,,,,,,Vietnam,VN,,no,,362700595,other,,0,0
KH06205,17481334,,,,,,,,,Vietnam,VN,,no,,938008225,other,,0,0
KH06206,17481335,,,,,,,,,Vietnam,VN,,no,,905366550,other,,0,0
KH06207,17481336,,,,,,,,,Vietnam,VN,,no,,902883977,other,,0,0
KH06208,17481337,,,,,,,,,Vietnam,VN,,no,,355852567,other,,0,0
KH06209,17481338,,,,,,,,,Vietnam,VN,,no,,972702927,other,,0,0
KH06210,17481339,,,,,,,,,Vietnam,VN,,no,,378247755,other,,0,0
KH06211,17481340,,,,,,,,,Vietnam,VN,,no,,818444477,other,,0,0
KH06212,17481341,,,,,,,,,Vietnam,VN,,no,,796162360,other,,0,0
KH06213,17481342,,,,,,,,,Vietnam,VN,,no,,972548068,other,,0,0
KH06214,17481343,,,,,,,,,Vietnam,VN,,no,,949067353,other,,0,0
KH06215,17481344,,,,,,,,,Vietnam,VN,,no,,902916918,male,,0,0
KH06216,17481345,,,,,,,,,Vietnam,VN,,no,,332806871,other,,0,0
KH06217,17481346,,,,,,,,,Vietnam,VN,,no,,906348043,other,,0,0
KH06218,17481347,,,,,,,,,Vietnam,VN,,no,,915852158,other,,0,0
KH06219,17481348,,,,,,,,,Vietnam,VN,,no,,932923392,other,,0,0
KH06220,17481349,,,,,,,,,Vietnam,VN,,no,,907091739,other,,0,0
KH06221,17481350,,,,,,,,,Vietnam,VN,,no,,786294123,other,,0,0
KH06222,17481351,,,,,,,,,Vietnam,VN,,no,,767078780,other,,0,0
KH06223,17481352,,,,,,,,,Vietnam,VN,,no,,819847731,other,,0,0
KH06224,17481353,,,,,,,,,Vietnam,VN,,no,,846448726,other,,0,0
KH06225,17481354,,,,,,,,,Vietnam,VN,,no,,817482279,other,,0,0
KH06226,17481355,,,,,,,,,Vietnam,VN,,no,,906699112,other,,0,0
KH06227,17481356,,,,,,,,,Vietnam,VN,,no,,909646692,other,,0,0
KH06228,17481357,,,,,,,,,Vietnam,VN,,no,,938497399,other,,0,0
KH06229,17481358,,,,,,,,,Vietnam,VN,,no,,903884195,other,,1550000,1
KH06230,17481359,,,,,,,,,Vietnam,VN,,no,,949566999,other,,0,1
KH06231,17481360,,,,,,,,,Vietnam,VN,,no,,906736488,other,,0,0
KH06232,17481361,,,,,,,,,Vietnam,VN,,no,,928644755,other,,0,0
KH06233,17481362,,,,,,,,,Vietnam,VN,,no,,919781791,other,,0,0
KH06234,17481363,,,,,,,,,Vietnam,VN,,no,,932048667,other,,0,0
KH06235,17481364,,,,,,,,,Vietnam,VN,,no,,888930015,other,,0,0
KH06236,17481365,,,,,,,,,Vietnam,VN,,no,,938834994,other,,0,0
KH06237,17481366,,,,,,,,,Vietnam,VN,,no,,582599185,other,,0,0
KH06238,17481367,,,,,,,,,Vietnam,VN,,no,,366857105,other,,0,0
KH06239,17481368,,,,,,,,,Vietnam,VN,,no,,912417999,other,,0,0
KH06240,17481369,,,,,,,,,Vietnam,VN,,no,,902672471,other,,0,0
KH06241,17481370,,,,,,,,,Vietnam,VN,,no,,908822350,other,,0,0
KH06242,17481371,,,,,,,,,Vietnam,VN,,no,,914180618,other,,0,0
KH06243,17481372,,,,,,,,,Vietnam,VN,,no,,931465883,other,,0,0
KH06244,17481373,,,,,,,,,Vietnam,VN,,no,,938086614,other,,0,0
KH06245,17481374,,,,,,,,,Vietnam,VN,,no,,839705705,other,,0,0
KH06246,17481375,,,,,,,,,Vietnam,VN,,no,,902702474,other,,0,0
KH06247,17481376,,,,,,,,,Vietnam,VN,,no,,703895567,other,,0,0
KH06248,17481377,,,,,,,,,,,,no,,,male,,0,0
KH06249,17481378,,,,,,,,,Vietnam,VN,,no,,935154532,other,,0,0
KH06250,17481379,,,,,,,,,Vietnam,VN,,no,,982579544,other,,0,0
KH06251,17481380,,,,,,,,,Vietnam,VN,,no,,909191388,other,,1220000,1
KH06252,17481381,,,,,,,,,Vietnam,VN,,no,,912066694,other,,0,0
KH06253,17481382,,,,,,,,,Vietnam,VN,,no,,393602249,other,,0,0
KH06254,17481383,,,,,,,,,Vietnam,VN,,no,,775678090,other,,0,0
KH06255,17481384,,,,,,,,,Vietnam,VN,,no,,347527017,other,,0,0
KH06256,17481385,,,,,,,,,Vietnam,VN,,no,,938069819,other,,0,0
KH06257,17481386,,,,,,,,,Vietnam,VN,,no,,764054544,other,,2275000,3
KH06258,17481387,,,,,,,,,Vietnam,VN,,no,,779011259,other,,0,0
KH06259,17481388,,,,,,,,,,,,no,,CHỊ TIÊN 0903343346,female,,0,0
KH06260,17481389,,,,,,,,,Vietnam,VN,,no,,901451645,other,,0,0
KH06261,17481390,,,,,,,,,Vietnam,VN,,no,,902409471,other,,0,0
KH06262,17481391,,,,,,,,,Vietnam,VN,,no,,398987227,other,,0,0
KH06263,17481392,,,,,,,,,Vietnam,VN,,no,,856560809,other,,0,0
KH06264,17481393,,,,,,,,,Vietnam,VN,,no,,946636151,other,,800000,1
KH06265,17481394,,,,,,,,,Vietnam,VN,,no,,328656916,other,,0,0
KH06266,17481395,,,,,,,,,Vietnam,VN,,no,,377733697,other,,0,0
KH06267,17481396,,,,,,,,,Vietnam,VN,,no,,972953217,other,,0,0
KH06268,17481397,,,,,,,,,,,,no,,,other,,0,0
KH06269,17481398,,,,,,,,,Vietnam,VN,,no,,902448855,other,,0,0
KH06270,17481399,,,,,,,,,Vietnam,VN,,no,,937073912,other,,0,0
KH06271,17481400,,,,,,,,,Vietnam,VN,,no,,934986968,other,,0,0
KH06272,17481401,,,,,,,,,Vietnam,VN,,no,,904247700,other,,0,0
KH06273,17481402,,,,,,,,,Vietnam,VN,,no,,902956365,other,,0,0
KH06274,17481403,,,,,,,,,Vietnam,VN,,no,,968683333,other,,0,0
KH06275,17481404,,,,,,,,,Vietnam,VN,,no,,905369583,other,,0,0
KH06276,17481405,,,,,,,,,Vietnam,VN,,no,,909254303,other,,0,0
KH06277,17481406,,,,,,,,,Vietnam,VN,,no,,943509438,other,,0,0
KH06278,17481407,,,,,,,,,Vietnam,VN,,no,,822302290,other,,0,0
KH06279,17481408,,,,,,,,,Vietnam,VN,,no,,834040398,other,,0,0
KH06280,17481409,,,,,,,,,Vietnam,VN,,no,,938866127,other,,0,0
KH06281,17481410,,,,,,,,,Vietnam,VN,,no,,987618732,other,,0,0
KH06282,17481411,,,,,,,,,Vietnam,VN,,no,,936099360,other,,0,0
KH06283,17481412,,,,,,,,,Vietnam,VN,,no,,903390247,other,,0,0
KH06284,17481413,,,,,,,,,Vietnam,VN,,no,,346380077,other,,0,0
KH06285,17481414,,,,,,,,,Vietnam,VN,,no,,934190043,other,,0,0
KH06286,17481415,,,,,,,,,Vietnam,VN,,no,,901417459,other,,0,0
KH06287,17481416,,,,,,,,,Vietnam,VN,,no,,985369023,other,,0,0
KH06288,17481417,,,,,,,,,Vietnam,VN,,no,,907943968,other,,0,0
KH06289,17481418,,,,,,,,,Vietnam,VN,,no,,763912874,other,,0,0
KH06290,17481419,,,,,,,,,Vietnam,VN,,no,,778648349,other,,0,0
KH06291,17481420,,,,,,,,,Vietnam,VN,,no,,901083399,other,,0,0
KH06292,17481421,,,,,,,,,Vietnam,VN,,no,,962774729,other,,0,0
KH06293,17481422,,,,,,,,,Vietnam,VN,,no,,366635352,other,,0,0
KH06294,17481423,,,,,,,,,Vietnam,VN,,no,,937459435,other,,0,0
KH06295,17481424,,,,,,,,,Vietnam,VN,,no,,907801888,other,,0,0
KH06296,17481425,,,,,,,,,Vietnam,VN,,no,,398648470,other,,0,0
KH06297,17481426,,,,,,,,,Vietnam,VN,,no,,912943815,other,,0,0
KH06298,17481427,,,,,,,,,Vietnam,VN,,no,,913835283,other,,0,0
KH06299,17481428,,,,,,,,,Vietnam,VN,,no,,986020860,other,,0,0
KH06300,17481429,,,,,,,,,Vietnam,VN,,no,,908200857,other,,0,0
KH06301,17481430,,,,,,,,,Vietnam,VN,,no,,909772409,other,,0,0
KH06302,17481431,,,,,,,,,Vietnam,VN,,no,,982222399,other,,0,0
KH06303,17481432,,,,,,,,,Vietnam,VN,,no,,903778121,other,,0,0
KH06304,17481433,,,,,,,,,Vietnam,VN,,no,,703481858,other,,0,0
KH06305,17481434,,,,,,,,,Vietnam,VN,,no,,774382367,other,,0,0
KH06306,17481435,,,,,,,,,Vietnam,VN,,no,,936083999,other,,16814000,12
KH06307,17481436,,,,,,,,,Vietnam,VN,,no,,983526246,other,,0,0
KH06308,17481437,,,,,,,,,Vietnam,VN,,no,,908668725,other,,0,0
KH06309,17481438,,,,,,,,,,,,no,,909277774,other,,0,0
KH06310,17481439,,,,,,,,,Vietnam,VN,,no,,982708670,other,,0,0
KH06311,17481440,,,,,,,,,Vietnam,VN,,no,,903812866,other,,0,0
KH06312,17481441,,,,,,,,,Vietnam,VN,,no,,905232962,other,,0,0
KH06313,17481442,,,,,,,,,Vietnam,VN,,no,,906572958,other,,0,0
KH06314,17481443,,,,,,,,,Vietnam,VN,,no,,908014412,other,,0,0
KH06315,17481444,,,,,,,,,Vietnam,VN,,no,,902986398,other,,0,0
KH06316,17481445,,,,,,,,,Vietnam,VN,,no,,768069275,other,,0,0
KH06317,17481446,,,,,,,,,Vietnam,VN,,no,,976901222,other,,0,0
KH06318,17481447,,,,,,,,,Vietnam,VN,,no,,937898222,other,,0,0
KH06319,17481448,,,,,,,,,Vietnam,VN,,no,,766666632,other,,0,0
KH06320,17481449,,,,,,,,,Vietnam,VN,,no,,902155912,other,,0,0
KH06321,17481450,,,,,,,,,Vietnam,VN,,no,,763982986,other,,0,0
KH06322,17481451,,,,,,,,,Vietnam,VN,,no,,973585200,other,,0,0
KH06323,17481452,,,,,,,,,Vietnam,VN,,no,,918030326,other,,0,0
KH06324,17481453,,,,,,,,,Vietnam,VN,,no,,983020250,other,,0,0
KH06325,17481454,,,,,,,,,Vietnam,VN,,no,,932585905,other,,0,0
KH06326,17481455,,,,,,,,,Vietnam,VN,,no,,903421973,other,,0,0
KH06327,17481456,,,,,,,,,Vietnam,VN,,no,,918256688,other,,0,0
KH06328,17481457,,,,,,,,,Vietnam,VN,,no,,858925925,other,,0,0
KH06329,17481458,,,,,,,,,Vietnam,VN,,no,,903731828,other,,0,0
KH06330,17481459,,,,,,,,,Vietnam,VN,,no,,927969699,other,,0,0
KH06331,17481460,,,,,,,,,Vietnam,VN,,no,,908218635,other,,0,0
KH06332,17481461,,,,,,,,,Vietnam,VN,,no,,932716713,other,,0,0
KH06333,17481462,,,,,,,,,,,,no,,903838324,male,,0,0
KH06334,17481463,,,,,,,,,Vietnam,VN,,no,,915720439,other,,0,0
KH06335,17481464,,,,,,,,,Vietnam,VN,,no,,903111025,other,,0,0
KH06336,17481465,,,,,,,,,Vietnam,VN,,no,,908532782,other,,0,0
KH06337,17481466,,,,,,,,,Vietnam,VN,,no,,902797133,other,,0,0
KH06338,17481467,,,,,,,,,Vietnam,VN,,no,,913195442,other,,0,0
KH06339,17481468,,,,,,,,,Vietnam,VN,,no,,983126090,other,,0,0
KH06340,17481469,,,,,,,,,Vietnam,VN,,no,,928939868,other,,0,0
KH06341,17481470,,,,,,,,,Vietnam,VN,,no,,792078988,other,,0,0
KH06342,17481471,,,,,,,,,Vietnam,VN,,no,,932684989,other,,0,0
KH06343,17481472,,,,,,,,,Vietnam,VN,,no,,903655402,other,,0,0
KH06344,17481473,,,,,,,,,Vietnam,VN,,no,,977543265,other,,0,0
KH06345,17481474,,,,,,,,,Vietnam,VN,,no,,983323626,other,,0,0
KH06346,17481475,,,,,,,,,Vietnam,VN,,no,,908295188,other,,0,0
KH06347,17481476,,,,,,,,,Vietnam,VN,,no,,972713939,other,,0,0
KH06348,17481477,,,,,,,,,Vietnam,VN,,no,,909722883,other,,0,0
KH06349,17481478,,,,,,,,,Vietnam,VN,,no,,932965588,other,,0,0
KH06350,17481479,,,,,,,,,Vietnam,VN,,no,,967882588,other,,0,0
KH06351,17481480,,,,,,,,,Vietnam,VN,,no,,912139999,other,,0,0
KH06352,17481481,,,,,,,,,Vietnam,VN,,no,,786366234,other,,0,0
KH06353,17481482,,,,,,,,,Vietnam,VN,,no,,902300816,other,,0,0
KH06354,17481483,,,,,,,,,Vietnam,VN,,no,,915554326,other,,0,0
KH06355,17481484,,,,,,,,,Vietnam,VN,,no,,916420539,other,,0,0
KH06356,17481485,,,,,,,,,Vietnam,VN,,no,,912212164,other,,0,0
KH06357,17481486,,,,,,,,,Vietnam,VN,,no,,902881903,other,,0,0
KH06358,17481487,,,,,,,,,Vietnam,VN,,no,,909643222,other,,0,0
KH06359,17481488,,,,,,,,,Vietnam,VN,,no,,905862461,other,,0,0
KH06360,17481489,,,,,,,,,Vietnam,VN,,no,,962666666,other,,0,0
KH06361,17481490,,,,,,,,,Vietnam,VN,,no,,938212316,other,,0,0
KH06362,17481491,,,,,,,,,Vietnam,VN,,no,,902991826,other,,0,0
KH06363,17481492,,,,,,,,,Vietnam,VN,,no,,903239212,other,,0,0
KH06364,17481493,,,,,,,,,Vietnam,VN,,no,,909115525,other,,0,0
KH06365,17481494,,,,,,,,,Vietnam,VN,,no,,903820705,other,,0,0
KH06366,17481495,,,,,,,,,Vietnam,VN,,no,,905824668,other,,0,0
KH06367,17481496,,,,,,,,,Vietnam,VN,,no,,912690883,other,,0,0
KH06368,17481497,,,,,,,,,Vietnam,VN,,no,,902305070,other,,0,0
KH06369,17481498,,,,,,,,,Vietnam,VN,,no,,903870012,other,,0,0
KH06370,17481499,,,,,,,,,Vietnam,VN,,no,,903888882,other,,0,0
KH06371,17481500,,,,,,,,,Vietnam,VN,,no,,937437624,other,,0,0
KH06372,17481501,,,,,,,,,Vietnam,VN,,no,,903928477,other,,0,0
KH06373,17481502,,,,,,,,,Vietnam,VN,,no,,909051512,other,,0,0
KH06374,17481503,,,,,,,,,Vietnam,VN,,no,,908396265,other,,0,0
KH06375,17481504,,,,,,,,,Vietnam,VN,,no,,913712285,other,,0,0
KH06376,17481505,,,,,,,,,Vietnam,VN,,no,,982820201,other,,0,0
KH06377,17481506,,,,,,,,,Vietnam,VN,,no,,908121696,other,,0,0
KH06378,17481507,,,,,,,,,Vietnam,VN,,no,,912291038,other,,0,0
KH06379,17481508,,,,,,,,,Vietnam,VN,,no,,936386228,other,,0,0
KH06380,17481509,,,,,,,,,Vietnam,VN,,no,,987025567,other,,0,0
KH06381,17481510,,,,,,,,,Vietnam,VN,,no,,908709246,other,,0,0
KH06382,17481511,,,,,,,,,Vietnam,VN,,no,,813992707,other,,0,0
KH06383,17481512,,,,,,,,,Vietnam,VN,,no,,972387068,other,,0,0
KH06384,17481513,,,,,,,,,Vietnam,VN,,no,,908268264,other,,0,0
KH06385,17481514,,,,,,,,,Vietnam,VN,,no,,919792022,other,,0,0
KH06386,17481515,,,,,,,,,Vietnam,VN,,no,,378233979,other,,0,0
KH06387,17481516,,,,,,,,,Vietnam,VN,,no,,908403362,other,,0,0
KH06388,17481517,,,,,,,,,Vietnam,VN,,no,,909292289,other,,0,0
KH06389,17481518,,,,,,,,,Vietnam,VN,,no,,906971239,other,,0,0
KH06390,17481519,,,,,,,,,Vietnam,VN,,no,,904752226,other,,0,0
KH06391,17481520,,,,,,,,,,,,no,,908200454,other,,0,0
KH06392,17481521,,,,,,,,,Vietnam,VN,,no,,903007023,other,,0,0
KH06393,17481522,,,,,,,,,Vietnam,VN,,no,,906303922,other,,0,0
KH06394,17481523,,,,,,,,,Vietnam,VN,,no,,983122375,other,,0,0
KH06395,17481524,,,,,,,,,Vietnam,VN,,no,,912353594,other,,0,0
KH06396,17481525,,,,,,,,,Vietnam,VN,,no,,908288699,other,,0,0
KH06397,17481526,,,,,,,,,Vietnam,VN,,no,,906003342,other,,0,0
KH06398,17481527,,,,,,,,,Vietnam,VN,,no,,933003848,other,,0,0
KH06399,17481528,,,,,,,,,Vietnam,VN,,no,,983224088,other,,0,0
KH06400,17481529,,,,,,,,,Vietnam,VN,,no,,906829603,other,,0,0
KH06401,17481530,,,,,,,,,Vietnam,VN,,no,,983230475,other,,0,0
KH06402,17481531,,,,,,,,,Vietnam,VN,,no,,326258635,other,,0,0
KH06403,17481532,,,,,,,,,Vietnam,VN,,no,,928888894,other,,0,0
KH06404,17481533,,,,,,,,,Vietnam,VN,,no,,902809096,other,,0,0
KH06405,17481534,,,,,,,,,Vietnam,VN,,no,,941738106,other,,0,0
KH06406,17481535,,,,,,,,,Vietnam,VN,,no,,394388736,other,,0,0
KH06407,17481536,,,,,,,,,Vietnam,VN,,no,,943574627,other,,0,0
KH06408,17481537,,,,,,,,,Vietnam,VN,,no,,,other,,0,0
KH06409,17481538,,,,,,,,,Vietnam,VN,,no,,984924999,other,,0,0
KH06410,17481539,,,,,,,,,Vietnam,VN,,no,,932411113,other,,0,0
KH06411,17481540,,,,,,,,,Vietnam,VN,,no,,903799789,other,,0,0
KH06412,17481541,,,,,,,,,Vietnam,VN,,no,,989035123,other,,0,0
KH06413,17481542,,,,,,,,,Vietnam,VN,,no,,767105237,other,,0,0
KH06414,17481543,,,,,,,,,Vietnam,VN,,no,,909251291,other,,0,0
KH06415,17481544,,,,,,,,,Vietnam,VN,,no,,938881709,other,,2680000,2
KH06416,17481545,,,,,,,,,Vietnam,VN,,no,,396319813,other,,0,0
KH06417,17481546,,,,,,,,,Vietnam,VN,,no,,905220488,other,,0,0
KH06418,17481547,,,,,,,,,,,,no,,365050139,male,,0,0
KH06419,17481548,,,,,,,,,Vietnam,VN,,no,,906051249,other,,2040000,1
KH06420,17481549,,,,,,,,,Vietnam,VN,,no,,934969564,other,,0,0
KH06421,17481550,,,,,,,,,Vietnam,VN,,no,,962058927,other,,0,0
KH06422,17481551,,,,,,,,,Vietnam,VN,,no,,362222316,other,,0,0
KH06423,17481552,,,,,,,,,Vietnam,VN,,no,,979691634,other,,0,0
KH06424,17481553,,,,,,,,,Vietnam,VN,,no,,934336525,other,,0,0
KH06425,17481554,,,,,,,,,Vietnam,VN,,no,,949720082,other,,0,0
KH06426,17481555,,,,,,,,,Vietnam,VN,,no,,949733573,other,,0,0
KH06427,17481556,,,,,,,,,Vietnam,VN,,no,,,other,,0,0
KH06428,17481557,,,,,,,,,Vietnam,VN,,no,,918042695,other,,0,0
KH06429,17481558,,,,,,,,,Vietnam,VN,,no,,938162822,other,,0,0
KH06430,17481559,,,,,,,,,Vietnam,VN,,no,,909248390,other,,0,0
KH06431,17481560,,,,,,,,,Vietnam,VN,,no,,982329181,other,,0,0
KH06432,17481561,,,,,,,,,Vietnam,VN,,no,,902593888,other,,0,0
KH06433,17481562,,,,,,,,,Vietnam,VN,,no,,913532080,other,,0,0
KH06434,17481563,,,,,,,,,Vietnam,VN,,no,,903041260,other,,0,0
KH06435,17481564,,,,,,,,,Vietnam,VN,,no,,982435678,other,,0,0
KH06436,17481565,,,,,,,,,Vietnam,VN,,no,,911592939,other,,0,0
KH06437,17481566,,,,,,,,,Vietnam,VN,,no,,906767342,other,,0,0
KH06438,17481567,,,,,,,,,Vietnam,VN,,no,,914567228,other,,0,0
KH06439,17481568,,,,,,,,,Vietnam,VN,,no,,908703252,other,,0,0
KH06440,17481569,,,,,,,,,Vietnam,VN,,no,,903976285,other,,0,0
KH06441,17481570,,,,,,,,,Vietnam,VN,,no,,988728888,other,,0,0
KH06442,17481571,,,,,,,,,Vietnam,VN,,no,,902103003,other,,0,0
KH06443,17481572,,,,,,,,,Vietnam,VN,,no,,989002222,other,,0,0
KH06444,17481573,,,,,,,,,Vietnam,VN,,no,,902885520,other,,0,0
KH06445,17481574,,,,,,,,,Vietnam,VN,,no,,978427879,other,,0,0
KH06446,17481575,,,,,,,,,Vietnam,VN,,no,,914469229,other,,0,0
KH06447,17481576,,,,,,,,,Vietnam,VN,,no,,774791243,other,,0,0
KH06448,17481577,,,,,,,,,Vietnam,VN,,no,,2838326080,other,,0,0
KH06449,17481578,,,,,,,,,Vietnam,VN,,no,,907472233,other,,0,0
KH06450,17481579,,,,,,,,,Vietnam,VN,,no,,961288233,other,,0,0
KH06451,17481580,,,,,,,,,Vietnam,VN,,no,,903323888,other,,0,0
KH06452,17481581,,,,,,,,,Vietnam,VN,,no,,908205300,other,,0,0
KH06453,17481582,,,,,,,,,Vietnam,VN,,no,,903882675,other,,0,0
KH06454,17481583,,,,,,,,,Vietnam,VN,,no,,902401353,other,,0,0
KH06455,17481584,,,,,,,,,Vietnam,VN,,no,,857877422,other,,0,0
KH06456,17481585,,,,,,,,,Vietnam,VN,,no,,906932099,other,,0,0
KH06457,17481586,,,,,,,,,Vietnam,VN,,no,,908160261,other,,0,0
KH06458,17481587,,,,,,,,,Vietnam,VN,,no,,903744328,other,,0,0
KH06459,17481588,,,,,,,,,Vietnam,VN,,no,,913732231,other,,0,0
KH06460,17481589,,,,,,,,,Vietnam,VN,,no,,908204846,other,,0,0
KH06461,17481590,,,,,,,,,Vietnam,VN,,no,,939044121,other,,0,0
KH06462,17481591,,,,,,,,,Vietnam,VN,,no,,903662200,other,,0,0
KH06463,17481592,,,,,,,,,Vietnam,VN,,no,,932712123,other,,0,0
KH06464,17481593,,,,,,,,,Vietnam,VN,,no,,903926628,other,,0,0
KH06465,17481594,,,,,,,,,Vietnam,VN,,no,,911412339,other,,0,0
KH06466,17481595,,,,,,,,,Vietnam,VN,,no,,903687728,other,,0,0
KH06467,17481596,,,,,,,,,Vietnam,VN,,no,,916523232,other,,0,0
KH06468,17481597,,,,,,,,,Vietnam,VN,,no,,906234567,other,,0,0
KH06469,17481598,,,,,,,,,Vietnam,VN,,no,,913535125,other,,0,0
KH06470,17481599,,,,,,,,,Vietnam,VN,,no,,927258825,other,,0,0
KH06471,17481600,,,,,,,,,Vietnam,VN,,no,,916312719,other,,0,0
KH06472,17481601,,,,,,,,,Vietnam,VN,,no,,918290108,other,,0,0
KH06473,17481602,,,,,,,,,Vietnam,VN,,no,,905505257,other,,0,0
KH06474,17481603,,,,,,,,,Vietnam,VN,,no,,902327465,other,,0,0
KH06475,17481604,,,,,,,,,Vietnam,VN,,no,,902246568,other,,0,0
KH06476,17481605,,,,,,,,,Vietnam,VN,,no,,902376777,other,,0,0
KH06477,17481606,,,,,,,,,Vietnam,VN,,no,,909222295,other,,0,0
KH06478,17481607,,,,,,,,,Vietnam,VN,,no,,908922903,other,,0,0
KH06479,17481608,,,,,,,,,Vietnam,VN,,no,,907987828,other,,0,0
KH06480,17481609,,,,,,,,,Vietnam,VN,,no,,908652372,other,,0,0
KH06481,17481610,,,,,,,,,Vietnam,VN,,no,,904193172,other,,0,0
KH06482,17481611,,,,,,,,,Vietnam,VN,,no,,911420109,other,,0,0
KH06483,17481612,,,,,,,,,Vietnam,VN,,no,,908043326,other,,0,0
KH06484,17481613,,,,,,,,,Vietnam,VN,,no,,903620762,other,,0,0
KH06485,17481614,,,,,,,,,Vietnam,VN,,no,,904212131,other,,0,0
KH06486,17481615,,,,,,,,,Vietnam,VN,,no,,908261185,other,,0,0
KH06487,17481616,,,,,,,,,Vietnam,VN,,no,,905230185,other,,0,0
KH06488,17481617,,,,,,,,,Vietnam,VN,,no,,942397663,other,,0,0
KH06489,17481618,,,,,,,,,Vietnam,VN,,no,,932716368,other,,0,0
KH06490,17481619,,,,,,,,,Vietnam,VN,,no,,903127984,other,,0,0
KH06491,17481620,,,,,,,,,Vietnam,VN,,no,,907896962,other,,0,0
KH06492,17481621,,,,,,,,,Vietnam,VN,,no,,965101022,other,,0,0
KH06493,17481622,,,,,,,,,Vietnam,VN,,no,,902586920,other,,0,0
KH06494,17481623,,,,,,,,,Vietnam,VN,,no,,981793995,other,,0,0
KH06495,17481624,,,,,,,,,Vietnam,VN,,no,,963347516,other,,0,0
KH06496,17481625,,,,,,,,,Vietnam,VN,,no,,988485792,other,,0,0
KH06497,17481626,,,,,,,,,Vietnam,VN,,no,,903203420,other,,0,0
KH06498,17481627,,,,,,,,,Vietnam,VN,,no,,977662345,other,,0,0
KH06499,17481628,,,,,,,,,Vietnam,VN,,no,,932168213,other,,0,0
KH06500,17481629,,,,,,,,,Vietnam,VN,,no,,906588176,other,,0,0
KH06501,17481630,,,,,,,,,Vietnam,VN,,no,,937699443,other,,0,0
KH06502,17481631,,,,,,,,,Vietnam,VN,,no,,947483037,other,,0,0
KH06503,17481632,,,,,,,,,Vietnam,VN,,no,,906261126,other,,0,0
KH06504,17481633,,,,,,,,,Vietnam,VN,,no,,908110824,other,,0,0
KH06505,17481634,,,,,,,,,Vietnam,VN,,no,,932760545,other,,0,0
KH06506,17481635,,,,,,,,,Vietnam,VN,,no,,913127670,other,,0,0
KH06507,17481636,,,,,,,,,Vietnam,VN,,no,,906614920,other,,0,0
KH06508,17481637,,,,,,,,,Vietnam,VN,,no,,902449805,other,,0,0
KH06509,17481638,,,,,,,,,Vietnam,VN,,no,,938324426,other,,0,0
KH06510,17481639,,,,,,,,,Vietnam,VN,,no,,902073470,other,,0,0
KH06511,17481640,,,,,,,,,Vietnam,VN,,no,,909222315,other,,0,0
KH06512,17481641,,,,,,,,,Vietnam,VN,,no,,908127912,other,,0,0
KH06513,17481642,,,,,,,,,Vietnam,VN,,no,,918277334,other,,0,0
KH06514,17481643,,,,,,,,,Vietnam,VN,,no,,918232859,other,,0,0
KH06515,17481644,,,,,,,,,Vietnam,VN,,no,,913122919,other,,0,0
KH06516,17481645,,,,,,,,,Vietnam,VN,,no,,909562240,other,,0,0
KH06517,17481646,,,,,,,,,Vietnam,VN,,no,,902504246,other,,0,0
KH06518,17481647,,,,,,,,,Vietnam,VN,,no,,399922046,other,,0,0
KH06519,17481648,,,,,,,,,Vietnam,VN,,no,,964316273,other,,0,0
KH06520,17481649,,,,,,,,,Vietnam,VN,,no,,909272793,other,,0,0
KH06521,17481650,,,,,,,,,Vietnam,VN,,no,,946292939,other,,0,0
KH06522,17481651,,,,,,,,,Vietnam,VN,,no,,902630133,other,,0,0
KH06523,17481652,,,,,,,,,Vietnam,VN,,no,,903966262,other,,0,0
KH06524,17481653,,,,,,,,,Vietnam,VN,,no,,903007662,other,,0,0
KH06525,17481654,,,,,,,,,Vietnam,VN,,no,,903386268,other,,0,0
KH06526,17481655,,,,,,,,,Vietnam,VN,,no,,901855285,other,,0,0
KH06527,17481656,,,,,,,,,Vietnam,VN,,no,,982565664,other,,0,0
KH06528,17481657,,,,,,,,,Vietnam,VN,,no,,983282118,other,,0,0
KH06529,17481658,,,,,,,,,Vietnam,VN,,no,,945137272,other,,0,0
KH06530,17481659,,,,,,,,,Vietnam,VN,,no,,902662188,other,,0,0
KH06531,17481660,,,,,,,,,Vietnam,VN,,no,,973010216,other,,0,0
KH06532,17481661,,,,,,,,,Vietnam,VN,,no,,988069128,other,,0,0
KH06533,17481662,,,,,,,,,Vietnam,VN,,no,,907426555,other,,0,0
KH06534,17481663,,,,,,,,,Vietnam,VN,,no,,908248714,other,,0,0
KH06535,17481664,,,,,,,,,Vietnam,VN,,no,,938792931,other,,0,0
KH06536,17481665,,,,,,,,,Vietnam,VN,,no,,389272849,other,,0,0
KH06537,17481666,,,,,,,,,Vietnam,VN,,no,,903802292,other,,0,0
KH06538,17481667,,,,,,,,,Vietnam,VN,,no,,916701279,other,,0,0
KH06539,17481668,,,,,,,,,Vietnam,VN,,no,,983206040,other,,0,0
KH06540,17481669,,,,,,,,,Vietnam,VN,,no,,986273838,other,,0,0
KH06541,17481670,,,,,,,,,Vietnam,VN,,no,,903682555,other,,0,0
KH06542,17481671,,,,,,,,,Vietnam,VN,,no,,923933633,other,,0,0
KH06543,17481672,,,,,,,,,Vietnam,VN,,no,,913529068,other,,0,0
KH06544,17481673,,,,,,,,,Vietnam,VN,,no,,913620607,other,,0,0
KH06545,17481674,,,,,,,,,Vietnam,VN,,no,,901020679,other,,0,0
KH06546,17481675,,,,,,,,,Vietnam,VN,,no,,912321028,other,,0,0
KH06547,17481676,,,,,,,,,Vietnam,VN,,no,,903268169,other,,0,0
KH06548,17481677,,,,,,,,,Vietnam,VN,,no,,913665227,other,,0,0
KH06549,17481678,,,,,,,,,Vietnam,VN,,no,,906562155,other,,0,0
KH06550,17481679,,,,,,,,,Vietnam,VN,,no,,908463642,other,,0,0
KH06551,17481680,,,,,,,,,Vietnam,VN,,no,,975505252,other,,0,0
KH06552,17481681,,,,,,,,,Vietnam,VN,,no,,908372329,other,,0,0
KH06553,17481682,,,,,,,,,Vietnam,VN,,no,,348477622,other,,0,0
KH06554,17481683,,,,,,,,,Vietnam,VN,,no,,918091925,other,,0,0
KH06555,17481684,,,,,,,,,Vietnam,VN,,no,,986597265,other,,0,0
KH06556,17481685,,,,,,,,,Vietnam,VN,,no,,985825511,other,,0,0
KH06557,17481686,,,,,,,,,Vietnam,VN,,no,,972556879,other,,0,0
KH06558,17481687,,,,,,,,,Vietnam,VN,,no,,933325588,other,,0,0
KH06559,17481688,,,,,,,,,Vietnam,VN,,no,,903757277,other,,0,0
KH06560,17481689,,,,,,,,,Vietnam,VN,,no,,903357277,other,,0,0
KH06561,17481690,,,,,,,,,Vietnam,VN,,no,,903957172,other,,0,0
KH06562,17481691,,,,,,,,,Vietnam,VN,,no,,908231190,other,,940000,1
KH06563,17481692,,,,,,,,,Vietnam,VN,,no,,983792119,other,,0,0
KH06564,17481693,,,,,,,,,Vietnam,VN,,no,,913508432,other,,0,0
KH06565,17481694,,,,,,,,,Vietnam,VN,,no,,932129188,other,,0,0
KH06566,17481695,,,,,,,,,Vietnam,VN,,no,,903820456,other,,0,0
KH06567,17481696,,,,,,,,,Vietnam,VN,,no,,905932075,other,,0,0
KH06568,17481697,,,,,,,,,Vietnam,VN,,no,,777772282,other,,0,0
KH06569,17481698,,,,,,,,,Vietnam,VN,,no,,903902787,other,,0,0
KH06570,17481699,,,,,,,,,Vietnam,VN,,no,,903392452,other,,0,0
KH06571,17481700,,,,,,,,,Vietnam,VN,,no,,908169255,other,,0,0
KH06572,17481701,,,,,,,,,Vietnam,VN,,no,,906432098,other,,0,0
KH06573,17481702,,,,,,,,,Vietnam,VN,,no,,983004724,other,,0,0
KH06574,17481703,,,,,,,,,Vietnam,VN,,no,,909242392,other,,0,0
KH06575,17481704,,,,,,,,,Vietnam,VN,,no,,906278572,other,,0,0
KH06576,17481705,,,,,,,,,Vietnam,VN,,no,,908151972,other,,0,0
KH06577,17481706,,,,,,,,,Vietnam,VN,,no,,916721218,other,,0,0
KH06578,17481707,,,,,,,,,Vietnam,VN,,no,,796298883,other,,0,0
KH06579,17481708,,,,,,,,,Vietnam,VN,,no,,983222292,other,,0,0
KH06580,17481709,,,,,,,,,Vietnam,VN,,no,,913992120,other,,0,0
KH06581,17481710,,,,,,,,,Vietnam,VN,,no,,985078247,other,,0,0
KH06582,17481711,,,,,,,,,Vietnam,VN,,no,,903329944,other,,0,0
KH06583,17481712,,,,,,,,,Vietnam,VN,,no,,903052007,other,,0,0
KH06584,17481713,,,,,,,,,Vietnam,VN,,no,,989511102,other,,0,0
KH06585,17481714,,,,,,,,,Vietnam,VN,,no,,332067026,other,,0,0
KH06586,17481715,,,,,,,,,Vietnam,VN,,no,,902930609,other,,0,0
KH06587,17481716,,,,,,,,,Vietnam,VN,,no,,909642360,other,,0,0
KH06588,17481717,,,,,,,,,Vietnam,VN,,no,,837428824,other,,0,0
KH06589,17481718,,,,,,,,,Vietnam,VN,,no,,903882808,other,,0,0
KH06590,17481719,,,,,,,,,Vietnam,VN,,no,,913326101,other,,0,0
KH06591,17481720,,,,,,,,,Vietnam,VN,,no,,909824703,other,,0,0
KH06592,17481721,,,,,,,,,Vietnam,VN,,no,,905216161,other,,0,0
KH06593,17481722,,,,,,,,,Vietnam,VN,,no,,902585212,other,,0,0
KH06594,17481723,,,,,,,,,Vietnam,VN,,no,,903806285,other,,0,0
KH06595,17481724,,,,,,,,,Vietnam,VN,,no,,908297442,other,,0,0
KH06596,17481725,,,,,,,,,Vietnam,VN,,no,,932700984,other,,0,0
KH06597,17481726,,,,,,,,,Vietnam,VN,,no,,908228244,other,,0,0
KH06598,17481727,,,,,,,,,Vietnam,VN,,no,,939208787,other,,0,0
KH06599,17481728,,,,,,,,,Vietnam,VN,,no,,906208365,other,,0,0
KH06600,17481729,,,,,,,,,Vietnam,VN,,no,,936240285,other,,0,0
KH06601,17481730,,,,,,,,,Vietnam,VN,,no,,913924881,other,,0,0
KH06602,17481731,,,,,,,,,Vietnam,VN,,no,,903621724,other,,0,0
KH06603,17481732,,,,,,,,,Vietnam,VN,,no,,909039592,other,,0,0
KH06604,17481733,,,,,,,,,Vietnam,VN,,no,,907312313,other,,0,0
KH06605,17481734,,,,,,,,,Vietnam,VN,,no,,916162820,other,,0,0
KH06606,17481735,,,,,,,,,Vietnam,VN,,no,,909931862,other,,0,0
KH06607,17481736,,,,,,,,,Vietnam,VN,,no,,903855210,other,,0,0
KH06608,17481737,,,,,,,,,Vietnam,VN,,no,,932200887,other,,0,0
KH06609,17481738,,,,,,,,,Vietnam,VN,,no,,932766515,other,,0,0
KH06610,17481739,,,,,,,,,Vietnam,VN,,no,,908362588,other,,0,0
KH06611,17481740,,,,,,,,,Vietnam,VN,,no,,902899572,other,,0,0
KH06612,17481741,,,,,,,,,Vietnam,VN,,no,,778805248,other,,0,0
KH06613,17481742,,,,,,,,,Vietnam,VN,,no,,903707242,other,,0,0
KH06614,17481743,,,,,,,,,Vietnam,VN,,no,,983422979,other,,0,0
KH06615,17481744,,,,,,,,,Vietnam,VN,,no,,917337290,other,,0,0
KH06616,17481745,,,,,,,,,Vietnam,VN,,no,,909887276,other,,0,0
KH06617,17481746,,,,,,,,,Vietnam,VN,,no,,908476532,other,,0,0
KH06618,17481747,,,,,,,,,Vietnam,VN,,no,,794923486,other,,0,0
KH06619,17481748,,,,,,,,,Vietnam,VN,,no,,903783232,other,,0,0
KH06620,17481749,,,,,,,,,Vietnam,VN,,no,,932678747,other,,0,0
KH06621,17481750,,,,,,,,,Vietnam,VN,,no,,914666929,other,,0,0
KH06622,17481751,,,,,,,,,Vietnam,VN,,no,,908222648,other,,0,0
KH06623,17481752,,,,,,,,,Vietnam,VN,,no,,906569020,other,,0,0
KH06624,17481753,,,,,,,,,Vietnam,VN,,no,,766192804,other,,0,0
KH06625,17481754,,,,,,,,,Vietnam,VN,,no,,905297072,other,,0,0
KH06626,17481755,,,,,,,,,Vietnam,VN,,no,,838225678,other,,0,0
KH06627,17481756,,,,,,,,,Vietnam,VN,,no,,918073281,other,,0,0
KH06628,17481757,,,,,,,,,Vietnam,VN,,no,,772922269,other,,0,0
KH06629,17481758,,,,,,,,,Vietnam,VN,,no,,792975124,other,,0,0
KH06630,17481759,,,,,,,,,Vietnam,VN,,no,,909974220,other,,0,0
KH06631,17481760,,,,,,,,,Vietnam,VN,,no,,913926628,other,,0,0
KH06632,17481761,,,,,,,,,Vietnam,VN,,no,,902544331,other,,0,0
KH06633,17481762,,,,,,,,,Vietnam,VN,,no,,902461087,other,,0,0
KH06634,17481763,,,,,,,,,Vietnam,VN,,no,,973862602,other,,0,0
KH06635,17481764,,,,,,,,,Vietnam,VN,,no,,838239269,other,,0,0
KH06636,17481765,,,,,,,,,Vietnam,VN,,no,,978102785,other,,0,0
KH06637,17481766,,,,,,,,,Vietnam,VN,,no,,783832703,other,,0,0
KH06638,17481767,,,,,,,,,Vietnam,VN,,no,,906932503,other,,0,0
KH06639,17481768,,,,,,,,,Vietnam,VN,,no,,918018202,male,,0,0
KH06640,17481769,,,,,,,,,Vietnam,VN,,no,,908882052,other,,0,0
KH06641,17481770,,,,,,,,,Vietnam,VN,,no,,775413231,other,,0,0
KH06642,17481771,,,,,,,,,Vietnam,VN,,no,,902690999,other,,0,0
KH06643,17481772,,,,,,,,,Vietnam,VN,,no,,987772020,other,,0,0
KH06644,17481773,,,,,,,,,Vietnam,VN,,no,,907137249,other,,0,0
KH06645,17481774,,,,,,,,,Vietnam,VN,,no,,982582239,other,,0,0
KH06646,17481775,,,,,,,,,Vietnam,VN,,no,,943844129,other,,0,0
KH06647,17481776,,,,,,,,,Vietnam,VN,,no,,902492337,other,,0,0
KH06648,17481777,,,,,,,,,Vietnam,VN,,no,,908253308,other,,0,0
KH06649,17481778,,,,,,,,,Vietnam,VN,,no,,934828839,other,,0,0
KH06650,17481779,,,,,,,,,Vietnam,VN,,no,,909029200,other,,0,0
KH06651,17481780,,,,,,,,,Vietnam,VN,,no,,902592459,other,,0,0
KH06652,17481781,,,,,,,,,Vietnam,VN,,no,,909248450,other,,0,0
KH06653,17481782,,,,,,,,,Vietnam,VN,,no,,982609111,other,,0,0
KH06654,17481783,,,,,,,,,Vietnam,VN,,no,,913623135,other,,0,0
KH06655,17481784,,,,,,,,,Vietnam,VN,,no,,989219035,other,,0,0
KH06656,17481785,,,,,,,,,Vietnam,VN,,no,,903702150,other,,0,0
KH06657,17481786,,,,,,,,,Vietnam,VN,,no,,915505052,other,,0,0
KH06658,17481787,,,,,,,,,Vietnam,VN,,no,,963807392,other,,0,0
KH06659,17481788,,,,,,,,,Vietnam,VN,,no,,972627945,other,,0,0
KH06660,17481789,,,,,,,,,Vietnam,VN,,no,,903623429,other,,0,0
KH06661,17481790,,,,,,,,,,,,no,,907624764,male,,0,0
KH06662,17481791,,,,,,,,,Vietnam,VN,,no,,903127090,other,,0,0
KH06663,17481792,,,,,,,,,Vietnam,VN,,no,,938326898,other,,0,0
KH06664,17481793,,,,,,,,,Vietnam,VN,,no,,905163428,other,,0,0
KH06665,17481794,,,,,,,,,Vietnam,VN,,no,,906974425,other,,0,0
KH06666,17481795,,,,,,,,,Vietnam,VN,,no,,945501230,other,,0,0
KH06667,17481796,,,,,,,,,Vietnam,VN,,no,,903325032,other,,0,0
KH06668,17481797,,,,,,,,,Vietnam,VN,,no,,932122599,other,,0,0
KH06669,17481798,,,,,,,,,Vietnam,VN,,no,,972920200,other,,0,0
KH06670,17481799,,,,,,,,,Vietnam,VN,,no,,902370588,other,,0,0
KH06671,17481800,,,,,,,,,Vietnam,VN,,no,,772978187,other,,0,0
KH06672,17481801,,,,,,,,,Vietnam,VN,,no,,902518324,other,,0,0
KH06673,17481802,,,,,,,,,Vietnam,VN,,no,,903419297,other,,0,0
KH06674,17481803,,,,,,,,,Vietnam,VN,,no,,962246096,other,,0,0
KH06675,17481804,,,,,,,,,Vietnam,VN,,no,,933468260,other,,0,0
KH06676,17481805,,,,,,,,,Vietnam,VN,,no,,938002273,other,,0,0
KH06677,17481806,,,,,,,,,Vietnam,VN,,no,,902132027,other,,0,0
KH06678,17481807,,,,,,,,,Vietnam,VN,,no,,902250995,other,,0,0
KH06679,17481808,,,,,,,,,Vietnam,VN,,no,,997401521,other,,0,0
KH06680,17481809,,,,,,,,,Vietnam,VN,,no,,932364963,other,,0,0
KH06681,17481810,,,,,,,,,Vietnam,VN,,no,,904695628,other,,0,0
KH06682,17481811,,,,,,,,,Vietnam,VN,,no,,903641029,other,,0,0
KH06683,17481812,,,,,,,,,Vietnam,VN,,no,,906092626,other,,0,0
KH06684,17481813,,,,,,,,,Vietnam,VN,,no,,902577337,other,,0,0
KH06685,17481814,,,,,,,,,Vietnam,VN,,no,,903352595,other,,0,0
KH06686,17481815,,,,,,,,,Vietnam,VN,,no,,935562678,other,,0,0
KH06687,17481816,,,,,,,,,Vietnam,VN,,no,,936352701,other,,0,0
KH06688,17481817,,,,,,,,,Vietnam,VN,,no,,982324251,other,,0,0
KH06689,17481818,,,,,,,,,Vietnam,VN,,no,,903863206,other,,0,0
KH06690,17481819,,,,,,,,,Vietnam,VN,,no,,906092800,other,,0,0
KH06691,17481820,,,,,,,,,Vietnam,VN,,no,,909752139,other,,0,0
KH06692,17481821,,,,,,,,,Vietnam,VN,,no,,852998603,other,,0,0
KH06693,17481822,,,,,,,,,Vietnam,VN,,no,,903005829,other,,0,0
KH06694,17481823,,,,,,,,,Vietnam,VN,,no,,913925552,other,,0,0
KH06695,17481824,,,,,,,,,Vietnam,VN,,no,,908722072,other,,0,0
KH06696,17481825,,,,,,,,,Vietnam,VN,,no,,767584592,other,,0,0
KH06697,17481826,,,,,,,,,Vietnam,VN,,no,,905234467,other,,0,0
KH06698,17481827,,,,,,,,,Vietnam,VN,,no,,987274756,other,,0,0
KH06699,17481828,,,,,,,,,Vietnam,VN,,no,,912183073,other,,0,0
KH06700,17481829,,,,,,,,,Vietnam,VN,,no,,989269985,other,,0,0
KH06701,17481830,,,,,,,,,Vietnam,VN,,no,,917125115,other,,0,0
KH06702,17481831,,,,,,,,,Vietnam,VN,,no,,908233868,other,,0,0
KH06703,17481832,,,,,,,,,Vietnam,VN,,no,,903902268,other,,0,0
KH06704,17481833,,,,,,,,,Vietnam,VN,,no,,775299229,other,,0,0
KH06705,17481834,,,,,,,,,Vietnam,VN,,no,,932654468,other,,0,0
KH06706,17481835,,,,,,,,,Vietnam,VN,,no,,834538302,other,,0,0
KH06707,17481836,,,,,,,,,Vietnam,VN,,no,,902404638,other,,0,0
KH06708,17481837,,,,,,,,,Vietnam,VN,,no,,823113113,other,,0,0
KH06709,17481838,,,,,,,,,Vietnam,VN,,no,,963120020,other,,0,0
KH06710,17481839,,,,,,,,,Vietnam,VN,,no,,908299011,other,,0,0
KH06711,17481840,,,,,,,,,Vietnam,VN,,no,,903388328,other,,0,0
KH06712,17481841,,,,,,,,,,,,no,,919602233,female,,0,0
KH06713,17481842,,,,,,,,,Vietnam,VN,,no,,908238727,female,,0,0
KH06714,17481843,,,,,,,,,Vietnam,VN,,no,,908824507,other,,0,0
KH06715,17481844,,,,,,,,,Vietnam,VN,,no,,933152719,other,,0,0
KH06716,17481845,,,,,,,,,Vietnam,VN,,no,,932333377,other,,0,0
KH06717,17481846,,,,,,,,,Vietnam,VN,,no,,942892872,other,,0,0
KH06718,17481847,,,,,,,,,Vietnam,VN,,no,,945165268,other,,0,0
KH06719,17481848,,,,,,,,,Vietnam,VN,,no,,913765382,other,,0,0
KH06720,17481849,,,,,,,,,Vietnam,VN,,no,,908192992,other,,0,0
KH06721,17481850,,,,,,,,,Vietnam,VN,,no,,902424292,other,,0,0
KH06722,17481851,,,,,,,,,Vietnam,VN,,no,,907167662,other,,0,0
KH06723,17481852,,,,,,,,,Vietnam,VN,,no,,936725577,other,,0,0
KH06724,17481853,,,,,,,,,Vietnam,VN,,no,,908027273,other,,0,0
KH06725,17481854,,,,,,,,,Vietnam,VN,,no,,772433695,other,,0,0
KH06726,17481855,,,,,,,,,Vietnam,VN,,no,,908687992,other,,0,0
KH06727,17481856,,,,,,,,,Vietnam,VN,,no,,909029179,other,,0,0
KH06728,17481857,,,,,,,,,Vietnam,VN,,no,,933028838,other,,0,0
KH06729,17481858,,,,,,,,,Vietnam,VN,,no,,918131217,other,,0,0
KH06730,17481859,,,,,,,,,Vietnam,VN,,no,,707273198,other,,0,0
KH06731,17481860,,,,,,,,,Vietnam,VN,,no,,934842727,other,,0,0
KH06732,17481861,,,,,,,,,Vietnam,VN,,no,,975932707,other,,0,0
KH06733,17481862,,,,,,,,,Vietnam,VN,,no,,908062407,other,,0,0
KH06734,17481863,,,,,,,,,Vietnam,VN,,no,,906312609,other,,0,0
KH06735,17481864,,,,,,,,,Vietnam,VN,,no,,909902054,other,,0,0
KH06736,17481865,,,,,,,,,Vietnam,VN,,no,,918218874,other,,0,0
KH06737,17481866,,,,,,,,,Vietnam,VN,,no,,348123148,other,,0,0
KH06738,17481867,,,,,,,,,Vietnam,VN,,no,,903722296,other,,0,0
KH06739,17481868,,,,,,,,,Vietnam,VN,,no,,909442729,other,,0,0
KH06740,17481869,,,,,,,,,Vietnam,VN,,no,,903038255,other,,0,0
KH06741,17481870,,,,,,,,,Vietnam,VN,,no,,932337234,other,,0,0
KH06742,17481871,,,,,,,,,Vietnam,VN,,no,,903606215,other,,0,0
KH06743,17481872,,,,,,,,,Vietnam,VN,,no,,768602604,other,,0,0
KH06744,17481873,,,,,,,,,Vietnam,VN,,no,,946244978,other,,0,0
KH06745,17481874,,,,,,,,,Vietnam,VN,,no,,917381542,other,,0,0
KH06746,17481875,,,,,,,,,Vietnam,VN,,no,,986945912,other,,0,0
KH06747,17481876,,,,,,,,,Vietnam,VN,,no,,913923541,other,,0,0
KH06748,17481877,,,,,,,,,Vietnam,VN,,no,,902982910,other,,0,0
KH06749,17481878,,,,,,,,,Vietnam,VN,,no,,908932646,other,,0,0
KH06750,17481879,,,,,,,,,Vietnam,VN,,no,,916267788,other,,0,0
KH06751,17481880,,,,,,,,,Vietnam,VN,,no,,937350126,other,,0,0
KH06752,17481881,,,,,,,,,Vietnam,VN,,no,,918451425,other,,1800000,1
KH06753,17481882,,,,,,,,,Vietnam,VN,,no,,909180282,other,,0,0
KH06754,17481883,,,,,,,,,Vietnam,VN,,no,,907521696,other,,0,0
KH06755,17481884,,,,,,,,,Vietnam,VN,,no,,908143721,other,,0,0
KH06756,17481885,,,,,,,,,Vietnam,VN,,no,,913812622,other,,0,0
KH06757,17481886,,,,,,,,,Vietnam,VN,,no,,983632220,other,,0,0
KH06758,17481887,,,,,,,,,Vietnam,VN,,no,,903723565,other,,0,0
KH06759,17481888,,,,,,,,,Vietnam,VN,,no,,913914532,other,,0,0
KH06760,17481889,,,,,,,,,Vietnam,VN,,no,,903921378,other,,0,0
KH06761,17481890,,,,,,,,,Vietnam,VN,,no,,906999682,other,,0,0
KH06762,17481891,,,,,,,,,Vietnam,VN,,no,,932709968,other,,0,0
KH06763,17481892,,,,,,,,,Vietnam,VN,,no,,933211423,other,,0,0
KH06764,17481893,,,,,,,,,Vietnam,VN,,no,,909828634,other,,0,0
KH06765,17481894,,,,,,,,,Vietnam,VN,,no,,908786942,other,,0,0
KH06766,17481895,,,,,,,,,Vietnam,VN,,no,,989028373,other,,0,0
KH06767,17481896,,,,,,,,,Vietnam,VN,,no,,915424833,other,,0,0
KH06768,17481897,,,,,,,,,Vietnam,VN,,no,,938800592,other,,0,0
KH06769,17481898,,,,,,,,,Vietnam,VN,,no,,938820710,other,,0,0
KH06770,17481899,,,,,,,,,Vietnam,VN,,no,,932165000,other,,0,0
KH06771,17481900,,,,,,,,,Vietnam,VN,,no,,905474234,other,,0,0
KH06772,17481901,,,,,,,,,Vietnam,VN,,no,,937693020,other,,0,0
KH06773,17481902,,,,,,,,,Vietnam,VN,,no,,937878268,other,,0,0
KH06774,17481903,,,,,,,,,Vietnam,VN,,no,,708778122,other,,0,0
KH06775,17481904,,,,,,,,,Vietnam,VN,,no,,788863223,other,,0,0
KH06776,17481905,,,,,,,,,Vietnam,VN,,no,,932740660,other,,0,0
KH06777,17481906,,,,,,,,,Vietnam,VN,,no,,933626866,other,,0,0
KH06778,17481907,,,,,,,,,Vietnam,VN,,no,,934131289,other,,0,0
KH06779,17481908,,,,,,,,,Vietnam,VN,,no,,985832919,other,,0,0
KH06780,17481909,,,,,,,,,Vietnam,VN,,no,,902868992,other,,0,0
KH06781,17481910,,,,,,,,,Vietnam,VN,,no,,938829388,other,,0,0
KH06782,17481911,,,,,,,,,Vietnam,VN,,no,,838219266,other,,0,0
KH06783,17481912,,,,,,,,,Vietnam,VN,,no,,938201200,other,,0,0
KH06784,17481913,,,,,,,,,Vietnam,VN,,no,,918496512,other,,0,0
KH06785,17481914,,,,,,,,,Vietnam,VN,,no,,909023083,other,,0,0
KH06786,17481915,,,,,,,,,Vietnam,VN,,no,,938521046,other,,0,0
KH06787,17481916,,,,,,,,,Vietnam,VN,,no,,902215522,other,,0,0
KH06788,17481917,,,,,,,,,Vietnam,VN,,no,,902995223,other,,0,0
KH06789,17481918,,,,,,,,,Vietnam,VN,,no,,908902245,other,,0,0
KH06790,17481919,,,,,,,,,Vietnam,VN,,no,,938320285,other,,0,0
KH06791,17481920,,,,,,,,,Vietnam,VN,,no,,988888273,other,,0,0
KH06792,17481921,,,,,,,,,Vietnam,VN,,no,,987321416,other,,0,0
KH06793,17481922,,,,,,,,,Vietnam,VN,,no,,985244701,other,,0,0
KH06794,17481923,,,,,,,,,Vietnam,VN,,no,,935822377,other,,0,0
KH06795,17481924,,,,,,,,,Vietnam,VN,,no,,927388899,other,,0,0
KH06796,17481925,,,,,,,,,,,,no,,904247700,female,,3346000,2
KH06797,17481926,,,,,,,,,Vietnam,VN,,no,,916691920,other,,0,0
KH06798,17481927,,,,,,,,,Vietnam,VN,,no,,986230755,other,,0,0
KH06799,17481928,,,,,,,,,Vietnam,VN,,no,,913222092,other,,0,0
KH06800,17481929,,,,,,,,,Vietnam,VN,,no,,907326689,other,,0,0
KH06801,17481930,,,,,,,,,Vietnam,VN,,no,,902790955,other,,0,0
KH06802,17481931,,,,,,,,,Vietnam,VN,,no,,913692652,other,,0,0
KH06803,17481932,,,,,,,,,Vietnam,VN,,no,,985130251,other,,0,0
KH06804,17481933,,,,,,,,,Vietnam,VN,,no,,903470712,other,,0,0
KH06805,17481934,,,,,,,,,Vietnam,VN,,no,,909722194,other,,0,0
KH06806,17481935,,TP Hồ Chí Minh,TP Hồ Chí Minh,2.0,Quận 4,33.0,Phường 5,9402.0,Vietnam,VN,,no,sapo_social,908552579,female,,65200000,2
KH06807,17481936,,,,,,,,,Vietnam,VN,,no,,902997588,other,,0,0
KH06808,17481937,,,,,,,,,Vietnam,VN,,no,,902189009,other,,0,0
KH06809,17481938,,,,,,,,,Vietnam,VN,,no,,902721180,other,,0,0
KH06810,17481939,,,,,,,,,Vietnam,VN,,no,,919839129,other,,0,0
KH06811,17481940,,,,,,,,,Vietnam,VN,,no,,909462859,other,,0,0
KH06812,17481941,,,,,,,,,Vietnam,VN,,no,,906886248,other,,0,0
KH06813,17481942,,,,,,,,,Vietnam,VN,,no,,918212660,other,,0,0
KH06814,17481943,,,,,,,,,Vietnam,VN,,no,,918182779,other,,0,0
KH06815,17481944,,,,,,,,,Vietnam,VN,,no,,938821989,other,,0,0
KH06816,17481945,,,,,,,,,Vietnam,VN,,no,,934142010,other,,0,0
KH06817,17481946,,,,,,,,,Vietnam,VN,,no,,937982325,other,,0,0
KH06818,17481947,,,,,,,,,Vietnam,VN,,no,,976632797,other,,0,0
KH06819,17481948,,,,,,,,,Vietnam,VN,,no,,963870023,other,,0,0
KH06820,17481949,,,,,,,,,Vietnam,VN,,no,,985970532,other,,0,0
KH06821,17481950,,,,,,,,,,,,no,,936439632,female,,0,0
KH06822,17481951,,,,,,,,,Vietnam,VN,,no,,918646227,other,,0,0
KH06823,17481952,,,,,,,,,Vietnam,VN,,no,,938208578,other,,0,0
KH06824,17481953,,,,,,,,,Vietnam,VN,,no,,982030504,other,,0,0
KH06825,17481954,,,,,,,,,Vietnam,VN,,no,,901822703,other,,0,0
KH06826,17481955,,,,,,,,,Vietnam,VN,,no,,908048218,other,,0,0
KH06827,17481956,,,,,,,,,Vietnam,VN,,no,,902444135,other,,0,0
KH06828,17481957,,,,,,,,,Vietnam,VN,,no,,903725257,other,,0,0
KH06829,17481958,,,,,,,,,Vietnam,VN,,no,,903729965,other,,0,0
KH06830,17481959,,,,,,,,,Vietnam,VN,,no,,903321091,other,,0,0
KH06831,17481960,,,,,,,,,Vietnam,VN,,no,,908523462,other,,0,0
KH06832,17481961,,,,,,,,,Vietnam,VN,,no,,983212045,other,,0,0
KH06833,17481962,,,,,,,,,Vietnam,VN,,no,,765688927,other,,0,0
KH06834,17481963,,,,,,,,,Vietnam,VN,,no,,948266888,other,,0,0
KH06835,17481964,,,,,,,,,Vietnam,VN,,no,,903725138,other,,0,0
KH06836,17481965,,,,,,,,,Vietnam,VN,,no,,936842843,other,,0,0
KH06837,17481966,,,,,,,,,Vietnam,VN,,no,,932386138,other,,0,0
KH06838,17481967,,,,,,,,,Vietnam,VN,,no,,838002501,other,,0,0
KH06839,17481968,,,,,,,,,Vietnam,VN,,no,,901323819,other,,0,0
KH06840,17481969,,,,,,,,,Vietnam,VN,,no,,792712435,other,,0,0
KH06841,17481970,,,,,,,,,Vietnam,VN,,no,,984940062,other,,0,0
KH06842,17481971,,,,,,,,,Vietnam,VN,,no,,938976622,other,,0,0
KH06843,17481972,,,,,,,,,Vietnam,VN,,no,,908218210,other,,0,0
KH06844,17481973,,,,,,,,,Vietnam,VN,,no,,902156561,other,,0,0
KH06845,17481974,,,,,,,,,Vietnam,VN,,no,,902957586,other,,0,0
KH06846,17481975,,,,,,,,,Vietnam,VN,,no,,386919452,other,,0,0
KH06847,17481976,,,,,,,,,Vietnam,VN,,no,,903727330,other,,0,0
KH06848,17481977,,,,,,,,,Vietnam,VN,,no,,915026666,other,,0,0
KH06849,17481978,,,,,,,,,Vietnam,VN,,no,,903725738,other,,0,0
KH06850,17481979,,,,,,,,,Vietnam,VN,,no,,908255957,other,,0,0
KH06851,17481980,,,,,,,,,Vietnam,VN,,no,,933330101,other,,0,0
KH06852,17481981,,,,,,,,,Vietnam,VN,,no,,938597730,other,,0,0
KH06853,17481982,,,,,,,,,Vietnam,VN,,no,,907446655,other,,0,0
KH06854,17481983,,,,,,,,,Vietnam,VN,,no,,938288732,other,,0,0
KH06855,17481984,,,,,,,,,Vietnam,VN,,no,,903687007,other,,0,0
KH06856,17481985,,,,,,,,,Vietnam,VN,,no,,902890891,other,,0,0
KH06857,17481986,,,,,,,,,Vietnam,VN,,no,,983226088,other,,0,0
KH06858,17481987,,,,,,,,,Vietnam,VN,,no,,913178245,other,,0,0
KH06859,17481988,,,,,,,,,Vietnam,VN,,no,,902772222,other,,0,0
KH06860,17481989,,,,,,,,,Vietnam,VN,,no,,906698882,other,,0,0
KH06861,17481990,,,,,,,,,Vietnam,VN,,no,,832306551,other,,0,0
KH06862,17481991,,,,,,,,,Vietnam,VN,,no,,913923855,other,,0,0
KH06863,17481992,,,,,,,,,Vietnam,VN,,no,,336702885,other,,0,0
KH06864,17481993,,,,,,,,,Vietnam,VN,,no,,772137003,other,,0,0
KH06865,17481994,,,,,,,,,Vietnam,VN,,no,,373124387,other,,0,0
KH06866,17481995,,,,,,,,,Vietnam,VN,,no,,909993971,other,,0,0
KH06867,17481996,,,,,,,,,Vietnam,VN,,no,,898320801,other,,0,0
KH06868,17481997,,,,,,,,,Vietnam,VN,,no,,989369454,other,,0,0
KH06869,17481998,,,,,,,,,Vietnam,VN,,no,,944227302,other,,0,0
KH06870,17481999,,,,,,,,,Vietnam,VN,,no,,915205665,other,,0,0
KH06871,17482000,,,,,,,,,Vietnam,VN,,no,,986713113,other,,0,0
KH06872,17482001,,,,,,,,,Vietnam,VN,,no,,862835056,other,,0,0
KH06873,17482002,,,,,,,,,Vietnam,VN,,no,,908297275,other,,0,0
KH06874,17482003,,,,,,,,,Vietnam,VN,,no,,914335899,other,,0,0
KH06875,17482004,,,,,,,,,Vietnam,VN,,no,,918654729,other,,0,0
KH06876,17482005,,,,,,,,,Vietnam,VN,,no,,976156145,other,,0,0
KH06877,17482006,,,,,,,,,Vietnam,VN,,no,,,other,,0,0
KH06878,17482007,,,,,,,,,Vietnam,VN,,no,,907108880,other,,2130000,1
KH06879,17482008,,,,,,,,,Vietnam,VN,,no,,988189641,other,,0,0
KH06880,17482009,,,,,,,,,Vietnam,VN,,no,,766626661,other,,2200000,1
KH06881,17482010,,,,,,,,,Vietnam,VN,,no,,908626829,other,,0,0
KH06882,17482011,,,,,,,,,Vietnam,VN,,no,,785687999,other,,510000,1
KH06883,17482012,,,,,,,,,Vietnam,VN,,no,,912584878,other,,0,0
KH06884,17482013,,,,,,,,,Vietnam,VN,,no,,909662166,other,,5407000,2
KH06885,17482014,,,,,,,,,Vietnam,VN,,no,,933048514,other,,0,0
KH06886,17482015,,,,,,,,,Vietnam,VN,,no,,909927696,other,,0,0
KH06887,17482016,,,,,,,,,Vietnam,VN,,no,,938273527,other,,0,0
KH06888,17482017,,,,,,,,,Vietnam,VN,,no,,904215309,other,,0,0
KH06889,17482018,,,,,,,,,Vietnam,VN,,no,,903002403,other,,0,0
KH06890,17482019,,,,,,,,,Vietnam,VN,,no,,902311095,other,,0,0
KH06891,17482020,,,,,,,,,Vietnam,VN,,no,,905368853,other,,0,0
KH06892,17482021,,,,,,,,,Vietnam,VN,,no,,382210804,other,,0,0
KH06893,17482022,,,,,,,,,Vietnam,VN,,no,,917176699,other,,0,0
KH06894,17482023,,,,,,,,,Vietnam,VN,,no,,775073278,other,,0,0
KH06895,17482024,,,,,,,,,Vietnam,VN,,no,,937800849,other,,0,0
KH06896,17482025,,,,,,,,,Vietnam,VN,,no,,906381342,other,,0,0
KH06897,17482026,,,,,,,,,Vietnam,VN,,no,,906795790,other,,0,0
KH06898,17482027,,,,,,,,,Vietnam,VN,,no,,935975206,other,,0,0
KH06899,17482028,,,,,,,,,Vietnam,VN,,no,,961149735,other,,0,0
KH06900,17482029,,,,,,,,,Vietnam,VN,,no,,913744655,other,,0,0
KH06901,17482030,,,,,,,,,Vietnam,VN,,no,,902428758,other,,0,0
KH06902,17482031,,,,,,,,,Vietnam,VN,,no,,936881417,other,,0,0
KH06903,17482032,,,,,,,,,Vietnam,VN,,no,,907673688,other,,0,0
KH06904,17482033,,,,,,,,,Vietnam,VN,,no,,915614771,other,,0,0
KH06905,17482034,,,,,,,,,Vietnam,VN,,no,,903804219,other,,0,0
KH06906,17482035,,,,,,,,,Vietnam,VN,,no,,826273196,other,,0,0
KH06907,17482036,,,,,,,,,Vietnam,VN,,no,,899791169,other,,0,0
KH06908,17482037,,,,,,,,,Vietnam,VN,,no,,908276787,other,,0,0
KH06909,17482038,,,,,,,,,Vietnam,VN,,no,,903646646,other,,0,0
KH06910,17482039,,,,,,,,,Vietnam,VN,,no,,909292810,other,,0,0
KH06911,17482040,,,,,,,,,Vietnam,VN,,no,,908724689,other,,0,0
KH06912,17482041,,,,,,,,,Vietnam,VN,,no,,908965968,other,,0,0
KH06913,17482042,,,,,,,,,Vietnam,VN,,no,,938877477,other,,0,0
KH06914,17482043,,,,,,,,,Vietnam,VN,,no,,767454581,other,,0,0
KH06915,17482044,,,,,,,,,Vietnam,VN,,no,,934311319,other,,0,0
KH06916,17482045,,,,,,,,,Vietnam,VN,,no,,888637639,other,,0,0
KH06917,17482046,,,,,,,,,Vietnam,VN,,no,,777779599,other,,0,0
KH06918,17482047,,,,,,,,,Vietnam,VN,,no,,903786939,other,,0,0
KH06919,17482048,,,,,,,,,Vietnam,VN,,no,,909464496,other,,0,0
KH06920,17482049,,,,,,,,,Vietnam,VN,,no,,396874418,other,,0,0
KH06921,17482050,,,,,,,,,Vietnam,VN,,no,,909934190,other,,0,0
KH06922,17482051,,,,,,,,,Vietnam,VN,,no,,941472691,other,,0,0
KH06923,17482052,,,,,,,,,Vietnam,VN,,no,,909275028,other,,0,0
KH06924,17482053,,,,,,,,,Vietnam,VN,,no,,,other,,0,0
KH06925,17482054,,,,,,,,,Vietnam,VN,,no,,,other,,0,0
KH06926,17482055,,,,,,,,,Vietnam,VN,,no,,,other,,0,0
KH06927,17482056,,,,,,,,,Vietnam,VN,,no,,,other,,0,0
KH06928,17482057,,,,,,,,,Vietnam,VN,,no,,909998679,other,,0,0
KH06929,17482058,,,,,,,,,Vietnam,VN,,no,,337356264,other,,0,0
KH06930,17482059,,,,,,,,,Vietnam,VN,,no,,703132778,other,,0,0
KH06931,17482060,,,,,,,,,Vietnam,VN,,no,,909800516,other,,0,0
KH06932,17482061,,,,,,,,,Vietnam,VN,,no,,918412345,other,,0,0
KH06933,17482062,,,,,,,,,Vietnam,VN,,no,,948217979,other,,0,0
KH06934,17482063,,,,,,,,,Vietnam,VN,,no,,843176014,other,,0,0
KH06935,17482064,,,,,,,,,Vietnam,VN,,no,,787815031,other,,0,0
KH06936,17482065,,,,,,,,,Vietnam,VN,,no,,899979979,other,,0,0
KH06937,17482066,,,,,,,,,Vietnam,VN,,no,,925097547,other,,0,0
KH06938,17482067,,,,,,,,,Vietnam,VN,,no,,982121420,other,,0,0
KH06939,17482068,,,,,,,,,Vietnam,VN,,no,,905130620,other,,0,0
KH06940,17482069,,,,,,,,,Vietnam,VN,,no,,797023238,other,,0,0
KH06941,17482070,,,,,,,,,Vietnam,VN,,no,,945646274,other,,0,0
KH06942,17482071,,,,,,,,,Vietnam,VN,,no,,933381569,other,,0,0
KH06943,17482072,,,,,,,,,Vietnam,VN,,no,,938564582,other,,0,0
KH06944,17482073,,,,,,,,,Vietnam,VN,,no,,398932275,other,,1129000,2
KH06945,17482074,,,,,,,,,Vietnam,VN,,no,,938762545,other,,0,0
KH06946,17482075,,,,,,,,,Vietnam,VN,,no,,869270038,other,,0,0
KH06947,17482076,,,,,,,,,Vietnam,VN,,no,,908945123,other,,0,0
KH06948,17482077,,,,,,,,,Vietnam,VN,,no,,966331309,other,,911400,1
KH06949,17482078,,,,,,,,,Vietnam,VN,,no,,392714892,other,,0,0
KH06950,17482079,,,,,,,,,Vietnam,VN,,no,,776100787,other,,0,0
KH06951,17482080,,,,,,,,,Vietnam,VN,,no,,961532601,other,,29490000,3
KH06952,17482081,,,,,,,,,Vietnam,VN,,no,,,other,,0,0
KH06953,17482082,,,,,,,,,Vietnam,VN,,no,,523239232,other,,0,0
KH06954,17482083,,,,,,,,,Vietnam,VN,,no,,773331830,other,,0,0
KH06955,17482084,,,,,,,,,Vietnam,VN,,no,,909210798,other,,0,0
KH06956,17482085,,,,,,,,,Vietnam,VN,,no,,978954567,other,,0,0
KH06957,17482086,,,,,,,,,Vietnam,VN,,no,,984522830,other,,0,0
KH06958,17482087,,,,,,,,,Vietnam,VN,,no,,932061214,other,,0,0
KH06959,17482088,,,,,,,,,Vietnam,VN,,no,,,other,,0,0
KH06960,17482089,,,,,,,,,Vietnam,VN,,no,,706613210,other,,0,0
KH06961,17482090,,,,,,,,,Vietnam,VN,,no,,903724219,other,,0,0
KH06962,17482091,,,,,,,,,Vietnam,VN,,no,,903700737,other,,0,0
KH06963,17482092,,,,,,,,,Vietnam,VN,,no,,989888300,other,,0,0
KH06964,17482093,,,,,,,,,Vietnam,VN,,no,,703439136,other,,0,0
KH06965,17482094,,,,,,,,,Vietnam,VN,,no,,832532002,other,,0,0
KH06966,17482095,,,,,,,,,Vietnam,VN,,no,,939416789,other,,0,0
KH06967,17482096,,,,,,,,,Vietnam,VN,,no,,908596439,other,,0,0
KH06968,17482097,,,,,,,,,Vietnam,VN,,no,,969811130,other,,0,0
KH06969,17482098,,,,,,,,,Vietnam,VN,,no,,902463502,other,,0,0
KH06970,17482099,,,,,,,,,Vietnam,VN,,no,,915888839,other,,0,0
KH06971,17482100,,,,,,,,,Vietnam,VN,,no,,919568880,other,,0,0
KH06972,17482101,,,,,,,,,Vietnam,VN,,no,,903308775,other,,0,0
KH06973,17482102,,,,,,,,,Vietnam,VN,,no,,326300834,other,,0,0
KH06974,17482103,,,,,,,,,Vietnam,VN,,no,,973853828,other,,770000,1
KH06975,17482104,,,,,,,,,Vietnam,VN,,no,,973853829,other,,0,0
KH06976,17482105,,,,,,,,,Vietnam,VN,,no,,937537594,other,,4820000,1
KH06977,17482106,,,,,,,,,Vietnam,VN,,no,,368373019,other,,0,0
KH06978,17482107,,,,,,,,,Vietnam,VN,,no,,968067614,other,,0,0
KH06979,17482108,,,,,,,,,Vietnam,VN,,no,,778622116,other,,0,0
KH06980,17482109,,,,,,,,,Vietnam,VN,,no,,908007742,other,,0,0
KH06981,17482110,,,,,,,,,Vietnam,VN,,no,,328984089,other,,0,0
KH06982,17482111,,,,,,,,,Vietnam,VN,,no,,975520539,other,,0,0
KH06983,17482112,,,,,,,,,Vietnam,VN,,no,,778811698,other,,0,0
KH06984,17482113,,,,,,,,,Vietnam,VN,,no,,909897101,other,,0,0
KH06985,17482114,,,,,,,,,,,,no,,909897101,male,,1680000,1
KH06986,17482115,,,,,,,,,Vietnam,VN,,no,,707529726,other,,0,0
KH06987,17482116,,,,,,,,,Vietnam,VN,,no,,909320337,other,,0,0
KH06988,17482117,,,,,,,,,Vietnam,VN,,no,,,other,,0,0
KH06989,17482118,,,,,,,,,Vietnam,VN,,no,,827890041,other,,0,0
KH06990,17482119,,,,,,,,,Vietnam,VN,,no,,942250385,other,,0,0
KH06991,17482120,,,,,,,,,Vietnam,VN,,no,,868284980,other,,0,0
KH06992,17482121,,,,,,,,,Vietnam,VN,,no,,937419648,other,,0,0
KH06993,17482122,,,,,,,,,Vietnam,VN,,no,,913117006,other,,0,0
KH06994,17482123,,,,,,,,,Vietnam,VN,,no,,359862113,other,,0,0
KH06995,17482124,,,,,,,,,Vietnam,VN,,no,,343672619,other,,900000,1
KH06996,17482125,,,,,,,,,Vietnam,VN,,no,,855333001,other,,0,0
KH06997,17482126,,,,,,,,,Vietnam,VN,,no,,772568332,other,,0,0
KH06998,17482127,,,,,,,,,Vietnam,VN,,no,,967784039,other,,0,0
KH06999,17482128,,,,,,,,,Vietnam,VN,,no,,906903279,other,,0,0
KH07000,17482129,,,,,,,,,Vietnam,VN,,no,,986006769,other,,0,0
KH07001,17482130,,,,,,,,,Vietnam,VN,,no,,932510048,other,,0,0
KH07002,17482131,,,,,,,,,Vietnam,VN,,no,,962772843,other,,0,0
KH07003,17482132,,,,,,,,,Vietnam,VN,,no,,908227754,other,,0,0
KH07004,17482133,,,,,,,,,Vietnam,VN,,no,,982182406,other,,11869000,5
KH07005,17482134,,,,,,,,,Vietnam,VN,,no,,902642622,other,,0,0
KH07006,17482135,,,,,,,,,Vietnam,VN,,no,,975435923,other,,0,0
KH07007,17482136,,,,,,,,,Vietnam,VN,,no,,,other,,0,0
KH07008,17482137,,,,,,,,,Vietnam,VN,,no,,794829126,female,,0,0
KH07009,17482138,,,,,,,,,Vietnam,VN,,no,,933248494,other,,0,0
KH07010,17482139,,,,,,,,,Vietnam,VN,,no,,908248829,other,,0,0
KH07011,17482140,,,,,,,,,Vietnam,VN,,no,,933732019,other,,0,0
KH07012,17482141,,,,,,,,,Vietnam,VN,,no,,,other,,0,0
KH07013,17482142,,,,,,,,,Vietnam,VN,,no,,906534765,other,,0,0
KH07014,17482143,,,,,,,,,Vietnam,VN,,no,,794548202,other,,0,0
KH07015,17482144,,,,,,,,,Vietnam,VN,,no,,931465576,other,,0,0
KH07016,17482145,,,,,,,,,Vietnam,VN,,no,,932318797,other,,0,0
KH07017,17482146,,,,,,,,,Vietnam,VN,,no,,938475306,other,,0,0
KH07018,17482147,,,,,,,,,Vietnam,VN,,no,,964083459,other,,0,0
KH07019,17482148,,,,,,,,,Vietnam,VN,,no,,902806666,other,,0,0
KH07020,17482149,,,,,,,,,Vietnam,VN,,no,,919234536,other,,0,0
KH07021,17482150,,,,,,,,,Vietnam,VN,,no,,393646813,other,,0,0
KH07022,17482151,,,,,,,,,Vietnam,VN,,no,,935155449,other,,0,0
KH07023,17482152,,,,,,,,,Vietnam,VN,,no,,938587782,other,,0,0
KH07024,17482153,,,,,,,,,Vietnam,VN,,no,,903756689,other,,0,0
KH07025,17482154,,,,,,,,,Vietnam,VN,,no,,903068939,other,,0,0
KH07026,17482155,,,,,,,,,Vietnam,VN,,no,,911626678,other,,0,0
KH07027,17482156,,,,,,,,,Vietnam,VN,,no,,768075870,other,,0,0
KH07028,17482157,,,,,,,,,Vietnam,VN,,no,,817280596,other,,0,0
KH07029,17482158,,,,,,,,,Vietnam,VN,,no,,902999996,other,,0,0
KH07030,17482159,,,,,,,,,Vietnam,VN,,no,,988367272,other,,0,0
KH07031,17482160,,,,,,,,,Vietnam,VN,,no,,913593013,other,,0,0
KH07032,17482161,,,,,,,,,Vietnam,VN,,no,,909402410,other,,0,0
KH07033,17482162,,,,,,,,,Vietnam,VN,,no,,903160592,other,,0,0
KH07034,17482163,,,,,,,,,Vietnam,VN,,no,,966534056,other,,0,0
KH07035,17482164,,,,,,,,,Vietnam,VN,,no,,918193651,other,,0,0
KH07036,17482165,,,,,,,,,Vietnam,VN,,no,,930176739,other,,0,0
KH07037,17482166,,,,,,,,,Vietnam,VN,,no,,395799050,other,,0,0
KH07038,17482167,,,,,,,,,Vietnam,VN,,no,,939006388,other,,0,0
KH07039,17482168,,,,,,,,,Vietnam,VN,,no,,919597324,other,,0,0
KH07040,17482169,,,,,,,,,Vietnam,VN,,no,,906307739,other,,0,0
KH07041,17482170,,,,,,,,,Vietnam,VN,,no,,976017968,other,,0,0
KH07042,17482171,,,,,,,,,Vietnam,VN,,no,,909776602,other,,0,0
KH07043,17482172,,,,,,,,,Vietnam,VN,,yes,,933748068,male,,2500000,1
KH07044,17482173,,,,,,,,,Vietnam,VN,,no,,982960079,other,,0,0
KH07045,17482174,,,,,,,,,Vietnam,VN,,no,,983812214,other,,0,0
KH07046,17482175,,,,,,,,,Vietnam,VN,,no,,396752423,other,,0,0
KH07047,17482176,,,,,,,,,Vietnam,VN,,no,,982806411,other,,0,0
KH07048,17482177,,,,,,,,,Vietnam,VN,,no,,978033023,other,,0,0
KH07049,17482178,,,,,,,,,Vietnam,VN,,no,,907655572,other,,0,0
KH07050,17482179,,,,,,,,,Vietnam,VN,,no,,339362396,other,,0,0
KH07051,17482180,,,,,,,,,Vietnam,VN,,no,,967059429,other,,0,0
KH07052,17482181,,,,,,,,,Vietnam,VN,,no,,938047950,male,,0,0
KH07053,17482182,,,,,,,,,Vietnam,VN,,no,,938923083,other,,0,0
KH07054,17482183,,,,,,,,,Vietnam,VN,,no,,906725059,other,,0,0
KH07055,17482184,,,,,,,,,Vietnam,VN,,no,,936879850,other,,0,0
KH07056,17482185,,,,,,,,,Vietnam,VN,,no,,939831355,other,,0,0
KH07057,17482186,,,,,,,,,Vietnam,VN,,no,,927607226,other,,0,0
KH07058,17482187,,,,,,,,,Vietnam,VN,,no,,901343795,other,,0,0
KH07059,17482188,,,,,,,,,Vietnam,VN,,no,,907321766,other,,0,0
KH07060,17482189,,,,,,,,,Vietnam,VN,,no,,935724685,other,,0,0
KH07061,17482190,,,,,,,,,Vietnam,VN,,no,,909608883,other,,0,0
KH07062,17482191,,,,,,,,,Vietnam,VN,,no,,938082383,other,,2520000,1
KH07063,17482192,,,,,,,,,Vietnam,VN,,no,,973583372,other,,0,0
KH07064,17482193,,,,,,,,,Vietnam,VN,,no,,765282676,other,,0,0
KH07065,17482194,,,,,,,,,Vietnam,VN,,no,,704451217,other,,0,0
KH07066,17482195,,,,,,,,,Vietnam,VN,,no,,937633253,other,,0,0
KH07067,17482196,,,,,,,,,Vietnam,VN,,no,,908389307,other,,0,0
KH07068,17482197,,,,,,,,,Vietnam,VN,,no,,907097007,other,,0,0
KH07069,17482198,,,,,,,,,Vietnam,VN,,no,,909007714,other,,0,0
KH07070,17482199,,,,,,,,,Vietnam,VN,,no,,933142135,other,,0,0
KH07071,17482200,,,,,,,,,Vietnam,VN,,no,,938456126,other,,0,0
KH07072,17482201,,,,,,,,,Vietnam,VN,,no,,,other,,0,0
KH07073,17482202,,,,,,,,,Vietnam,VN,,no,,932112617,other,,0,0
KH07074,17482203,,,,,,,,,Vietnam,VN,,no,,394741303,other,,0,0
KH07075,17482204,,,,,,,,,Vietnam,VN,,no,,938463585,other,,0,0
KH07076,17482205,,,,,,,,,Vietnam,VN,,no,,919891984,other,,0,0
KH07077,17482206,,,,,,,,,Vietnam,VN,,no,,365891754,other,,0,0
KH07078,17482207,,,,,,,,,Vietnam,VN,,no,,338779999,other,,0,0
KH07079,17482208,,,,,,,,,Vietnam,VN,,no,,968820212,other,,0,0
KH07080,17482209,,,,,,,,,Vietnam,VN,,no,,913114477,other,,0,0
KH07081,17482210,,,,,,,,,Vietnam,VN,,no,,708102914,other,,0,0
KH07082,17482211,,,,,,,,,Vietnam,VN,,no,,392457147,other,,0,0
KH07083,17482212,,,,,,,,,Vietnam,VN,,no,,908868327,other,,0,0
KH07084,17482213,,,,,,,,,Vietnam,VN,,no,,797561588,other,,0,0
KH07085,17482214,,,,,,,,,Vietnam,VN,,no,,903674915,other,,0,0
KH07086,17482215,,,,,,,,,Vietnam,VN,,no,,961626197,other,,0,0
KH07087,17482216,,,,,,,,,Vietnam,VN,,no,,908353833,other,,0,0
KH07088,17482217,,,,,,,,,Vietnam,VN,,no,,982983672,other,,0,0
KH07089,17482218,,,,,,,,,Vietnam,VN,,no,,909889141,other,,0,0
KH07090,17482219,,,,,,,,,Vietnam,VN,,no,,903117219,other,,0,0
KH07091,17482220,,,,,,,,,Vietnam,VN,,no,,933335435,other,,0,0
KH07092,17482221,,,,,,,,,Vietnam,VN,,no,,982791600,other,,0,0
KH07093,17482222,,,,,,,,,Vietnam,VN,,no,,932789408,other,,0,0
KH07094,17482223,,,,,,,,,Vietnam,VN,,no,,856079561,other,,6480500,7
KH07095,17482224,,,,,,,,,Vietnam,VN,,no,,986128366,other,,0,0
KH07096,17482225,,,,,,,,,Vietnam,VN,,no,,332729728,other,,0,0
KH07097,17482226,,,,,,,,,Vietnam,VN,,no,,902880399,other,,0,0
KH07098,17482227,,,,,,,,,Vietnam,VN,,no,,941496679,other,,0,0
KH07099,17482228,,,,,,,,,Vietnam,VN,,no,,888274879,other,,0,0
KH07100,17482229,,,,,,,,,Vietnam,VN,,no,,966026320,other,,0,0
KH07101,17482230,,,,,,,,,Vietnam,VN,,no,,922512612,female,,0,0
KH07102,17482231,,,,,,,,,Vietnam,VN,,no,,936115502,other,,0,0
KH07103,17482232,,,,,,,,,Vietnam,VN,,no,,931212197,other,,0,0
KH07104,17482233,,,,,,,,,Vietnam,VN,,no,,905351098,other,,0,0
KH07105,17482234,,,,,,,,,Vietnam,VN,,no,,937111576,other,,0,0
KH07106,17482235,,,,,,,,,Vietnam,VN,,no,,984388497,other,,0,0
KH07107,17482236,,,,,,,,,Vietnam,VN,,no,,834560774,other,,1480000,1
KH07108,17482237,,,,,,,,,Vietnam,VN,,no,,909415711,other,,0,0
KH07109,17482238,,,,,,,,,Vietnam,VN,,no,,329720293,other,,0,0
KH07110,17482239,,,,,,,,,Vietnam,VN,,no,,862556860,other,,0,0
KH07111,17482240,,,,,,,,,Vietnam,VN,,no,,903969197,other,,0,0
KH07112,17482241,,,,,,,,,Vietnam,VN,,no,,908280433,other,,0,0
KH07113,17482242,,,,,,,,,Vietnam,VN,,no,,979892053,other,,0,0
KH07114,17482243,,,,,,,,,Vietnam,VN,,no,,913678668,male,,2070000,2
KH07115,17482244,,,,,,,,,Vietnam,VN,,no,,947006006,other,,0,0
KH07116,17482245,,,,,,,,,Vietnam,VN,,no,,903580959,other,,0,0
KH07117,17482246,,,,,,,,,Vietnam,VN,,no,,707093511,other,,0,0
KH07118,17482247,,,,,,,,,Vietnam,VN,,no,,778733238,other,,0,0
KH07119,17482248,,,,,,,,,Vietnam,VN,,no,,938120583,other,,0,0
KH07120,17482249,,,,,,,,,Vietnam,VN,,no,,936043897,other,,0,0
KH07121,17482250,,,,,,,,,Vietnam,VN,,no,,928344557,other,,0,0
KH07122,17482251,,,,,,,,,Vietnam,VN,,no,,344781166,other,,0,0
KH07123,17482252,,,,,,,,,Vietnam,VN,,no,,984106864,other,,0,0
KH07124,17482253,,,,,,,,,Vietnam,VN,,no,,844780447,other,,0,0
KH07125,17482254,,,,,,,,,Vietnam,VN,,no,,848003084,other,,0,0
KH07126,17482255,,,,,,,,,Vietnam,VN,,no,,907922220,other,,0,0
KH07127,17482256,,,,,,,,,Vietnam,VN,,no,,905885996,other,,0,0
KH07128,17482257,,,,,,,,,Vietnam,VN,,no,,909666892,other,,0,0
KH07129,17482258,,,,,,,,,Vietnam,VN,,no,,945600048,other,,0,0
KH07130,17482259,,,,,,,,,Vietnam,VN,,no,,769843511,other,,422500,1
KH07131,17482260,,,,,,,,,Vietnam,VN,,no,,939020157,other,,0,0
KH07132,17482261,,,,,,,,,Vietnam,VN,,no,,908866199,other,,0,0
KH07133,17482262,,,,,,,,,Vietnam,VN,,no,,784348899,other,,0,0
KH07134,17482263,,,,,,,,,Vietnam,VN,,no,,901356443,other,,0,0
KH07135,17482264,,,,,,,,,Vietnam,VN,,no,,903327422,other,,0,0
KH07136,17482265,,,,,,,,,Vietnam,VN,,no,,329703370,other,,0,0
KH07137,17482266,,,,,,,,,Vietnam,VN,,no,,383229900,other,,0,0
KH07138,17482267,,,,,,,,,Vietnam,VN,,no,,905216338,other,,425000,1
KH07139,17482268,,,,,,,,,Vietnam,VN,,no,,906306381,other,,0,0
KH07140,17482269,,,,,,,,,Vietnam,VN,,no,,943529179,other,,0,0
KH07141,17482270,,,,,,,,,Vietnam,VN,,no,,989419470,other,,0,0
KH07142,17482271,,,,,,,,,Vietnam,VN,,no,,932984185,other,,0,0
KH07143,17482272,,,,,,,,,Vietnam,VN,,no,,965322757,other,,0,0
KH07144,17482273,,,,,,,,,Vietnam,VN,,no,,908750452,other,,0,0
KH07145,17482274,,,,,,,,,Vietnam,VN,,no,,908890454,other,,0,0
KH07146,17482275,,,,,,,,,Vietnam,VN,,no,,333255955,female,,0,0
KH07147,17482276,,,,,,,,,Vietnam,VN,,no,,908514173,other,,0,0
KH07148,17482277,,,,,,,,,Vietnam,VN,,no,,904300521,other,,0,0
KH07149,17482278,,,,,,,,,Vietnam,VN,,no,,,other,,0,0
KH07150,17482279,,,,,,,,,Vietnam,VN,,no,,987483774,other,,0,0
KH07151,17482280,,,,,,,,,Vietnam,VN,,no,,795933507,other,,0,0
KH07152,17482281,,,,,,,,,Vietnam,VN,,no,,935532380,other,,0,0
KH07153,17482282,,,,,,,,,Vietnam,VN,,no,,795933057,other,,0,0
KH07154,17482283,,,,,,,,,Vietnam,VN,,no,sapo_social,,other,,1165000,1
KH07155,17482284,,,,,,,,,Vietnam,VN,,no,,903100212,other,,0,0
KH07156,17482285,,,,,,,,,Vietnam,VN,,no,,,other,,0,0
KH07157,17482286,,,,,,,,,Vietnam,VN,,no,,933963544,other,,0,0
KH07158,17482287,,,,,,,,,Vietnam,VN,,no,,989525555,female,,0,0
KH07159,17482288,,,,,,,,,Vietnam,VN,,no,,858290087,other,,0,0
KH07160,17482289,,,,,,,,,Vietnam,VN,,no,,935555618,other,,0,0
KH07161,17482290,,,,,,,,,Vietnam,VN,,no,,774701510,other,,0,0
KH07162,17482291,,,,,,,,,Vietnam,VN,,no,,927523237,other,,0,0
KH07163,17482292,,,,,,,,,Vietnam,VN,,no,,978180662,other,,0,0
KH07164,17482293,,,,,,,,,Vietnam,VN,,no,,932339809,other,,0,0
KH07165,17482294,,,,,,,,,Vietnam,VN,,no,,917428110,other,,0,0
KH07166,17482295,,,,,,,,,Vietnam,VN,,no,,898659116,other,,0,0
KH07167,17482296,,,,,,,,,Vietnam,VN,,no,,866123824,other,,0,0
KH07168,17482297,,,,,,,,,Vietnam,VN,,no,,938198405,other,,0,0
KH07169,17482298,,,,,,,,,Vietnam,VN,,no,,397061500,other,,0,0
KH07170,17482299,,,,,,,,,Vietnam,VN,,no,,327399303,other,,0,0
KH07171,17482300,,,,,,,,,Vietnam,VN,,no,,936239437,other,,0,0
KH07172,17482301,,,,,,,,,Vietnam,VN,,no,,938901065,other,,0,0
KH07173,17482302,,,,,,,,,Vietnam,VN,,no,,903348022,other,,0,0
KH07174,17482303,,,,,,,,,Vietnam,VN,,no,,932678296,other,,0,0
KH07175,17482304,,,,,,,,,Vietnam,VN,,no,,822322533,other,,0,0
KH07176,17482305,,,,,,,,,Vietnam,VN,,no,,937697038,other,,0,0
KH07177,17482306,,,,,,,,,Vietnam,VN,,no,,368141544,other,,0,0
KH07178,17482307,,,,,,,,,Vietnam,VN,,no,,,other,,0,0
KH07179,17482308,,,,,,,,,Vietnam,VN,,no,,902436949,other,,0,0
KH07180,17482309,,,,,,,,,Vietnam,VN,,no,,706300583,other,,0,0
KH07181,17482310,,,,,,,,,Vietnam,VN,,no,,813297646,other,,0,0
KH07182,17482311,,,,,,,,,Vietnam,VN,,no,,785798945,other,,0,0
KH07183,17482312,,,,,,,,,Vietnam,VN,,no,,902990245,other,,0,0
KH07184,17482313,,,,,,,,,Vietnam,VN,,no,,912412158,other,,0,0
KH07185,17482314,,,,,,,,,Vietnam,VN,,no,,798185694,male,,0,0
KH07186,17482315,,,,,,,,,Vietnam,VN,,no,,916772347,female,,380000,1
KH07187,17482316,,,,,,,,,Vietnam,VN,,no,,784447300,other,,0,0
KH07188,17482317,,,,,,,,,Vietnam,VN,,no,,332110635,other,,0,0
KH07189,17482318,,,,,,,,,Vietnam,VN,,no,,904200596,other,,3616800,1
KH07190,17482319,,,,,,,,,Vietnam,VN,,no,,971841155,other,,0,0
KH07191,17482320,,,,,,,,,Vietnam,VN,,no,,909123448,other,,0,0
KH07192,17482321,,,,,,,,,Vietnam,VN,,no,,376910912,other,,0,0
KH07193,17482322,,,,,,,,,Vietnam,VN,,no,,937363434,other,,0,0
KH07194,17482323,,,,,,,,,Vietnam,VN,,no,,918250257,other,,989000,2
KH07195,17482324,,,,,,,,,Vietnam,VN,,no,,903660222,other,,0,0
KH07196,17482325,,,,,,,,,Vietnam,VN,,no,,945555078,male,,0,0
KH07197,17482326,,,,,,,,,Vietnam,VN,,no,,922969232,other,,0,0
KH07198,17482327,,,,,,,,,Vietnam,VN,,no,,903025186,other,,0,0
KH07199,17482328,,,,,,,,,Vietnam,VN,,no,,906663709,other,,0,0
KH07200,17482329,,,,,,,,,Vietnam,VN,,no,,909150844,other,,0,0
KH07201,17482330,,,,,,,,,Vietnam,VN,,no,,392316484,other,,0,0
KH07202,17482331,,,,,,,,,Vietnam,VN,,no,,963996754,other,,0,0
KH07203,17482332,,,,,,,,,Vietnam,VN,,no,,976920901,other,,0,0
KH07204,17482333,,,,,,,,,Vietnam,VN,,no,,936552604,other,,0,0
KH07205,17482334,,,,,,,,,Vietnam,VN,,no,,907902894,other,,0,0
KH07206,17482335,,,,,,,,,Vietnam,VN,,no,,905323898,other,,0,0
KH07207,17482336,,,,,,,,,Vietnam,VN,,no,,908824709,other,,0,0
KH07208,17482337,,,,,,,,,Vietnam,VN,,no,,919128111,other,,0,0
KH07209,17482338,,,,,,,,,Vietnam,VN,,no,,908350515,other,,0,0
KH07210,17482339,,,,,,,,,Vietnam,VN,,no,,799413310,other,,0,0
KH07211,17482340,,,,,,,,,Vietnam,VN,,no,,977878176,other,,0,0
KH07212,17482341,,,,,,,,,Vietnam,VN,,no,,961307000,other,,0,0
KH07213,17482342,,,,,,,,,Vietnam,VN,,no,,937927449,other,,0,0
KH07214,17482343,,,,,,,,,Vietnam,VN,,no,,938490301,other,,0,0
KH07215,17482344,,,,,,,,,Vietnam,VN,,no,,983333072,other,,0,0
KH07216,17482345,,,,,,,,,Vietnam,VN,,no,,942212206,other,,0,0
KH07217,17482346,,,,,,,,,Vietnam,VN,,no,,989106234,other,,0,0
KH07218,17482347,,,,,,,,,Vietnam,VN,,no,,908751285,female,,0,0
KH07219,17482348,,,,,,,,,Vietnam,VN,,no,,933954496,other,,0,0
KH07220,17482349,,,,,,,,,Vietnam,VN,,no,,396521884,other,,0,0
KH07221,17482350,,,,,,,,,Vietnam,VN,,no,,983855108,other,,0,0
KH07222,17482351,,,,,,,,,Vietnam,VN,,no,,933862486,other,,0,0
KH07223,17482352,,,,,,,,,Vietnam,VN,,no,,908572727,other,,0,0
KH07224,17482353,,,,,,,,,Vietnam,VN,,no,,903327672,other,,0,0
KH07225,17482354,,,,,,,,,Vietnam,VN,,no,,907707777,other,,0,0
KH07226,17482355,,,,,,,,,Vietnam,VN,,no,,933233798,male,,0,0
KH07227,17482356,,,,,,,,,Vietnam,VN,,no,,362030469,other,,0,0
KH07228,17482357,,,,,,,,,Vietnam,VN,,no,,904691632,other,,0,0
KH07229,17482358,,,,,,,,,Vietnam,VN,,no,,826083901,other,,0,0
KH07230,17482359,,,,,,,,,Vietnam,VN,,no,,903330463,other,,0,0
KH07231,17482360,,,,,,,,,Vietnam,VN,,no,,931308357,other,,0,0
KH07232,17482361,,,,,,,,,Vietnam,VN,,no,,903566881,other,,0,0
KH07233,17482362,,,,,,,,,Vietnam,VN,,no,,819332255,other,,0,0
KH07234,17482363,,,,,,,,,Vietnam,VN,,no,,934081200,other,,0,0
KH07235,17482364,,,,,,,,,Vietnam,VN,,no,,765420130,other,,0,0
KH07236,17482365,,,,,,,,,Vietnam,VN,,no,,945345371,other,,0,0
KH07237,17482366,,,,,,,,,Vietnam,VN,,no,,936269616,other,,0,0
KH07238,17482367,,,,,,,,,Vietnam,VN,,no,,706034095,other,,0,0
KH07239,17482368,,,,,,,,,Vietnam,VN,,no,,947462727,other,,0,0
KH07240,17482369,,,,,,,,,Vietnam,VN,,no,,902346574,other,,0,0
KH07241,17482370,,,,,,,,,Vietnam,VN,,no,,776991955,other,,0,0
KH07242,17482371,,,,,,,,,Vietnam,VN,,no,,913193902,other,,0,0
KH07243,17482372,,,,,,,,,Vietnam,VN,,no,,901359865,other,,0,0
KH07244,17482373,,,,,,,,,Vietnam,VN,,no,,906976673,other,,0,0
KH07245,17482374,,,,,,,,,Vietnam,VN,,no,,983254951,other,,0,0
KH07246,17482375,,,,,,,,,Vietnam,VN,,no,,935221999,other,,0,0
KH07247,17482376,,,,,,,,,Vietnam,VN,,no,,765751818,other,,0,0
KH07248,17482377,,,,,,,,,Vietnam,VN,,no,,901637299,other,,0,0
KH07249,17482378,,,,,,,,,Vietnam,VN,,no,,909146368,other,,0,0
KH07250,17482379,,,,,,,,,Vietnam,VN,,no,,765955255,other,,0,0
KH07251,17482380,,,,,,,,,Vietnam,VN,,no,,772999495,other,,0,0
KH07252,17482381,,,,,,,,,Vietnam,VN,,no,,908126271,other,,0,0
KH07253,17482382,,,,,,,,,Vietnam,VN,,no,,947461239,other,,0,0
KH07254,17482383,,,,,,,,,Vietnam,VN,,no,,902481297,other,,0,0
KH07255,17482384,,,,,,,,,Vietnam,VN,,no,,986076225,other,,0,0
KH07256,17482385,,,,,,,,,Vietnam,VN,,no,,,other,,0,0
KH07257,17482386,,,,,,,,,Vietnam,VN,,no,,907203470,other,,0,0
KH07258,17482387,,,,,,,,,Vietnam,VN,,no,,385670400,other,,0,0
KH07259,17482388,,,,,,,,,Vietnam,VN,,no,,944906299,other,,0,0
KH07260,17482389,,,,,,,,,Vietnam,VN,,no,,905680809,other,,0,0
KH07261,17482390,,,,,,,,,Vietnam,VN,,no,,933077818,other,,0,0
KH07262,17482391,,,,,,,,,Vietnam,VN,,no,,949796969,other,,0,0
KH07263,17482392,,,,,,,,,Vietnam,VN,,no,,933566644,other,,0,0
KH07264,17482393,,,,,,,,,Vietnam,VN,,no,,972278301,other,,0,0
KH07265,17482394,,,,,,,,,Vietnam,VN,,no,,903518085,other,,0,0
KH07266,17482395,,,,,,,,,Vietnam,VN,,no,,,other,,0,0
KH07267,17482396,,,,,,,,,Vietnam,VN,,no,,842785180,other,,0,0
KH07268,17482397,,,,,,,,,Vietnam,VN,,no,,919649007,other,,0,0
KH07269,17482398,,,,,,,,,Vietnam,VN,,no,,765670689,other,,0,0
KH07270,17482399,,,,,,,,,Vietnam,VN,,no,,934880212,other,,0,0
KH07271,17482400,,,,,,,,,Vietnam,VN,,no,,788015860,other,,0,0
KH07272,17482401,,,,,,,,,Vietnam,VN,,no,,985343639,other,,0,0
KH07273,17482402,,,,,,,,,Vietnam,VN,,no,,983949995,other,,0,0
KH07274,17482403,,,,,,,,,Vietnam,VN,,no,,352564800,other,,0,0
KH07275,17482404,,,,,,,,,Vietnam,VN,,no,,946630986,other,,0,0
KH07276,17482405,,,,,,,,,Vietnam,VN,,no,,932618692,other,,0,0
KH07277,17482406,,,,,,,,,Vietnam,VN,,no,,904519929,other,,0,0
KH07278,17482407,,,,,,,,,Vietnam,VN,,no,,,other,,0,0
KH07279,17482408,,,,,,,,,Vietnam,VN,,no,,935292236,other,,0,0
KH07280,17482409,,,,,,,,,Vietnam,VN,,no,,703576946,other,,0,0
KH07281,17482410,,,,,,,,,Vietnam,VN,,no,,969604601,other,,0,0
KH07282,17482411,,,,,,,,,Vietnam,VN,,no,,989774069,other,,0,0
KH07283,17482412,,,,,,,,,Vietnam,VN,,no,,941175757,other,,0,0
KH07284,17482413,,,,,,,,,Vietnam,VN,,no,,939836227,other,,0,0
KH07285,17482414,,,,,,,,,Vietnam,VN,,no,,792826703,other,,0,0
KH07286,17482415,,,,,,,,,Vietnam,VN,,no,,795445663,other,,0,0
KH07287,17482416,,,,,,,,,Vietnam,VN,,no,,903010222,other,,0,0
KH07288,17482417,,,,,,,,,Vietnam,VN,,no,,799867136,other,,0,0
KH07289,17482418,,,,,,,,,Vietnam,VN,,no,,988511380,other,,0,0
KH07290,17482419,,,,,,,,,Vietnam,VN,,no,,902424507,other,,0,0
KH07291,17482420,,,,,,,,,Vietnam,VN,,no,,984974610,other,,0,0
KH07292,17482421,,,,,,,,,Vietnam,VN,,no,,765225322,other,,0,0
KH07293,17482422,,,,,,,,,Vietnam,VN,,no,,912319976,other,,0,0
KH07294,17482423,,,,,,,,,Vietnam,VN,,no,,902355698,other,,0,0
KH07295,17482424,,,,,,,,,Vietnam,VN,,no,,353625025,other,,0,0
KH07296,17482425,,,,,,,,,Vietnam,VN,,no,,946273800,other,,0,0
KH07297,17482426,,,,,,,,,Vietnam,VN,,no,,913600832,other,,0,0
KH07298,17482427,,,,,,,,,Vietnam,VN,,no,,909897708,other,,0,0
KH07299,17482428,,,,,,,,,Vietnam,VN,,no,,369646246,other,,0,0
KH07300,17482429,,,,,,,,,Vietnam,VN,,no,,983224951,other,,0,0
KH07301,17482430,,,,,,,,,Vietnam,VN,,no,,927909402,other,,0,0
KH07302,17482431,,,,,,,,,Vietnam,VN,,no,,945757008,other,,0,0
KH07303,17482432,,,,,,,,,Vietnam,VN,,no,,906618220,other,,0,0
KH07304,17482433,,,,,,,,,Vietnam,VN,,no,,366633415,other,,0,0
KH07305,17482434,,,,,,,,,Vietnam,VN,,no,,939808911,other,,0,0
KH07306,17482435,,,,,,,,,Vietnam,VN,,no,,764319037,other,,0,0
KH07307,17482436,,,,,,,,,Vietnam,VN,,no,,903715120,other,,0,0
KH07308,17482437,,,,,,,,,Vietnam,VN,,no,,918138522,other,,0,0
KH07309,17482438,,,,,,,,,Vietnam,VN,,no,,938242457,other,,0,0
KH07310,17482439,,,,,,,,,Vietnam,VN,,no,,918273726,other,,0,0
KH07311,17482440,,,,,,,,,Vietnam,VN,,no,,963064164,other,,0,0
KH07312,17482441,,,,,,,,,Vietnam,VN,,no,,935509643,other,,0,0
KH07313,17482442,,,,,,,,,Vietnam,VN,,no,,935945301,other,,0,0
KH07314,17482443,,,,,,,,,Vietnam,VN,,no,,903804557,other,,0,0
KH07315,17482444,,,,,,,,,Vietnam,VN,,no,,374594763,other,,0,0
KH07316,17482445,,,,,,,,,Vietnam,VN,,no,,816661618,other,,0,0
KH07317,17482446,,,,,,,,,Vietnam,VN,,no,,933967676,other,,0,0
KH07318,17482447,,,,,,,,,Vietnam,VN,,no,,909146222,other,,0,0
KH07319,17482448,,,,,,,,,Vietnam,VN,,no,,794154062,other,,0,0
KH07320,17482449,,,,,,,,,Vietnam,VN,,no,,797351338,other,,0,0
KH07321,17482450,,,,,,,,,Vietnam,VN,,no,,903231897,other,,0,0
KH07322,17482451,,,,,,,,,Vietnam,VN,,no,,379543019,other,,0,0
KH07323,17482452,,,,,,,,,Vietnam,VN,,no,,905298696,other,,0,0
KH07324,17482453,,,,,,,,,Vietnam,VN,,no,,986988921,other,,0,0
KH07325,17482454,,,,,,,,,Vietnam,VN,,no,,901455270,other,,0,0
KH07326,17482455,,,,,,,,,Vietnam,VN,,no,,369001251,other,,0,0
KH07327,17482456,,,,,,,,,Vietnam,VN,,no,,982865403,other,,0,0
KH07328,17482457,,,,,,,,,Vietnam,VN,,no,,934966170,other,,0,0
KH07329,17482458,,,,,,,,,Vietnam,VN,,no,,849819694,other,,0,0
KH07330,17482459,,,,,,,,,Vietnam,VN,,no,,905276711,other,,0,0
KH07331,17482460,,,,,,,,,Vietnam,VN,,no,,938899883,other,,0,0
KH07332,17482461,,,,,,,,,Vietnam,VN,,no,,902712270,other,,0,0
KH07333,17482462,,,,,,,,,Vietnam,VN,,no,,937145166,other,,0,0
KH07334,17482463,,,,,,,,,Vietnam,VN,,no,,907288410,other,,0,0
KH07335,17482464,,,,,,,,,Vietnam,VN,,no,,903701101,other,,0,0
KH07336,17482465,,,,,,,,,Vietnam,VN,,no,,938386633,other,,0,0
KH07337,17482466,,,,,,,,,Vietnam,VN,,no,,939160687,other,,0,0
KH07338,17482467,,,,,,,,,Vietnam,VN,,no,,707580835,other,,0,0
KH07339,17482468,,,,,,,,,Vietnam,VN,,no,,377329923,other,,0,0
KH07340,17482469,,,,,,,,,Vietnam,VN,,no,,939358147,other,,0,0
KH07341,17482470,,,,,,,,,Vietnam,VN,,no,,944450026,other,,0,0
KH07342,17482471,,,,,,,,,Vietnam,VN,,no,,977711946,other,,0,0
KH07343,17482472,,,,,,,,,Vietnam,VN,,no,,939010299,other,,0,0
KH07344,17482473,,,,,,,,,Vietnam,VN,,no,,964990339,other,,920000,1
KH07345,17482474,,,,,,,,,Vietnam,VN,,no,,969816278,other,,0,0
KH07346,17482475,,,,,,,,,Vietnam,VN,,no,,902886333,other,,0,0
KH07347,17482476,,,,,,,,,Vietnam,VN,,no,,779088907,other,,0,0
KH07348,17482477,,,,,,,,,Vietnam,VN,,no,,378539009,other,,0,0
KH07349,17482478,,,,,,,,,Vietnam,VN,,no,,,other,,0,0
KH07350,17482479,,,,,,,,,Vietnam,VN,,no,,774112466,other,,0,0
KH07351,17482480,,,,,,,,,Vietnam,VN,,no,,911163736,other,,0,0
KH07352,17482481,,,,,,,,,Vietnam,VN,,no,,934474034,other,,0,0
KH07353,17482482,,,,,,,,,Vietnam,VN,,no,,888808123,other,,0,0
KH07354,17482483,,,,,,,,,Vietnam,VN,,no,,395937291,other,,0,0
KH07355,17482484,,,,,,,,,Vietnam,VN,,no,,931783030,other,,0,0
KH07356,17482485,,,,,,,,,Vietnam,VN,,no,,925779171,other,,0,0
KH07357,17482486,,,,,,,,,Vietnam,VN,,no,,903945316,other,,0,0
KH07358,17482487,,,,,,,,,Vietnam,VN,,no,,938858462,other,,0,0
KH07359,17482488,,,,,,,,,Vietnam,VN,,no,,,other,,0,0
KH07360,17482489,,,,,,,,,Vietnam,VN,,no,,933202654,other,,0,0
KH07361,17482490,,,,,,,,,Vietnam,VN,,no,,944327368,other,,0,0
KH07362,17482491,,,,,,,,,Vietnam,VN,,no,,373405298,other,,0,0
KH07363,17482492,,,,,,,,,,,,no,,903042353,male,,0,0
KH07364,17482493,,,,,,,,,Vietnam,VN,,no,,938663173,other,,0,0
KH07365,17482494,,,,,,,,,Vietnam,VN,,no,,904245558,other,,0,0
KH07366,17482495,,,,,,,,,Vietnam,VN,,no,,902788289,other,,0,0
KH07367,17482496,,,,,,,,,Vietnam,VN,,no,,918289919,other,,0,0
KH07368,17482497,,,,,,,,,Vietnam,VN,,no,,942042285,other,,0,0
KH07369,17482498,,,,,,,,,Vietnam,VN,,no,,772017822,other,,0,0
KH07370,17482499,,,,,,,,,Vietnam,VN,,no,,932624274,other,,0,0
KH07371,17482500,,,,,,,,,Vietnam,VN,,no,,792185311,other,,0,0
KH07372,17482501,,,,,,,,,Vietnam,VN,,no,,972096025,other,,0,0
KH07373,17482502,,,,,,,,,Vietnam,VN,,no,,378914800,other,,0,0
KH07374,17482503,,,,,,,,,Vietnam,VN,,no,,982307817,other,,0,0
KH07375,17482504,,,,,,,,,Vietnam,VN,,no,,707803454,other,,0,0
KH07376,17482505,,,,,,,,,Vietnam,VN,,no,,788744770,other,,0,0
KH07377,17482506,,,,,,,,,Vietnam,VN,,no,,902780909,other,,0,0
KH07378,17482507,,,,,,,,,Vietnam,VN,,no,,931434928,other,,0,0
KH07379,17482508,,,,,,,,,Vietnam,VN,,no,,898881549,other,,0,0
KH07380,17482509,,,,,,,,,Vietnam,VN,,no,,336384620,other,,0,0
KH07381,17482510,,,,,,,,,Vietnam,VN,,no,,902518600,other,,0,0
KH07382,17482511,,,,,,,,,Vietnam,VN,,no,,775581313,other,,0,0
KH07383,17482512,,,,,,,,,Vietnam,VN,,no,,934080033,other,,0,0
KH07384,17482513,,,,,,,,,Vietnam,VN,,no,,815999997,other,,0,0
KH07385,17482514,,,,,,,,,Vietnam,VN,,no,,978502345,other,,0,0
KH07386,17482515,,,,,,,,,Vietnam,VN,,no,,971236169,other,,0,0
KH07387,17482516,,,,,,,,,Vietnam,VN,,no,,902704323,other,,0,0
KH07388,17482517,,,,,,,,,Vietnam,VN,,no,,906575476,other,,0,0
KH07389,17482518,,,,,,,,,Vietnam,VN,,no,,973333906,other,,0,0
KH07390,17482519,,,,,,,,,Vietnam,VN,,no,,988723928,other,,0,0
KH07391,17482520,,,,,,,,,Vietnam,VN,,no,,907660171,other,,0,0
KH07392,17482521,,,,,,,,,Vietnam,VN,,no,,354931224,other,,0,0
KH07393,17482522,,,,,,,,,Vietnam,VN,,no,,909048157,other,,0,0
KH07394,17482523,,,,,,,,,Vietnam,VN,,no,,326905379,other,,0,0
KH07395,17482524,,,,,,,,,Vietnam,VN,,no,,903320624,other,,0,0
KH07396,17482525,,,,,,,,,Vietnam,VN,,no,,904549827,other,,0,0
KH07397,17482526,,,,,,,,,Vietnam,VN,,no,,932636597,other,,0,0
KH07398,17482527,,,,,,,,,,,,no,,987252967,female,,0,0
KH07399,17482528,,,,,,,,,Vietnam,VN,,no,,767763014,other,,0,0
KH07400,17482529,,,,,,,,,Vietnam,VN,,no,,988982974,other,,0,0
KH07401,17482530,,,,,,,,,Vietnam,VN,,no,,906953106,other,,0,0
KH07402,17482531,,,,,,,,,Vietnam,VN,,no,,938391412,other,,0,0
KH07403,17482532,,,,,,,,,Vietnam,VN,,no,,912829168,other,,0,0
KH07404,17482533,,,,,,,,,Vietnam,VN,,no,,1655804859,other,,0,0
KH07405,17482534,,,,,,,,,Vietnam,VN,,no,,913884234,other,,0,0
KH07406,17482535,,,,,,,,,Vietnam,VN,,no,,902725624,other,,0,0
KH07407,17482536,,,,,,,,,Vietnam,VN,,no,,522301009,other,,0,0
KH07408,17482537,,,,,,,,,Vietnam,VN,,no,,932497949,other,,0,0
KH07409,17482538,,,,,,,,,Vietnam,VN,,no,,986459344,other,,0,0
KH07410,17482539,,,,,,,,,Vietnam,VN,,no,,398048332,other,,0,0
KH07411,17482540,,,,,,,,,Vietnam,VN,,no,,935310199,other,,0,0
KH07412,17482541,,,,,,,,,Vietnam,VN,,no,,907970484,other,,0,0
KH07413,17482542,,,,,,,,,Vietnam,VN,,no,,988818979,other,,0,0
KH07414,17482543,,,,,,,,,Vietnam,VN,,no,,988085555,other,,0,0
KH07415,17482544,,,,,,,,,Vietnam,VN,,no,,908442791,other,,0,0
KH07416,17482545,,,,,,,,,Vietnam,VN,,no,,974506633,other,,0,0
KH07417,17482546,,,,,,,,,Vietnam,VN,,no,,937964644,other,,0,0
KH07418,17482547,,,,,,,,,Vietnam,VN,,no,,944229628,other,,0,0
KH07419,17482548,,,,,,,,,Vietnam,VN,,no,,916506437,other,,0,0
KH07420,17482549,,,,,,,,,Vietnam,VN,,no,,979311919,other,,0,0
KH07421,17482550,,,,,,,,,Vietnam,VN,,no,,909019008,other,,0,0
KH07422,17482551,,,,,,,,,Vietnam,VN,,no,,911939197,male,,0,0
KH07423,17482552,,,,,,,,,Vietnam,VN,,no,,,other,,0,0
KH07424,17482553,,,,,,,,,Vietnam,VN,,no,,388169157,other,,0,0
KH07425,17482554,,,,,,,,,Vietnam,VN,,no,,,other,,0,0
KH07426,17482555,,,,,,,,,Vietnam,VN,,no,,906668692,other,,0,0
KH07427,17482556,,,,,,,,,Vietnam,VN,,no,,792322421,other,,0,0
KH07428,17482557,,,,,,,,,Vietnam,VN,,no,,903648270,other,,0,0
KH07429,17482558,,,,,,,,,Vietnam,VN,,no,,919448434,other,,0,0
KH07430,17482559,,,,,,,,,Vietnam,VN,,no,,,other,,0,0
KH07431,17482560,,,,,,,,,Vietnam,VN,,no,,901520229,other,,0,0
KH07432,17482561,,,,,,,,,Vietnam,VN,,no,,902222225,other,,0,0
KH07433,17482562,,,,,,,,,Vietnam,VN,,no,,917265618,other,,0,0
KH07434,17482563,,,,,,,,,Vietnam,VN,,no,,968954605,other,,0,0
KH07435,17482564,,,,,,,,,Vietnam,VN,,no,,908737830,other,,0,0
KH07436,17482565,,,,,,,,,Vietnam,VN,,no,,367452050,other,,570000,1
KH07437,17482566,,,,,,,,,Vietnam,VN,,no,,937667627,other,,0,0
KH07438,17482567,,,,,,,,,Vietnam,VN,,no,,976991816,other,,0,0
KH07439,17482568,,,,,,,,,Vietnam,VN,,no,,908389114,other,,0,0
KH07440,17482569,,,,,,,,,Vietnam,VN,,no,,966975712,other,,0,0
KH07441,17482570,,,,,,,,,Vietnam,VN,,no,,908819088,other,,0,0
KH07442,17482571,,,,,,,,,Vietnam,VN,,no,,909097891,other,,0,0
KH07443,17482572,,,,,,,,,Vietnam,VN,,no,,907779798,other,,0,0
KH07444,17482573,,,,,,,,,Vietnam,VN,,no,,917927925,other,,0,0
KH07445,17482574,,,,,,,,,Vietnam,VN,,no,,914289766,other,,0,0
KH07446,17482575,,,,,,,,,Vietnam,VN,,no,,346930893,other,,0,0
KH07447,17482576,,,,,,,,,Vietnam,VN,,no,,379316348,other,,0,0
KH07448,17482577,,,,,,,,,Vietnam,VN,,no,,969557600,other,,0,0
KH07449,17482578,,,,,,,,,Vietnam,VN,,no,,903715597,other,,0,0
KH07450,17482579,,,,,,,,,Vietnam,VN,,no,,357153802,other,,0,0
KH07451,17482580,,,,,,,,,Vietnam,VN,,no,,943251869,other,,0,0
KH07452,17482581,,,,,,,,,Vietnam,VN,,no,,901411861,other,,0,0
KH07453,17482582,,,,,,,,,Vietnam,VN,,no,,2837818493,other,,0,0
KH07454,17482583,,,,,,,,,Vietnam,VN,,no,,938537942,other,,0,0
KH07455,17482584,,Cần Thơ,Cần Thơ,16.0,,,,,Vietnam,VN,,no,,922092902,female,,0,0
KH07456,17482585,,,,,,,,,Vietnam,VN,,no,,8580198,other,,0,0
KH07457,17482586,,,,,,,,,Vietnam,VN,,no,,772906904,other,,0,0
KH07458,17482587,,,,,,,,,Vietnam,VN,,no,,,male,,0,0
KH07459,17482588,,,,,,,,,Vietnam,VN,,no,,,female,,0,0
KH07460,17482589,,,,,,,,,Vietnam,VN,,no,,,male,,0,0
KH07461,17482590,,,,,,,,,Vietnam,VN,,no,,,other,,0,0
KH07462,17482591,,,,,,,,,Vietnam,VN,,no,,,other,,0,0
KH07463,17482592,,,,,,,,,Vietnam,VN,,no,,,female,,0,0
KH07464,17482593,,,,,,,,,Vietnam,VN,,no,,,male,,0,0
KH07465,17482594,,,,,,,,,Vietnam,VN,,no,,,male,,0,0
KH07466,17482595,,,,,,,,,Vietnam,VN,,no,,,male,,0,0
KH07467,17482596,,,,,,,,,Vietnam,VN,,no,,,male,,0,0
KH07468,17482597,,,,,,,,,Vietnam,VN,,no,,,other,,0,0
KH07469,17482598,,,,,,,,,Vietnam,VN,,no,,,other,,0,0
KH07470,17482599,,,,,,,,,Vietnam,VN,,no,,,male,,0,0
KH07471,17482600,,,,,,,,,Vietnam,VN,,no,,,male,,0,0
KH07472,17482601,,,,,,,,,Vietnam,VN,,no,,,female,,0,0
KH07473,17482602,,,,,,,,,Vietnam,VN,,no,,,male,,0,0
KH07474,17482603,,,,,,,,,Vietnam,VN,,no,,,male,,0,0
KH07475,17482604,,,,,,,,,Vietnam,VN,,no,,,female,,0,0
KH07476,17482605,,,,,,,,,Vietnam,VN,,no,,,male,,0,0
KH07477,17482606,,,,,,,,,Vietnam,VN,,no,,,male,,0,0
KH07478,17482607,,,,,,,,,Vietnam,VN,,no,,,male,,0,0
KH07479,17482608,,,,,,,,,Vietnam,VN,,no,,,other,,0,0
KH07480,17482609,,,,,,,,,Vietnam,VN,,no,,,other,,0,0
KH07481,17482610,,,,,,,,,Vietnam,VN,,no,,,other,,0,0
KH07482,17482611,,,,,,,,,Vietnam,VN,,no,,,other,,0,0
KH07483,17482612,,,,,,,,,Vietnam,VN,,no,,,female,,0,0
KH07484,17482613,,,,,,,,,Vietnam,VN,,no,,,male,,0,0
KH07485,17482614,,,,,,,,,Vietnam,VN,,no,,,male,,0,0
KH07486,17482615,,,,,,,,,Vietnam,VN,,no,,,female,,0,0
KH07487,17482616,,,,,,,,,Vietnam,VN,,no,,,female,,1310000,2
KH07488,17482617,,,,,,,,,Vietnam,VN,,no,,,male,,3345000,2
KH07489,17482618,,,,,,,,,Vietnam,VN,,no,,,male,,0,0
KH07490,17482619,,,,,,,,,Vietnam,VN,,no,,,other,,0,0
KH07491,17482620,,,,,,,,,Vietnam,VN,,no,,,other,,0,0
KH07492,17482621,,,,,,,,,Vietnam,VN,,no,,,other,,0,0
KH07493,17482622,,,,,,,,,Vietnam,VN,,no,,,other,,0,0
KH07494,17482623,,,,,,,,,Vietnam,VN,,no,,,other,,0,0
KH07495,17482624,,,,,,,,,Vietnam,VN,,no,,,male,,0,0
KH07496,17482625,,,,,,,,,Vietnam,VN,,no,,,male,,0,0
KH07497,17482626,,,,,,,,,Vietnam,VN,,no,,,male,,0,0
KH07498,17482627,,,,,,,,,Vietnam,VN,,no,,,male,,0,0
KH07499,17482628,,,,,,,,,Vietnam,VN,,no,,,female,,0,0
KH07500,17482629,,,,,,,,,Vietnam,VN,,no,,,male,,0,0
KH07501,17482630,,,,,,,,,Vietnam,VN,,no,,,male,,0,0
KH07502,17482631,,,,,,,,,Vietnam,VN,,no,,,other,,0,0
KH07503,17482632,,,,,,,,,Vietnam,VN,,no,,,other,,0,0
KH07504,17482633,,,,,,,,,Vietnam,VN,,no,,,other,,0,0
KH07505,17482634,,,,,,,,,Vietnam,VN,,no,,,other,,0,0
KH07506,17482635,,,,,,,,,Vietnam,VN,,no,,,male,,0,0
KH07507,17482636,,,,,,,,,Vietnam,VN,,no,,,other,,0,0
KH07508,17482637,,,,,,,,,Vietnam,VN,,no,,,other,,4525000,2
KH07509,17482638,,,,,,,,,Vietnam,VN,,no,,,other,,0,0
KH07510,17482639,,,,,,,,,Vietnam,VN,,no,,,other,,0,0
KH07511,17482640,,,,,,,,,Vietnam,VN,,no,,,female,,0,0
KH07512,17482641,,,,,,,,,Vietnam,VN,,no,,,male,,0,0
KH07513,17482642,,,,,,,,,Vietnam,VN,,no,,,male,,0,0
KH07514,17482643,,,,,,,,,Vietnam,VN,,no,,,male,,0,0
KH07515,17482644,,,,,,,,,,,,no,,,male,,0,0
KH07516,17482645,,,,,,,,,Vietnam,VN,,no,,,female,,0,0
KH07517,17482646,,,,,,,,,Vietnam,VN,,no,,,male,,0,0
KH07518,17482647,,,,,,,,,Vietnam,VN,,no,,,female,,0,0
KH07519,17482648,,,,,,,,,Vietnam,VN,,no,,,female,,0,0
KH07520,17482649,,,,,,,,,,,,no,,,male,,0,0
KH07521,17482650,,,,,,,,,Vietnam,VN,,no,,,other,,0,0
KH07522,17482651,,,,,,,,,,,,no,,,male,,1600000,1
KH07523,17482652,,,,,,,,,,,,no,,,male,,0,0
KH07524,17482653,,,,,,,,,Vietnam,VN,,no,,,male,,0,0
KH07525,17482654,,,,,,,,,Vietnam,VN,,no,,,female,,440000,1
KH07526,17482655,,,,,,,,,Vietnam,VN,,no,,,male,,0,0
KH07527,17482656,,,,,,,,,Vietnam,VN,,no,,,male,,0,0
KH07528,17482657,,,,,,,,,Vietnam,VN,,no,,,male,,0,0
KH07529,17482658,,,,,,,,,Vietnam,VN,,no,,,male,,0,0
KH07530,17482659,,,,,,,,,,,,no,,,male,,125000,1
KH07531,17482660,,,,,,,,,,,,no,,,male,,0,0
KH07532,17482661,,,,,,,,,Vietnam,VN,,no,,,male,,0,0
KH07533,17482662,,,,,,,,,Vietnam,VN,,no,,,male,,0,0
KH07534,17482663,,,,,,,,,Vietnam,VN,,no,sapo_social,,female,,1444600,2
KH07535,17482664,,,,,,,,,Vietnam,VN,,no,,,male,,0,0
KH07536,17482665,,,,,,,,,Vietnam,VN,,no,,,male,,0,0
KH07537,17482666,,,,,,,,,Vietnam,VN,,no,,,female,,0,0
KH07538,17482667,,,,,,,,,Vietnam,VN,,no,,,female,,0,0
KH07539,17482668,,,,,,,,,Vietnam,VN,,no,,,female,,0,0
KH07540,17482669,,,,,,,,,Vietnam,VN,,no,,,male,,0,0
KH07541,17482670,,,,,,,,,Vietnam,VN,,no,,,male,,0,0
KH07542,17482671,,,,,,,,,Vietnam,VN,,no,,,male,,0,0
KH07543,17482672,,,,,,,,,Vietnam,VN,,no,,,male,,0,0
KH07544,17482673,,,,,,,,,,,,no,,,female,,0,0
KH07545,17482674,,,,,,,,,Vietnam,VN,,no,,,male,,0,0
KH07546,17482675,,,,,,,,,Vietnam,VN,,no,,,male,,0,0
KH07547,17482676,,,,,,,,,Vietnam,VN,,no,,,female,,0,0
KH07548,17482677,,,,,,,,,Vietnam,VN,,no,,,male,,0,0
KH07549,17482678,,,,,,,,,Vietnam,VN,,no,,,female,,4270000,1
KH07550,17482679,,,,,,,,,Vietnam,VN,,no,,,other,,0,0
KH07551,17482680,,,,,,,,,Vietnam,VN,,no,,,female,,0,0
KH07552,17482681,,,,,,,,,Vietnam,VN,,no,,,female,,0,0
KH07553,17482682,,,,,,,,,Vietnam,VN,,no,,,male,,0,0
KH07554,17482683,,,,,,,,,Vietnam,VN,,no,,,other,,0,0
KH07555,17482684,,,,,,,,,,,,no,,,male,,1600000,1
KH07556,17482685,,,,,,,,,Vietnam,VN,,no,,,female,,0,0
KH07557,17482686,,,,,,,,,Vietnam,VN,,no,,,male,,0,0
KH07558,17482687,,,,,,,,,Vietnam,VN,,no,,,male,,0,0
KH07559,17482688,,,,,,,,,Vietnam,VN,,no,,,female,,0,0
KH07560,17482689,,,,,,,,,Vietnam,VN,,no,,,male,,0,0
KH07561,17482690,,,,,,,,,Vietnam,VN,,no,,,female,,0,0
KH07562,17482691,,,,,,,,,Vietnam,VN,,no,,,male,,0,0
KH07563,17482692,,,,,,,,,Vietnam,VN,,no,,,female,,0,0
KH07564,17482693,,,,,,,,,Vietnam,VN,,no,,,female,,0,0
KH07565,17482694,,,,,,,,,Vietnam,VN,,no,,,male,,0,0
KH07566,17482695,,,,,,,,,Vietnam,VN,,no,,,male,,0,0
KH07567,17482696,,,,,,,,,Vietnam,VN,,no,,,female,,0,0
KH07568,17482697,,,,,,,,,Vietnam,VN,,no,,,female,,0,0
KH07569,17482698,,,,,,,,,,,,no,,,male,,0,0
KH07570,17482699,,,,,,,,,Vietnam,VN,,no,,,female,,0,0
KH07571,17482700,,,,,,,,,Vietnam,VN,,no,,,female,,0,0
KH07572,17482701,,,,,,,,,Vietnam,VN,,no,,,male,,0,0
KH07573,17482702,,,,,,,,,,,,no,,,female,,0,0
KH07574,17482703,,,,,,,,,,,,no,,,female,,0,0
KH07575,17482704,,,,,,,,,,,,no,,,male,,0,0
KH07576,17482705,,,,,,,,,Vietnam,VN,,no,,,male,,0,0
KH07577,17482706,,,,,,,,,Vietnam,VN,,no,,,male,,0,0
KH07578,17482707,,,,,,,,,Vietnam,VN,,no,,,male,,0,0
KH07579,17482708,,TP Hồ Chí Minh,TP Hồ Chí Minh,2.0,Quận Bình Thạnh,45.0,Phường 11,9280.0,Vietnam,VN,,no,sapo_social,,female,,2577000,5
KH07580,17482709,,,,,,,,,,,,no,,,male,,0,0
KH07581,17482710,,,,,,,,,,,,no,,,male,,0,0
KH07582,17482711,,,,,,,,,,,,no,,,female,,0,0
KH07583,17482712,,,,,,,,,,,,no,,,male,,0,0
KH07584,17482713,,,,,,,,,,,,no,,,male,,0,0
KH07585,17482714,,,,,,,,,Vietnam,VN,,no,,,male,,0,0
KH07586,17482715,,,,,,,,,Vietnam,VN,,no,,,male,,0,0
KH07587,17482716,,,,,,,,,Vietnam,VN,,no,,,male,,0,0
KH07588,17482717,,,,,,,,,Vietnam,VN,,no,,,female,,0,0
KH07589,17482718,,,,,,,,,,,,no,,,female,,0,0
KH07590,17482719,,,,,,,,,,,,no,,,male,,0,0
KH07591,17482720,,,,,,,,,,,,no,,,female,,0,0
KH07592,17482721,,Đồng Nai,Đồng Nai,21.0,,,,,Vietnam,VN,,no,,,male,,0,0
KH07593,17482722,,,,,,,,,Vietnam,VN,,no,,,male,,0,0
KH07594,17482723,,,,,,,,,Vietnam,VN,,no,,,male,,0,0
KH07595,17482724,,,,,,,,,Vietnam,VN,,no,,,male,,0,0
KH07596,17482725,,,,,,,,,Vietnam,VN,,no,,,male,,0,0
KH07597,17482726,,,,,,,,,Vietnam,VN,,no,,,male,,0,0
KH07598,17482727,,,,,,,,,,,,no,,,male,,0,0
KH07599,17482728,,,,,,,,,Vietnam,VN,,no,,,male,,0,0
KH07600,17482729,,,,,,,,,Vietnam,VN,,no,,,male,,0,0
KH07601,17482730,,,,,,,,,,,,no,,,male,,0,0
KH07602,17482731,,,,,,,,,,,,no,,,other,,0,0
KH07603,17482732,,,,,,,,,Vietnam,VN,,no,,,female,,0,0
KH07604,17482733,,,,,,,,,Vietnam,VN,,no,,,other,,0,0
KH07605,17482734,,,,,,,,,,,,no,,,male,,0,0
KH07606,17482735,,,,,,,,,,,,no,,,female,,0,0
KH07607,17482736,,,,,,,,,,,,no,,,male,,0,0
KH07608,17482737,,,,,,,,,,,,no,,,male,,0,0
KH07609,17482738,,,,,,,,,Vietnam,VN,,no,,,male,,0,0
KH07610,17482739,,,,,,,,,Vietnam,VN,,no,,,female,,0,0
KH07611,17482740,,,,,,,,,Vietnam,VN,,no,,,male,,0,0
KH07612,17482741,,,,,,,,,Vietnam,VN,,no,,,female,,0,0
KH07613,17482742,,,,,,,,,Vietnam,VN,,no,,,female,,0,0
KH07614,17482743,,,,,,,,,Vietnam,VN,,no,,,female,,0,0
KH07615,17482744,,,,,,,,,Vietnam,VN,,no,,,male,,0,0
KH07616,17482745,,,,,,,,,Vietnam,VN,,no,,,male,,0,0
KH07617,17482746,,,,,,,,,Vietnam,VN,,no,,,female,,0,0
KH07618,17482747,,,,,,,,,,,,no,,,male,,426000,1
KH07619,17482748,,,,,,,,,Vietnam,VN,,no,,,male,,0,0
KH07620,17482749,,,,,,,,,Vietnam,VN,,no,,,male,,0,0
KH07621,17482750,,,,,,,,,Vietnam,VN,,no,,,male,,0,0
KH07622,17482751,,,,,,,,,Vietnam,VN,,no,,,male,,0,0
KH07623,17482752,,,,,,,,,Vietnam,VN,,no,,,female,,0,0
KH07624,17482753,,,,,,,,,,,,no,,,female,,0,0
KH07625,17482754,,,,,,,,,Vietnam,VN,,no,,,female,,0,0
KH07626,17482755,,TP Hồ Chí Minh,TP Hồ Chí Minh,2.0,Quận Phú Nhuận,46.0,Phường 4,9325.0,Vietnam,VN,,no,,,male,,335000,1
KH07627,17482756,,,,,,,,,,,,no,,,other,,0,0
KH07628,17482757,,,,,,,,,,,,no,,,male,,0,0
KH07629,17482758,,,,,,,,,Vietnam,VN,,no,,,female,,0,0
KH07630,17482759,,,,,,,,,,,,no,,,female,,0,0
KH07631,17482760,,,,,,,,,,,,no,,,other,,0,0
KH07632,17482761,,,,,,,,,Vietnam,VN,,no,,,male,,0,0
KH07633,17482762,,,,,,,,,Vietnam,VN,,no,,,female,,0,0
KH07634,17482763,,,,,,,,,,,,no,,,male,,0,0
KH07635,17482764,,,,,,,,,Vietnam,VN,,no,,,female,,0,0
KH07636,17482765,,,,,,,,,Vietnam,VN,,no,,,female,,0,0
KH07637,17482766,,,,,,,,,Vietnam,VN,,no,,,female,,0,0
KH07638,17482767,,,,,,,,,Vietnam,VN,,no,,,male,,0,0
KH07639,17482768,,,,,,,,,Vietnam,VN,,no,,,female,,0,0
KH07640,17482769,,,,,,,,,Vietnam,VN,,no,,,male,,0,0
KH07641,17482770,,,,,,,,,,,,no,,,female,,0,0
KH07642,17482771,,,,,,,,,Vietnam,VN,,no,,,female,,0,0
KH07643,17482772,,,,,,,,,Vietnam,VN,,no,,,female,,0,0
KH07644,17482773,,,,,,,,,Vietnam,VN,,no,,,male,,0,0
KH07645,17482774,,,,,,,,,Vietnam,VN,,no,,,male,,0,0
KH07646,17482775,,,,,,,,,Vietnam,VN,,no,,,female,,0,0
KH07647,17482776,,,,,,,,,Vietnam,VN,,no,,,male,,0,0
KH07648,17482777,,,,,,,,,Vietnam,VN,,no,,,female,,0,0
KH07649,17482778,,,,,,,,,,,,no,,,female,,0,0
KH07650,17482779,,,,,,,,,Vietnam,VN,,no,,,female,,0,0
KH07651,17482780,,,,,,,,,,,,no,,,male,,0,0
KH07652,17482781,,,,,,,,,,,,no,,,female,,0,0
KH07653,17482782,,,,,,,,,Vietnam,VN,,no,,,male,,0,0
KH07654,17482783,,,,,,,,,Vietnam,VN,,no,,,male,,0,0
KH07655,17482784,,,,,,,,,,,,no,,,male,,0,0
KH07656,17482785,,,,,,,,,,,,no,,,female,,0,0
KH07657,17482786,,,,,,,,,,,,no,,,female,,0,0
KH07658,17482787,,,,,,,,,Vietnam,VN,,no,,,female,,0,0
KH07659,17482788,,,,,,,,,Vietnam,VN,,no,,,male,,0,0
KH07660,17482789,,,,,,,,,,,,no,,,male,,0,0
KH07661,17482790,,,,,,,,,,,,no,,,male,,0,0
KH07662,17482791,,,,,,,,,,,,no,,,female,,0,0
KH07663,17482792,,,,,,,,,,,,no,,,male,,0,0
KH07664,17482793,,,,,,,,,,,,no,,,male,,0,0
KH07665,17482794,,,,,,,,,,,,no,,,male,,0,0
KH07666,17482795,,,,,,,,,,,,no,,,male,,0,0
KH07667,17482796,,,,,,,,,,,,no,,,female,,0,0
KH07668,17482797,,,,,,,,,,,,no,,,female,,0,0
KH07669,17482798,,Khánh Hòa,Khánh Hòa,32.0,,,,,Vietnam,VN,,no,,,female,,0,0
KH07670,17482799,,,,,,,,,,,,no,,,female,,0,0
KH07671,17482800,,,,,,,,,Vietnam,VN,,no,,,other,,0,0
KH07672,17482801,,,,,,,,,Vietnam,VN,,no,,,female,,0,0
KH07673,17482802,,,,,,,,,Vietnam,VN,,no,,,female,,0,0
KH07674,17482803,,,,,,,,,Vietnam,VN,,no,,,male,,0,0
KH07675,17482804,,,,,,,,,Vietnam,VN,,no,,,male,,0,0
KH07676,17482805,,,,,,,,,Vietnam,VN,,no,,,male,,0,0
KH07677,17482806,,,,,,,,,Vietnam,VN,,no,,,male,,0,0
KH07678,17482807,,,,,,,,,,,,no,,,male,,0,0
KH07679,17482808,,,,,,,,,,,,no,,,female,,0,0
KH07680,17482809,,,,,,,,,Vietnam,VN,,no,,,male,,0,0
KH07681,17482810,,,,,,,,,Vietnam,VN,,no,,,female,,3809500,7
KH07682,17482811,,,,,,,,,Vietnam,VN,,no,,,male,,0,0
KH07683,17482812,,,,,,,,,,,,no,,,male,,0,0
KH07684,17482813,,,,,,,,,Vietnam,VN,,no,,,male,,0,0
KH07685,17482814,,,,,,,,,,,,no,,,male,,0,0
KH07686,17482815,,,,,,,,,,,,no,,,male,,0,0
KH07687,17482816,,,,,,,,,Vietnam,VN,,no,,,female,,0,0
KH07688,17482817,,,,,,,,,Vietnam,VN,,no,,,male,,0,0
KH07689,17482818,,,,,,,,,Vietnam,VN,,no,,,female,,0,0
KH07690,17482819,,,,,,,,,Vietnam,VN,,no,,,male,,0,0
KH07691,17482820,,,,,,,,,,,,no,,,male,,0,0
KH07692,17482821,,,,,,,,,,,,no,,,male,,0,0
KH07693,17482822,,,,,,,,,,,,no,,,female,,0,0
KH07694,17482823,,,,,,,,,Vietnam,VN,,no,,,male,,0,0
KH07695,17482824,,,,,,,,,,,,no,,,male,,0,0
KH07696,17482825,,,,,,,,,,,,no,,,male,,0,0
KH07697,17482826,,,,,,,,,Vietnam,VN,,no,,,male,,0,0
KH07698,17482827,,,,,,,,,Vietnam,VN,,no,,,male,,0,0
KH07699,17482828,,,,,,,,,Vietnam,VN,,no,,,male,,0,0
KH07700,17482829,,,,,,,,,Vietnam,VN,,no,,,female,,0,0
KH07701,17482830,,,,,,,,,Vietnam,VN,,no,,,male,,0,0
KH07702,17482831,,,,,,,,,,,,no,,,other,,0,0
KH07703,17482832,,TP Hồ Chí Minh,TP Hồ Chí Minh,2.0,Quận Gò Vấp,42.0,Phường 1,9274.0,Vietnam,VN,,no,sapo_social,,male,,12020000,5
KH07704,17482833,,,,,,,,,,,,no,,,male,,0,0
KH07705,17482834,,,,,,,,,Vietnam,VN,,no,,,male,,0,0
KH07706,17482835,,,,,,,,,Vietnam,VN,,no,,,female,,0,0
KH07707,17482836,,,,,,,,,,,,no,,,male,,1880000,3
KH07708,17482837,,,,,,,,,,,,no,,,male,,0,0
KH07709,17482838,,,,,,,,,,,,no,,,male,,0,0
KH07710,17482839,,,,,,,,,Vietnam,VN,,no,,,male,,0,0
KH07711,17482840,,,,,,,,,,,,no,,,female,,0,0
KH07712,17482841,,,,,,,,,Vietnam,VN,,no,,,female,,0,0
KH07713,17482842,,,,,,,,,Vietnam,VN,,no,,,male,,0,0
KH07714,17482843,,,,,,,,,Vietnam,VN,,no,,,male,,0,0
KH07715,17482844,,Tây Ninh,Tây Ninh,53.0,,,,,Vietnam,VN,,no,,,female,,0,0
KH07716,17482845,,,,,,,,,,,,no,,,female,,0,0
KH07717,17482846,,,,,,,,,,,,no,,,male,,0,0
KH07718,17482847,,,,,,,,,,,,no,,,female,,0,0
KH07719,17482848,,,,,,,,,,,,no,,,other,,0,0
KH07720,17482849,,Hà Nội,Hà Nội,1.0,,,,,Vietnam,VN,,no,,,other,,0,0
KH07721,17482850,,,,,,,,,Vietnam,VN,,no,,,male,,0,0
KH07722,17482851,,,,,,,,,Vietnam,VN,,no,,,male,,0,0
KH07723,17482852,,,,,,,,,,,,no,,,male,,0,0
KH07724,17482853,,,,,,,,,,,,no,,,female,,0,0
KH07725,17482854,,,,,,,,,,,,no,,,male,,0,0
KH07726,17482855,,,,,,,,,Vietnam,VN,,no,,,male,,0,0
KH07727,17482856,,,,,,,,,Vietnam,VN,,no,,,male,,0,0
KH07728,17482857,,,,,,,,,Vietnam,VN,,no,,,male,,0,0
KH07729,17482858,,,,,,,,,,,,no,,,male,,385000,1
KH07730,17482859,,,,,,,,,,,,no,,,male,,1160000,4
KH07731,17482860,,,,,,,,,Vietnam,VN,,no,,,female,,0,0
KH07732,17482861,,,,,,,,,,,,no,,,male,,0,0
KH07733,17482862,,,,,,,,,,,,no,,,other,,0,0
KH07734,17482863,,,,,,,,,,,,no,,,other,,0,0
KH07735,17482864,,,,,,,,,,,,no,,,female,,2954250,3
KH07736,17482865,,,,,,,,,,,,no,,,male,,0,0
KH07737,17482866,,,,,,,,,,,,no,,,female,,1480000,1
KH07738,17482867,,,,,,,,,,,,no,,,male,,0,0
KH07739,17482868,,,,,,,,,,,,no,,,female,,0,0
KH07740,17482869,,,,,,,,,Vietnam,VN,,no,,,male,,0,0
KH07741,17482870,,,,,,,,,,,,no,,,other,,0,0
KH07742,17482871,,,,,,,,,Vietnam,VN,,no,,,female,,0,0
KH07743,17482872,,,,,,,,,Vietnam,VN,,no,,,male,,0,0
KH07744,17482873,,,,,,,,,Vietnam,VN,,no,,,male,,0,0
KH07745,17482874,,,,,,,,,Vietnam,VN,,no,,,female,,0,0
KH07746,17482875,,,,,,,,,Vietnam,VN,,no,,,female,,0,0
KH07747,17482876,,,,,,,,,Vietnam,VN,,no,,,male,,0,0
KH07748,17482877,,,,,,,,,Vietnam,VN,,no,,,female,,0,0
KH07749,17482878,,,,,,,,,Vietnam,VN,,no,,,male,,0,0
KH07750,17482879,,,,,,,,,,,,no,,,male,,0,0
KH07751,17482880,,,,,,,,,,,,no,,,male,,5520000,3
KH07752,17482881,,,,,,,,,,,,no,,,male,,0,0
KH07753,17482882,,,,,,,,,Vietnam,VN,,no,,,female,,0,0
KH07754,17482883,,,,,,,,,Vietnam,VN,,no,,,male,,0,0
KH07755,17482884,,,,,,,,,,,,no,,,male,,0,0
KH07756,17482885,,,,,,,,,,,,no,,,male,,0,0
KH07757,17482886,,,,,,,,,,,,no,,,male,,0,0
KH07758,17482887,,,,,,,,,Vietnam,VN,,no,,,female,,0,0
KH07759,17482888,,,,,,,,,Vietnam,VN,,no,,,male,,0,0
KH07760,17482889,,,,,,,,,Vietnam,VN,,no,,,male,,0,0
KH07761,17482890,,,,,,,,,Vietnam,VN,,no,,,male,,0,0
KH07762,17482891,,,,,,,,,Vietnam,VN,,no,,,female,,0,0
KH07763,17482892,,,,,,,,,Vietnam,VN,,no,,,male,,0,0
KH07764,17482893,,,,,,,,,Vietnam,VN,,no,,,female,,0,0
KH07765,17482894,,,,,,,,,,,,no,,,male,,0,0
KH07766,17482895,,,,,,,,,,,,no,,,male,,0,0
KH07767,17482896,,,,,,,,,,,,no,,,male,,0,0
KH07768,17482897,,,,,,,,,Vietnam,VN,,no,,,female,,0,0
KH07769,17482898,,,,,,,,,Vietnam,VN,,no,,,male,,3870000,3
KH07770,17482899,,,,,,,,,,,,no,,,male,,0,0
KH07771,17482900,,,,,,,,,,,,no,,,other,,0,0
KH07772,17482901,,,,,,,,,,,,no,,,male,,0,0
KH07773,17482902,,,,,,,,,,,,no,,,male,,0,0
KH07774,17482903,,,,,,,,,,,,no,,,male,,0,0
KH07775,17482904,,,,,,,,,,,,no,,,male,,484000,1
KH07776,17482905,,,,,,,,,,,,no,,,male,,0,0
KH07777,17482906,,,,,,,,,,,,no,,,female,,0,0
KH07778,17482907,,,,,,,,,Vietnam,VN,,no,,,male,,0,0
KH07779,17482908,,,,,,,,,Vietnam,VN,,no,,,male,,0,0
KH07780,17482909,,,,,,,,,,,,no,,,male,,0,0
KH07781,17482910,,,,,,,,,Vietnam,VN,,no,,,male,,0,0
KH07782,17482911,,,,,,,,,Vietnam,VN,,no,,,male,,0,0
KH07783,17482912,,,,,,,,,Vietnam,VN,,no,,,male,,0,0
KH07784,17482913,,,,,,,,,,,,no,,,male,,0,0
KH07785,17482914,,,,,,,,,Vietnam,VN,,no,,,male,,0,0
KH07786,17482915,,,,,,,,,Vietnam,VN,,no,,,male,,0,0
KH07787,17482916,,,,,,,,,Vietnam,VN,,no,,,male,,0,0
KH07788,17482917,,,,,,,,,,,,no,,,other,,0,0
KH07789,17482918,,,,,,,,,,,,no,,,male,,0,0
KH07790,17482919,,,,,,,,,,,,no,,,male,,0,0
KH07791,17482920,,,,,,,,,,,,no,,,male,,0,0
KH07792,17482921,,,,,,,,,,,,no,,,female,,0,0
KH07793,17482922,,,,,,,,,,,,no,,,female,,0,0
KH07794,17482923,,,,,,,,,Vietnam,VN,,no,,,male,,0,0
KH07795,17482924,,,,,,,,,Vietnam,VN,,no,,,male,,0,0
KH07796,17482925,,,,,,,,,Vietnam,VN,,no,,,male,,0,0
KH07797,17482926,,,,,,,,,,,,no,,,male,,0,0
KH07798,17482927,,,,,,,,,,,,no,,,female,,0,0
KH07799,17482928,,,,,,,,,,,,no,,,other,,0,0
KH07800,17482929,,,,,,,,,Vietnam,VN,,no,,,male,,0,0
KH07801,17482930,,,,,,,,,Vietnam,VN,,no,,,male,,0,0
KH07802,17482931,,,,,,,,,Vietnam,VN,,no,,,male,,0,0
KH07803,17482932,,,,,,,,,Vietnam,VN,,no,,,female,,0,0
KH07804,17482933,,,,,,,,,,,,no,,,male,,0,0
KH07805,17482934,,,,,,,,,,,,no,,,male,,0,0
KH07806,17482935,,,,,,,,,,,,no,,,male,,715000,1
KH07807,17482936,,,,,,,,,Vietnam,VN,,no,,,female,,0,0
KH07808,17482937,,,,,,,,,,,,no,,,female,,0,0
KH07809,17482938,,,,,,,,,,,,no,,,female,,0,0
KH07810,17482939,,,,,,,,,,,,no,,,female,,0,0
KH07811,17482940,,,,,,,,,,,,no,,,male,,0,0
KH07812,17482941,,,,,,,,,,,,no,,,male,,0,0
KH07813,17482942,,,,,,,,,,,,no,,,male,,0,0
KH07814,17482943,,,,,,,,,,,,no,,,male,,0,0
KH07815,17482944,,,,,,,,,Vietnam,VN,,no,,,male,,0,0
KH07816,17482945,,,,,,,,,,,,no,,,female,,0,0
KH07817,17482946,,,,,,,,,,,,no,,,male,,0,0
KH07818,17482947,,,,,,,,,Vietnam,VN,,no,,,female,,0,0
KH07819,17482948,,,,,,,,,Vietnam,VN,,no,,,female,,0,0
KH07820,17482949,,,,,,,,,,,,no,,,female,,0,0
KH07821,17482950,,,,,,,,,,,,no,,,male,,0,0
KH07822,17482951,,,,,,,,,,,,no,,,male,,0,0
KH07823,17482952,,,,,,,,,Vietnam,VN,,no,,,female,,0,0
KH07824,17482953,,,,,,,,,Vietnam,VN,,no,,,male,,0,0
KH07825,17482954,,,,,,,,,Vietnam,VN,,no,,,male,,0,0
KH07826,17482955,,,,,,,,,Vietnam,VN,,no,,,male,,0,0
KH07827,17482956,,,,,,,,,Vietnam,VN,,no,,,female,,0,0
KH07828,17482957,,,,,,,,,Vietnam,VN,,no,,,male,,0,0
KH07829,17482958,,,,,,,,,Vietnam,VN,,no,,,male,,0,0
KH07830,17482959,,,,,,,,,,,,no,,,male,,0,0
KH07831,17482960,,,,,,,,,Vietnam,VN,,no,,,male,,0,0
KH07832,17482961,,,,,,,,,Vietnam,VN,,no,,,female,,0,0
KH07833,17482962,,,,,,,,,,,,no,,,male,,0,0
KH07834,17482963,,,,,,,,,,,,no,,,male,,0,0
KH07835,17482964,,,,,,,,,,,,no,,,female,,0,0
KH07836,17482965,,,,,,,,,,,,no,,,male,,0,0
KH07837,17482966,,,,,,,,,,,,no,,,male,,0,0
KH07838,17482967,,,,,,,,,Vietnam,VN,,no,,,other,,0,0
KH07839,17482968,,,,,,,,,Vietnam,VN,,no,,,male,,0,0
KH07840,17482969,,,,,,,,,,,,no,,,female,,0,0
KH07841,17482970,,,,,,,,,,,,no,,,male,,0,0
KH07842,17482971,,,,,,,,,,,,no,,,male,,0,0
KH07843,17482972,,,,,,,,,,,,no,,,female,,0,0
KH07844,17482973,,,,,,,,,,,,no,,,male,,0,0
KH07845,17482974,,,,,,,,,Vietnam,VN,,no,,,male,,0,0
KH07846,17482975,,,,,,,,,Vietnam,VN,,no,,,male,,0,0
KH07847,17482976,,,,,,,,,Vietnam,VN,,no,,,male,,0,0
KH07848,17482977,,Long An,Long An,39.0,,,,,Vietnam,VN,,no,,,male,,0,0
KH07849,17482978,,,,,,,,,Vietnam,VN,,yes,,,male,1976-07-26,410000,1
KH07850,17482979,,,,,,,,,,,,no,,,male,,1672000,1
KH07851,17482980,,,,,,,,,,,,no,,,male,,0,0
KH07852,17482981,,,,,,,,,,,,no,,,male,,0,0
KH07853,17482982,,,,,,,,,,,,no,,,male,,0,0
KH07854,17482983,,,,,,,,,,,,no,,,other,,0,0
KH07855,17482984,,,,,,,,,,,,no,,,male,,0,0
KH07856,17482985,,,,,,,,,Vietnam,VN,,no,,,other,,0,0
KH07857,17482986,,,,,,,,,Vietnam,VN,,no,,,male,,0,0
KH07858,17482987,,,,,,,,,Vietnam,VN,,no,,,male,,0,0
KH07859,17482988,,,,,,,,,Vietnam,VN,,no,,,female,,0,0
KH07860,17482989,,,,,,,,,Vietnam,VN,,no,,,male,,0,0
KH07861,17482990,,,,,,,,,Vietnam,VN,,no,,,male,,0,0
KH07862,17482991,,,,,,,,,Vietnam,VN,,no,,,other,,0,0
KH07863,17482992,,,,,,,,,,,,no,,,male,,0,0
KH07864,17482993,,,,,,,,,,,,no,,,male,,0,0
KH07865,17482994,,,,,,,,,,,,no,,,male,,0,0
KH07866,17482995,,,,,,,,,,,,no,,,male,,18496500,1
KH07867,17482996,,,,,,,,,Vietnam,VN,,no,,,other,,0,0
KH07868,17482997,,,,,,,,,Vietnam,VN,,no,,,female,,0,0
KH07869,17482998,,,,,,,,,Vietnam,VN,,no,,,male,,0,0
KH07870,17482999,,,,,,,,,,,,no,,,male,,0,0
KH07871,17483000,,,,,,,,,Vietnam,VN,,no,,,male,,0,0
KH07872,17483001,,,,,,,,,Vietnam,VN,,no,,,female,,0,0
KH07873,17483002,,,,,,,,,Vietnam,VN,,no,,,male,,0,0
KH07874,17483003,,,,,,,,,Vietnam,VN,,no,,,female,,0,0
KH07875,17483004,,,,,,,,,,,,no,,,male,,0,0
KH07876,17483005,,,,,,,,,,,,no,,,male,,0,0
KH07877,17483006,,,,,,,,,Vietnam,VN,,no,,,male,,0,0
KH07878,17483007,,,,,,,,,Vietnam,VN,,no,,,other,,0,0
KH07879,17483008,,,,,,,,,,,,no,,,male,,0,0
KH07880,17483009,,Bình Dương,Bình Dương,10.0,,,,,Vietnam,VN,,no,,,other,,0,0
KH07881,17483010,,,,,,,,,Vietnam,VN,,no,,,female,,0,0
KH07882,17483011,,Bình Dương,Bình Dương,10.0,Thành phố Thuận An,701.0,Phường Lái Thiêu,8955.0,Vietnam,VN,,no,sapo_social,,female,,1050000,1
KH07883,17483012,,,,,,,,,Vietnam,VN,,no,,,male,,0,0
KH07884,17483013,,,,,,,,,Vietnam,VN,,no,,,female,,0,0
KH07885,17483014,,,,,,,,,,,,no,,,female,,0,0
KH07886,17483015,,,,,,,,,,,,no,,,male,,0,0
KH07887,17483016,,,,,,,,,Vietnam,VN,,no,,,female,,0,0
KH07888,17483017,,,,,,,,,,,,no,,,male,,0,0
KH07889,17483018,,,,,,,,,,,,no,,,male,,0,0
KH07890,17483019,,,,,,,,,,,,no,,,male,,0,0
KH07891,17483020,,,,,,,,,,,,no,,,male,,0,0
KH07892,17483021,,,,,,,,,Vietnam,VN,,no,,,male,,0,0
KH07893,17483022,,,,,,,,,,,,no,,,male,,0,0
KH07894,17483023,,,,,,,,,,,,no,,,other,,0,0
KH07895,17483024,,,,,,,,,,,,no,,,male,,0,0
KH07896,17483025,,,,,,,,,,,,no,,,female,,0,0
KH07897,17483026,,,,,,,,,,,,no,,,male,,0,0
KH07898,17483027,,,,,,,,,Vietnam,VN,,no,,,male,,0,0
KH07899,17483028,,,,,,,,,,,,no,,,male,,0,0
KH07900,17483029,,,,,,,,,,,,no,,,male,,0,0
KH07901,17483030,,,,,,,,,,,,no,,,male,,0,0
KH07902,17483031,,,,,,,,,Vietnam,VN,,no,,,male,,0,0
KH07903,17483032,,,,,,,,,,,,no,,,male,,0,0
KH07904,17483033,,,,,,,,,,,,no,,,male,,0,0
KH07905,17483034,,,,,,,,,Vietnam,VN,,no,,,other,,0,0
KH07906,17483035,,,,,,,,,Vietnam,VN,,no,,,other,,0,0
KH07907,17483036,,,,,,,,,Vietnam,VN,,no,,,male,,0,0
KH07908,17483037,,,,,,,,,Vietnam,VN,,no,,,male,,980000,1
KH07909,17483038,,,,,,,,,,,,no,,,male,,0,0
KH07910,17483039,,Khánh Hòa,Khánh Hòa,32.0,,,,,Vietnam,VN,,no,,,female,,0,0
KH07911,17483040,,,,,,,,,,,,no,,,male,,0,0
KH07912,17483041,,,,,,,,,Vietnam,VN,,no,,,male,,0,0
KH07913,17483042,,,,,,,,,Vietnam,VN,,no,,,male,,0,0
KH07914,17483043,,,,,,,,,,,,no,,,other,,0,0
KH07915,17483044,,,,,,,,,Vietnam,VN,,no,,,male,,0,0
KH07916,17483045,,,,,,,,,,,,no,,,male,,0,0
KH07917,17483046,,,,,,,,,,,,no,,,male,,0,0
KH07918,17483047,,,,,,,,,,,,no,,,male,,0,0
KH07919,17483048,,,,,,,,,,,,no,,,male,,0,0
KH07920,17483049,,,,,,,,,Vietnam,VN,,no,,,female,,0,0
KH07921,17483050,,,,,,,,,,,,no,,,male,,0,0
KH07922,17483051,,,,,,,,,Vietnam,VN,,no,,,female,,0,0
KH07923,17483052,,,,,,,,,,,,no,,,male,,0,0
KH07924,17483053,,,,,,,,,Vietnam,VN,,no,,,male,,0,0
KH07925,17483054,,,,,,,,,Vietnam,VN,,no,,,male,,0,0
KH07926,17483055,,,,,,,,,Vietnam,VN,,no,,,female,,0,0
KH07927,17483056,,,,,,,,,,,,no,,,male,,0,0
KH07928,17483057,,,,,,,,,,,,no,,,other,,0,0
KH07929,17483058,,,,,,,,,Vietnam,VN,,no,,,male,,0,0
KH07930,17483059,,,,,,,,,Vietnam,VN,,no,,,male,,0,0
KH07931,17483060,,,,,,,,,,,,no,,,other,,0,0
KH07932,17483061,,,,,,,,,Vietnam,VN,,no,,,male,,0,0
KH07933,17483062,,,,,,,,,Vietnam,VN,,no,,,male,,0,0
KH07934,17483063,,,,,,,,,,,,no,,,male,,0,0
KH07935,17483064,,,,,,,,,,,,no,,,female,,0,0
KH07936,17483065,,,,,,,,,,,,no,,,male,,0,0
KH07937,17483066,,,,,,,,,,,,no,,,male,,0,0
KH07938,17483067,,,,,,,,,Vietnam,VN,,no,,,male,,1620000,1
KH07939,17483068,,,,,,,,,Vietnam,VN,,no,,,female,,0,0
KH07940,17483069,,,,,,,,,Vietnam,VN,,no,,,male,,0,0
KH07941,17483070,,,,,,,,,Vietnam,VN,,no,,,male,,0,0
KH07942,17483071,,,,,,,,,Vietnam,VN,,no,,,male,,0,0
KH07943,17483072,,,,,,,,,Vietnam,VN,,no,,,male,,0,0
KH07944,17483073,,,,,,,,,,,,no,,,female,,0,0
KH07945,17483074,,,,,,,,,Vietnam,VN,,no,,,male,,0,0
KH07946,17483075,,,,,,,,,,,,no,,,male,,0,0
KH07947,17483076,,,,,,,,,,,,no,,,female,,0,0
KH07948,17483077,,,,,,,,,,,,no,,,male,,0,0
KH07949,17483078,,,,,,,,,Vietnam,VN,,no,,,female,,0,0
KH07950,17483079,,,,,,,,,,,,no,,,male,,0,0
KH07951,17483080,,,,,,,,,Vietnam,VN,,no,,,male,,0,0
KH07952,17483081,,,,,,,,,,,,no,,,male,,0,0
KH07953,17483082,,,,,,,,,Vietnam,VN,,no,,,male,,0,0
KH07954,17483083,,,,,,,,,,,,no,,,other,,0,0
KH07955,17483084,,,,,,,,,Vietnam,VN,,no,,,male,,0,0
KH07956,17483085,,,,,,,,,Vietnam,VN,,no,,,female,,0,0
KH07957,17483086,,,,,,,,,Vietnam,VN,,no,,,female,,0,0
KH07958,17483087,,,,,,,,,Vietnam,VN,,no,,,male,,0,0
KH07959,17483088,,,,,,,,,,,,no,,,female,,0,0
KH07960,17483089,,,,,,,,,Vietnam,VN,,no,,,male,,0,0
KH07961,17483090,,,,,,,,,Vietnam,VN,,no,,,male,,0,0
KH07962,17483091,,,,,,,,,Vietnam,VN,,no,,,female,,0,0
KH07963,17483092,,,,,,,,,Vietnam,VN,,no,,,male,,0,0
KH07964,17483093,,,,,,,,,,,,no,,,male,,0,0
KH07965,17483094,,,,,,,,,Vietnam,VN,,no,,,other,,0,0
KH07966,17483095,,,,,,,,,Vietnam,VN,,no,,,female,,7015000,5
KH07967,17483096,,,,,,,,,Vietnam,VN,,no,,,male,,0,0
KH07968,17483097,,,,,,,,,Vietnam,VN,,no,,,female,,0,0
KH07969,17483098,,,,,,,,,Vietnam,VN,,no,,,female,,0,0
KH07970,17483099,,,,,,,,,,,,no,,,male,,0,0
KH07971,17483100,,,,,,,,,Vietnam,VN,,no,,,male,,0,0
KH07972,17483101,,,,,,,,,Vietnam,VN,,no,,,female,,0,0
KH07973,17483102,,,,,,,,,Vietnam,VN,,no,,,male,,0,0
KH07974,17483103,,,,,,,,,Vietnam,VN,,no,,,female,,0,0
KH07975,17483104,,,,,,,,,Vietnam,VN,,no,,,male,,0,0
KH07976,17483105,,,,,,,,,Vietnam,VN,,no,,,female,,0,0
KH07977,17483106,,,,,,,,,Vietnam,VN,,no,,,male,,0,0
KH07978,17483107,,Đồng Nai,Đồng Nai,21.0,,,,,Vietnam,VN,,no,,,male,,0,0
KH07979,17483108,,,,,,,,,Vietnam,VN,,no,,,male,,0,0
KH07980,17483109,,,,,,,,,Vietnam,VN,,no,,,female,,0,0
KH07981,17483110,,,,,,,,,Vietnam,VN,,no,,,female,,0,0
KH07982,17483111,,,,,,,,,Vietnam,VN,,no,,,male,,8022260,10
KH07983,17483112,,,,,,,,,Vietnam,VN,,no,,,female,,0,0
KH07984,17483113,,Kiên Giang,Kiên Giang,33.0,,,,,Vietnam,VN,,no,,,male,,0,0
KH07985,17483114,,An Giang,An Giang,3.0,,,,,Vietnam,VN,,no,,,male,,445000,1
KH07986,17483115,,,,,,,,,,,,no,,,male,,550000,1
KH07987,17483116,,,,,,,,,,,,no,,,male,,0,0
KH07988,17483117,,,,,,,,,Vietnam,VN,,no,,,male,,0,0
KH07989,17483118,,,,,,,,,Vietnam,VN,,no,,,male,,0,0
KH07990,17483119,,,,,,,,,,,,no,,,male,,0,0
KH07991,17483120,,,,,,,,,,,,no,,,female,,0,0
KH07992,17483121,,,,,,,,,Vietnam,VN,,no,,,male,,0,0
KH07993,17483122,,,,,,,,,Vietnam,VN,,no,,,male,,0,0
KH07994,17483123,,,,,,,,,Vietnam,VN,,no,,,male,,0,0
KH07995,17483124,,,,,,,,,Vietnam,VN,,no,,,male,,0,0
KH07996,17483125,,,,,,,,,Vietnam,VN,,no,,,male,,0,0
KH07997,17483126,,,,,,,,,Vietnam,VN,,no,,,male,,0,0
KH07998,17483127,,,,,,,,,,,,no,,,male,,0,0
KH07999,17483128,,,,,,,,,Vietnam,VN,,no,,,male,,1568000,2
KH08000,17483129,,,,,,,,,Vietnam,VN,,no,,,male,,0,0
KH08001,17483130,,TP Hồ Chí Minh,TP Hồ Chí Minh,2.0,Quận 2,31.0,Phường An Khánh,9346.0,Vietnam,VN,,no,,,female,,2165000,1
KH08002,17483131,,,,,,,,,,,,no,,,female,,0,0
KH08003,17483132,,,,,,,,,,,,no,,,female,,0,0
KH08004,17483133,,,,,,,,,Vietnam,VN,,no,,,male,,0,0
KH08005,17483134,,,,,,,,,Vietnam,VN,,no,,,male,,0,0
KH08006,17483135,,,,,,,,,Vietnam,VN,,no,,,female,,0,0
KH08007,17483136,,,,,,,,,Vietnam,VN,,no,,,female,,0,0
KH08008,17483137,,,,,,,,,,,,no,,,female,,0,0
KH08009,17483138,,,,,,,,,Vietnam,VN,,no,,,male,,0,0
KH08010,17483139,,,,,,,,,Vietnam,VN,,no,,,male,,0,0
KH08011,17483140,,,,,,,,,,,,no,,,male,,0,0
KH08012,17483141,,,,,,,,,Vietnam,VN,,no,,,other,,0,0
KH08013,17483142,,,,,,,,,Vietnam,VN,,no,,,male,,0,0
KH08014,17483143,,,,,,,,,,,,no,,,male,,0,0
KH08015,17483144,,,,,,,,,Vietnam,VN,,no,,,female,,0,0
KH08016,17483145,,Đồng Nai,Đồng Nai,21.0,,,,,Vietnam,VN,,no,,,male,,0,0
KH08017,17483146,,,,,,,,,,,,no,,,female,,0,0
KH08018,17483147,,,,,,,,,Vietnam,VN,,no,,,male,,0,0
KH08019,17483148,,,,,,,,,,,,no,,,male,,0,0
KH08020,17483149,,,,,,,,,,,,no,,,male,,0,0
KH08021,17483150,,,,,,,,,,,,no,,,male,,0,0
KH08022,17483151,,,,,,,,,,,,no,,,female,,0,0
KH08023,17483152,,,,,,,,,Vietnam,VN,,no,,,male,,0,0
KH08024,17483153,,,,,,,,,Vietnam,VN,,no,,,male,,0,0
KH08025,17483154,,TP Hồ Chí Minh,TP Hồ Chí Minh,2.0,Quận Bình Thạnh,45.0,Phường 25,9284.0,Vietnam,VN,,no,sapo_social,,male,,1073000,1
KH08026,17483155,,,,,,,,,,,,no,,,male,,0,0
KH08027,17483156,,,,,,,,,Vietnam,VN,,no,,,male,,410000,1
KH08028,17483157,,,,,,,,,,,,no,,,female,,0,0
KH08029,17483158,,,,,,,,,Vietnam,VN,,no,,,other,,0,0
KH08030,17483159,,,,,,,,,Vietnam,VN,,no,,,male,,0,0
KH08031,17483160,,,,,,,,,Vietnam,VN,,no,,,male,,0,0
KH08032,17483161,,,,,,,,,Vietnam,VN,,no,,,male,,0,0
KH08033,17483162,,,,,,,,,Vietnam,VN,,no,,,male,,0,0
KH08034,17483163,,,,,,,,,Vietnam,VN,,no,,,male,,0,0
KH08035,17483164,,,,,,,,,Vietnam,VN,,no,,,female,,0,0
KH08036,17483165,,,,,,,,,Vietnam,VN,,no,,,male,,0,0
KH08037,17483166,,,,,,,,,Vietnam,VN,,no,,,male,,0,0
KH08038,17483167,,,,,,,,,Vietnam,VN,,no,,,male,,0,0
KH08039,17483168,,,,,,,,,Vietnam,VN,,no,,,male,,0,0
KH08040,17483169,,,,,,,,,Vietnam,VN,,no,,,male,,0,0
KH08041,17483170,,,,,,,,,Vietnam,VN,,no,sapo_social,,other,,0,0
KH08042,17483171,,,,,,,,,Vietnam,VN,,no,,,male,,0,0
KH08043,17483172,,,,,,,,,Vietnam,VN,,no,,,male,,1480000,1
KH08044,17483173,,,,,,,,,Vietnam,VN,,no,,,male,,0,0
KH08045,17483174,,,,,,,,,Vietnam,VN,,no,,,male,,0,0
KH08046,17483175,,,,,,,,,Vietnam,VN,,no,,,female,,3090000,1
KH08047,17483176,,,,,,,,,Vietnam,VN,,no,,,male,,0,0
KH08048,17483177,,,,,,,,,Vietnam,VN,,no,,,male,,0,0
KH08049,17483178,,,,,,,,,Vietnam,VN,,no,,,male,,0,0
KH08050,17483179,,,,,,,,,Vietnam,VN,,no,,,female,,0,0
KH08051,17483180,,,,,,,,,Vietnam,VN,,no,,,male,,0,0
KH08052,17483181,,,,,,,,,Vietnam,VN,,no,,,female,,0,0
KH08053,17483182,,,,,,,,,Vietnam,VN,,no,,,male,,0,0
KH08054,17483183,,,,,,,,,Vietnam,VN,,no,,,male,,0,0
KH08055,17483184,,,,,,,,,Vietnam,VN,,no,,,male,,0,0
KH08056,17483185,,,,,,,,,Vietnam,VN,,no,,,male,,0,0
KH08057,17483186,,,,,,,,,Vietnam,VN,,no,,,male,,0,0
KH08058,17483187,,,,,,,,,Vietnam,VN,,no,,,other,,0,0
KH08059,17483188,,,,,,,,,Vietnam,VN,,no,,,male,,0,0
KH08060,17483189,,,,,,,,,Vietnam,VN,,no,,,male,,0,0
KH08061,17483190,,,,,,,,,Vietnam,VN,,no,,,female,,0,0
KH08062,17483191,,,,,,,,,Vietnam,VN,,no,,,male,,0,0
KH08063,17483192,,,,,,,,,Vietnam,VN,,no,,,female,,0,0
KH08064,17483193,,,,,,,,,Vietnam,VN,,no,,,male,,0,0
KH08065,17483194,,,,,,,,,Vietnam,VN,,no,,,female,,0,0
KH08066,17483195,,,,,,,,,Vietnam,VN,,no,,,female,,0,0
KH08067,17483196,,,,,,,,,Vietnam,VN,,no,,,male,,0,0
KH08068,17483197,,,,,,,,,Vietnam,VN,,no,,,male,,0,0
KH08069,17483198,,,,,,,,,Vietnam,VN,,no,,,female,,0,0
KH08070,17483199,,,,,,,,,Vietnam,VN,,no,,,male,,0,0
KH08071,17483200,,,,,,,,,Vietnam,VN,,no,,,male,,0,0
KH08072,17483201,,,,,,,,,Vietnam,VN,,no,,,male,,0,0
KH08073,17483202,,,,,,,,,Vietnam,VN,,no,,,male,,0,0
KH08074,17483203,,,,,,,,,Vietnam,VN,,no,,,male,,0,0
KH08075,17483204,,,,,,,,,Vietnam,VN,,no,,,female,,0,0
KH08076,17483205,,,,,,,,,Vietnam,VN,,no,,,male,,0,0
KH08077,17483206,,,,,,,,,Vietnam,VN,,no,,,male,,0,0
KH08078,17483207,,,,,,,,,Vietnam,VN,,no,,,female,,0,0
KH08079,17483208,,,,,,,,,Vietnam,VN,,no,,,male,,0,0
KH08080,17483209,,,,,,,,,Vietnam,VN,,no,,,female,,0,0
KH08081,17483210,,,,,,,,,Vietnam,VN,,no,,,male,,0,0
KH08082,17483211,,,,,,,,,,,,no,,,female,,0,0
KH08083,17483212,,,,,,,,,Vietnam,VN,,no,,,female,,0,0
KH08084,17483213,,,,,,,,,Vietnam,VN,,no,,,male,,0,0
KH08085,17483214,,,,,,,,,Vietnam,VN,,no,,,male,,791000,1
KH08086,17483215,,,,,,,,,,,,no,,,male,,0,0
KH08087,17483216,,,,,,,,,Vietnam,VN,,no,,,female,,0,0
KH08088,17483217,,,,,,,,,Vietnam,VN,,no,,,male,,0,0
KH08089,17483218,,,,,,,,,Vietnam,VN,,no,,,male,,0,0
KH08090,17483219,,,,,,,,,Vietnam,VN,,no,,,male,,0,0
KH08091,17483220,,,,,,,,,,,,no,,,male,,0,0
KH08092,17483221,,,,,,,,,Vietnam,VN,,no,,,male,,0,0
KH08093,17483222,,,,,,,,,Vietnam,VN,,no,,,female,,0,0
KH08094,17483223,,,,,,,,,Vietnam,VN,,no,,,male,,0,0
KH08095,17483224,,,,,,,,,Vietnam,VN,,no,,,male,,0,0
KH08096,17483225,,,,,,,,,Vietnam,VN,,no,,,male,,0,0
KH08097,17483226,,,,,,,,,Vietnam,VN,,no,,,male,,0,0
KH08098,17483227,,,,,,,,,,,,no,,,male,,0,0
KH08099,17483228,,,,,,,,,Vietnam,VN,,no,,,male,,0,0
KH08100,17483229,,,,,,,,,,,,no,,,male,,0,0
KH08101,17483230,,,,,,,,,Vietnam,VN,,no,,,male,,0,0
KH08102,17483231,,,,,,,,,Vietnam,VN,,no,,,male,,0,0
KH08103,17483232,,,,,,,,,Vietnam,VN,,no,,,male,,0,0
KH08104,17483233,,,,,,,,,Vietnam,VN,,no,,,male,,0,0
KH08105,17483234,,,,,,,,,Vietnam,VN,,no,,,male,,0,0
KH08106,17483235,,,,,,,,,Vietnam,VN,,no,,,male,,1415000,1
KH08107,17483236,,,,,,,,,Vietnam,VN,,no,,,male,,0,0
KH08108,17483237,,,,,,,,,Vietnam,VN,,no,,,female,,0,0
KH08109,17483238,,,,,,,,,,,,no,,,male,,0,0
KH08110,17483239,,,,,,,,,Vietnam,VN,,no,,,female,,0,0
KH08111,17483240,,,,,,,,,Vietnam,VN,,no,,,male,,0,0
KH08112,17483241,,,,,,,,,Vietnam,VN,,no,,,female,,0,0
KH08113,17483242,,,,,,,,,Vietnam,VN,,no,,,female,,0,0
KH08114,17483243,,,,,,,,,Vietnam,VN,,no,,,female,,0,0
KH08115,17483244,,,,,,,,,,,,no,,,female,,0,0
KH08116,17483245,,,,,,,,,,,,no,,,female,,0,0
KH08117,17483246,,,,,,,,,,,,no,,,female,,0,0
KH08118,17483247,,,,,,,,,,,,no,,,male,,0,0
KH08119,17483248,,,,,,,,,,,,no,,,male,,0,0
KH08120,17483249,,,,,,,,,,,,no,,,female,,3780000,2
KH08121,17483250,,,,,,,,,Vietnam,VN,,no,,,male,,0,0
KH08122,17483251,,,,,,,,,,,,no,,,female,,0,0
KH08123,17483252,,,,,,,,,Vietnam,VN,,no,,,male,,5861000,2
KH08124,17483253,,,,,,,,,Vietnam,VN,,no,,,female,,0,0
KH08125,17483254,,,,,,,,,,,,no,,,female,,0,0
KH08126,17483255,,,,,,,,,,,,no,,,male,,1450000,1
KH08127,17483256,,,,,,,,,Vietnam,VN,,no,,,male,,0,0
KH08128,17483257,,,,,,,,,,,,no,,,other,,0,0
KH08129,17483258,,,,,,,,,,,,no,,,male,,0,0
KH08130,17483259,,,,,,,,,,,,no,,,male,,0,0
KH08131,17483260,,,,,,,,,,,,no,,,male,,0,0
KH08132,17483261,,,,,,,,,,,,no,,,male,,0,0
KH08133,17483262,,,,,,,,,,,,no,,,male,,0,0
KH08134,17483263,,,,,,,,,Vietnam,VN,,no,,,female,,0,0
KH08135,17483264,,,,,,,,,,,,no,,,female,,0,0
KH08136,17483265,,,,,,,,,Vietnam,VN,,no,,,female,,0,0
KH08137,17483266,,,,,,,,,Vietnam,VN,,no,,,female,,0,0
KH08138,17483267,,,,,,,,,,,,no,,,other,,0,0
KH08139,17483268,,,,,,,,,Vietnam,VN,,no,,,female,,0,0
KH08140,17483269,,,,,,,,,,,,no,,,other,,0,0
KH08141,17483270,,,,,,,,,Vietnam,VN,,no,,,female,,0,0
KH08142,17483271,,,,,,,,,Vietnam,VN,,no,,,female,,0,0
KH08143,17483272,,,,,,,,,Vietnam,VN,,no,,,male,,0,0
KH08144,17483273,,,,,,,,,Vietnam,VN,,no,,,male,,0,0
KH08145,17483274,,,,,,,,,Vietnam,VN,,no,,,male,,0,0
KH08146,17483275,,,,,,,,,,,,no,,,female,,0,0
KH08147,17483276,,,,,,,,,Vietnam,VN,,no,,,male,,0,0
KH08148,17483277,,,,,,,,,,,,no,,,other,,0,0
KH08149,17483278,,,,,,,,,Vietnam,VN,,no,,,male,,0,0
KH08150,17483279,,,,,,,,,Vietnam,VN,,no,,,male,,0,0
KH08151,17483280,,,,,,,,,,,,no,,,male,,0,0
KH08152,17483281,,,,,,,,,Vietnam,VN,,no,,,male,,0,0
KH08153,17483282,,,,,,,,,,,,no,,,male,,0,0
KH08154,17483283,,,,,,,,,Vietnam,VN,,no,,,male,,0,0
KH08155,17483284,,,,,,,,,Vietnam,VN,,no,,,male,,0,0
KH08156,17483285,,,,,,,,,Vietnam,VN,,no,,,female,,0,0
KH08157,17483286,,,,,,,,,,,,no,,,male,,0,0
KH08158,17483287,,,,,,,,,,,,no,,,male,,4430000,2
KH08159,17483288,,,,,,,,,Vietnam,VN,,no,,,male,,0,0
KH08160,17483289,,,,,,,,,Vietnam,VN,,no,,,male,,0,0
KH08161,17483290,,,,,,,,,Vietnam,VN,,no,,,male,,0,0
KH08162,17483291,,,,,,,,,Vietnam,VN,,no,,,male,,0,0
KH08163,17483292,,,,,,,,,Vietnam,VN,,no,,,male,,0,0
KH08164,17483293,,,,,,,,,Vietnam,VN,,no,,,male,,0,0
KH08165,17483294,,,,,,,,,Vietnam,VN,,no,,,female,,0,0
KH08166,17483295,,,,,,,,,Vietnam,VN,,no,,,male,,0,0
KH08167,17483296,,,,,,,,,Vietnam,VN,,no,,,female,,0,0
KH08168,17483297,,,,,,,,,Vietnam,VN,,no,,,male,,0,0
KH08169,17483298,,,,,,,,,Vietnam,VN,,no,,,male,,0,0
KH08170,17483299,,,,,,,,,Vietnam,VN,,no,,,female,,0,0
KH08171,17483300,,,,,,,,,Vietnam,VN,,no,,,female,,0,0
KH08172,17483301,,,,,,,,,,,,no,,,other,,0,0
KH08173,17483302,,,,,,,,,Vietnam,VN,,no,,,female,,0,0
KH08174,17483303,,,,,,,,,Vietnam,VN,,no,,,male,,0,0
KH08175,17483304,,,,,,,,,Vietnam,VN,,no,,,female,,0,0
KH08176,17483305,,Đồng Nai,Đồng Nai,21.0,,,,,Vietnam,VN,,no,,,other,,0,0
KH08177,17483306,,,,,,,,,Vietnam,VN,,no,,,male,,0,0
KH08178,17483307,,,,,,,,,Vietnam,VN,,no,,,female,,0,0
KH08179,17483308,,,,,,,,,Vietnam,VN,,no,,,male,,0,0
KH08180,17483309,,,,,,,,,Vietnam,VN,,no,,,male,,0,0
KH08181,17483310,,,,,,,,,,,,no,,,male,,0,0
KH08182,17483311,,,,,,,,,,,,no,,,male,,0,0
KH08183,17483312,,,,,,,,,,,,no,,,female,,0,0
KH08184,17483313,,,,,,,,,,,,no,,,male,,0,0
KH08185,17483314,,,,,,,,,Vietnam,VN,,no,,,male,,0,0
KH08186,17483315,,,,,,,,,Vietnam,VN,,no,,,other,,0,0
KH08187,17483316,,,,,,,,,,,,no,,,male,,0,0
KH08188,17483317,,,,,,,,,Vietnam,VN,,no,,,male,,0,0
KH08189,17483318,,,,,,,,,,,,no,,,male,,0,0
KH08190,17483319,,,,,,,,,,,,no,,,male,,0,0
KH08191,17483320,,,,,,,,,Vietnam,VN,,no,,,male,,0,0
KH08192,17483321,,,,,,,,,Vietnam,VN,,no,,,male,,0,0
KH08193,17483322,,,,,,,,,,,,no,,,female,,0,0
KH08194,17483323,,,,,,,,,Vietnam,VN,,no,,,female,,0,0
KH08195,17483324,,,,,,,,,Vietnam,VN,,no,,,male,,0,0
KH08196,17483325,,,,,,,,,Vietnam,VN,,no,,,male,,0,0
KH08197,17483326,,,,,,,,,Vietnam,VN,,no,,,male,,0,0
KH08198,17483327,,,,,,,,,Vietnam,VN,,no,,,male,,0,0
KH08199,17483328,,,,,,,,,Vietnam,VN,,no,,,male,,0,0
KH08200,17483329,,,,,,,,,Vietnam,VN,,no,,,female,,0,0
KH08201,17483330,,,,,,,,,Vietnam,VN,,no,,,male,,0,0
KH08202,17483331,,,,,,,,,Vietnam,VN,,no,,,male,,0,0
KH08203,17483332,,,,,,,,,Vietnam,VN,,no,,,female,,0,0
KH08204,17483333,,,,,,,,,Vietnam,VN,,no,,,female,,0,0
KH08205,17483334,,,,,,,,,Vietnam,VN,,no,,,male,,0,0
KH08206,17483335,,,,,,,,,Vietnam,VN,,no,,,female,,0,0
KH08207,17483336,,,,,,,,,Vietnam,VN,,no,,,male,,0,0
KH08208,17483337,,,,,,,,,,,,no,,,male,,0,0
KH08209,17483338,,,,,,,,,,,,no,,,other,,0,0
KH08210,17483339,,,,,,,,,Vietnam,VN,,no,,,male,,0,0
KH08211,17483340,,,,,,,,,Vietnam,VN,,no,,,male,,0,0
KH08212,17483341,,,,,,,,,Vietnam,VN,,no,,,male,,0,0
KH08213,17483342,,,,,,,,,Vietnam,VN,,no,,,male,,0,0
KH08214,17483343,,,,,,,,,Vietnam,VN,,no,,,male,,0,0
KH08215,17483344,,,,,,,,,,,,no,,,female,,0,0
KH08216,17483345,,,,,,,,,Vietnam,VN,,no,,,male,,0,0
KH08217,17483346,,,,,,,,,Vietnam,VN,,no,,,male,,12721000,2
KH08218,17483347,,,,,,,,,Vietnam,VN,,no,,,male,,0,0
KH08219,17483348,,,,,,,,,,,,no,,,male,,0,0
KH08220,17483349,,,,,,,,,,,,no,,,female,,0,0
KH08221,17483350,,,,,,,,,,,,no,,,male,,0,0
KH08222,17483351,,,,,,,,,,,,no,,,other,,0,0
KH08223,17483352,,,,,,,,,Vietnam,VN,,no,,,male,,0,0
KH08224,17483353,,,,,,,,,,,,no,,,other,,0,0
KH08225,17483354,,,,,,,,,Vietnam,VN,,no,,,female,,0,0
KH08226,17483355,,,,,,,,,Vietnam,VN,,no,,,female,,0,0
KH08227,17483356,,,,,,,,,Vietnam,VN,,no,,,female,,0,0
KH08228,17483357,,,,,,,,,Vietnam,VN,,no,,,male,,0,0
KH08229,17483358,,,,,,,,,,,,no,,,female,,0,0
KH08230,17483359,,,,,,,,,Vietnam,VN,,no,,,female,,0,0
KH08231,17483360,,,,,,,,,Vietnam,VN,,no,,,female,,0,0
KH08232,17483361,,,,,,,,,Vietnam,VN,,no,,,male,,0,0
KH08233,17483362,,,,,,,,,Vietnam,VN,,no,,,female,,0,0
KH08234,17483363,,,,,,,,,,,,no,,,other,,0,0
KH08235,17483364,,TP Hồ Chí Minh,TP Hồ Chí Minh,2.0,Quận 1,30.0,,,Vietnam,VN,,no,,,female,,1450000,2
KH08236,17483365,,,,,,,,,,,,no,,,female,,0,0
KH08237,17483366,,,,,,,,,,,,no,,,female,,0,0
KH08238,17483367,,,,,,,,,Vietnam,VN,,no,,,female,,0,0
KH08239,17483368,,,,,,,,,Vietnam,VN,,no,,,male,,0,0
KH08240,17483369,,,,,,,,,Vietnam,VN,,no,,,female,,0,0
KH08241,17483370,,,,,,,,,,,,no,,,male,,0,0
KH08242,17483371,,,,,,,,,Vietnam,VN,,no,,,male,,0,0
KH08243,17483372,,,,,,,,,Vietnam,VN,,no,,,male,,3100000,2
KH08244,17483373,,,,,,,,,,,,no,,,female,,0,0
KH08245,17483374,,,,,,,,,Vietnam,VN,,no,,,male,,0,0
KH08246,17483375,,,,,,,,,Vietnam,VN,,no,,,female,,0,0
KH08247,17483376,,,,,,,,,,,,no,,,male,,0,0
KH08248,17483377,,,,,,,,,Vietnam,VN,,no,,,male,,0,0
KH08249,17483378,,,,,,,,,,,,no,,,male,,0,0
KH08250,17483379,,,,,,,,,,,,no,,,female,,0,0
KH08251,17483380,,,,,,,,,,,,no,,,female,,0,0
KH08252,17483381,,,,,,,,,,,,no,,,male,,0,0
KH08253,17483382,,,,,,,,,Vietnam,VN,,no,,,male,,0,0
KH08254,17483383,,,,,,,,,,,,no,,,female,,0,0
KH08255,17483384,,,,,,,,,,,,no,,,male,,0,0
KH08256,17483385,,,,,,,,,,,,no,,,female,,0,0
KH08257,17483386,,,,,,,,,Vietnam,VN,,no,,,female,,0,0
KH08258,17483387,,,,,,,,,Vietnam,VN,,no,,,male,,0,0
KH08259,17483388,,Bình Dương,Bình Dương,10.0,,,,,Vietnam,VN,,no,,,male,,0,0
KH08260,17483389,,,,,,,,,Vietnam,VN,,no,,,male,,0,0
KH08261,17483391,,,,,,,,,Vietnam,VN,,no,,,male,,0,0
KH08262,17483392,,,,,,,,,,,,no,,,male,,0,0
KH08263,17483393,,,,,,,,,,,,no,,,male,,0,0
KH08264,17483394,,,,,,,,,,,,no,,,male,,0,0
KH08265,17483395,,,,,,,,,Vietnam,VN,,no,,,female,,0,0
KH08266,17483484,,,,,,,,,Vietnam,VN,,no,,,female,,0,0
KH08267,17483485,,Cần Thơ,Cần Thơ,16.0,,,,,Vietnam,VN,,no,,,male,,0,0
KH08268,17483486,,,,,,,,,,,,no,,,female,,0,0
KH08269,17483487,,,,,,,,,,,,no,,,female,,0,0
KH08270,17483488,,,,,,,,,Vietnam,VN,,no,,,male,,0,0
KH08271,17483489,,,,,,,,,Vietnam,VN,,no,,,female,,0,0
KH08272,17483490,,,,,,,,,Vietnam,VN,,no,,,male,,0,0
KH08273,17483491,,,,,,,,,Vietnam,VN,,no,,,male,,0,0
KH08274,17483492,,,,,,,,,Vietnam,VN,,no,,,male,,0,0
KH08275,17483493,,,,,,,,,Vietnam,VN,,no,,,female,,0,0
KH08276,17483494,,,,,,,,,Vietnam,VN,,no,,,male,,5585000,1
KH08277,17483495,,,,,,,,,Vietnam,VN,,no,,,male,,0,0
KH08278,17483496,,,,,,,,,Vietnam,VN,,no,,,female,,0,0
KH08279,17483497,,,,,,,,,,,,no,,,male,,0,0
KH08280,17483498,,,,,,,,,,,,no,,,female,,0,0
KH08281,17483499,,,,,,,,,,,,no,,,male,,0,0
KH08282,17483500,,TP Hồ Chí Minh,TP Hồ Chí Minh,2.0,Thành phố Thủ Đức,10924.0,Phường Tân Phú,107453.0,Vietnam,VN,,no,,,female,,700000,1
KH08283,17483501,,,,,,,,,,,,no,,,female,,0,0
KH08284,17483502,,,,,,,,,,,,no,,,male,,0,0
KH08285,17483503,,,,,,,,,,,,no,,,male,,0,0
KH08286,17483504,,,,,,,,,,,,no,,,male,,0,0
KH08287,17483505,,,,,,,,,,,,no,,,male,,0,0
KH08288,17483506,,,,,,,,,,,,no,,,other,,0,0
KH08289,17483507,,,,,,,,,,,,no,,,male,,0,0
KH08290,17483508,,,,,,,,,,,,no,,,other,,0,0
KH08291,17483509,,,,,,,,,,,,no,,,male,,0,0
KH08292,17483510,,,,,,,,,Vietnam,VN,,no,,,male,,0,0
KH08293,17483511,,,,,,,,,Vietnam,VN,,no,,,male,,0,0
KH08294,17483512,,,,,,,,,Vietnam,VN,,no,,,male,,0,0
KH08295,17483513,,,,,,,,,Vietnam,VN,,no,,,male,,0,0
KH08296,17483514,,,,,,,,,,,,no,,,other,,0,0
KH08297,17483515,,,,,,,,,,,,no,,,male,,0,0
KH08298,17483516,,,,,,,,,,,,no,,,male,,0,0
KH08299,17483517,,,,,,,,,Vietnam,VN,,no,,,male,,0,0
KH08300,17483518,,,,,,,,,,,,no,,,male,,0,0
KH08301,17483519,,,,,,,,,,,,no,,,other,,0,0
KH08302,17483520,,,,,,,,,,,,no,,,female,,0,0
KH08303,17483521,,TP Hồ Chí Minh,TP Hồ Chí Minh,2.0,Quận 4,33.0,Phường 15,9409.0,Vietnam,VN,,no,sapo_social,,male,,480000,1
KH08304,17483522,,,,,,,,,Vietnam,VN,,no,,,male,,0,0
KH08305,17483523,,,,,,,,,,,,no,,,male,,0,0
KH08306,17483524,,,,,,,,,Vietnam,VN,,no,,,male,,0,0
KH08307,17483525,,,,,,,,,Vietnam,VN,,no,,,male,,0,0
KH08308,17483526,,,,,,,,,Vietnam,VN,,no,,,male,,0,0
KH08309,17483527,,,,,,,,,Vietnam,VN,,no,,,male,,0,0
KH08310,17483528,,,,,,,,,Vietnam,VN,,no,,,male,,0,0
KH08311,17483529,,,,,,,,,Vietnam,VN,,no,,,male,,2300000,1
KH08312,17483530,,,,,,,,,,,,no,,,female,,0,0
KH08313,17483531,,,,,,,,,,,,no,,,female,,0,0
KH08314,17483532,,,,,,,,,Vietnam,VN,,no,,,male,,0,0
KH08315,17483533,,,,,,,,,Vietnam,VN,,no,,,male,,0,0
KH08316,17483534,,,,,,,,,Vietnam,VN,,no,,,male,,0,0
KH08317,17483535,,,,,,,,,,,,no,,,male,,0,0
KH08318,17483536,,,,,,,,,,,,no,,,male,,0,0
KH08319,17483537,,,,,,,,,,,,no,,,male,,0,0
KH08320,17483538,,,,,,,,,Vietnam,VN,,no,,,male,,0,0
KH08321,17483539,,,,,,,,,Vietnam,VN,,no,,,male,,0,0
KH08322,17483540,,,,,,,,,Vietnam,VN,,no,,,male,,330000,1
KH08323,17483541,,,,,,,,,,,,no,,,other,,0,0
KH08324,17483542,,,,,,,,,,,,no,,,male,,0,0
KH08325,17483543,,,,,,,,,,,,no,,,male,,0,0
KH08326,17483544,,,,,,,,,,,,no,,,female,,0,0
KH08327,17483545,,,,,,,,,,,,no,,,male,,0,0
KH08328,17483546,,,,,,,,,Vietnam,VN,,no,,,female,,0,0
KH08329,17483547,,,,,,,,,Vietnam,VN,,no,,,male,,0,0
KH08330,17483548,,Bình Phước,Bình Phước,12.0,,,,,Vietnam,VN,,no,,,male,,0,0
KH08331,17483549,,,,,,,,,,,,no,,,female,,0,0
KH08332,17483550,,,,,,,,,,,,no,,,male,,490000,4
KH08333,17483551,,,,,,,,,,,,no,,,other,,0,0
KH08334,17483552,,,,,,,,,Vietnam,VN,,no,,,male,,6855000,6
KH08335,17483553,,,,,,,,,Vietnam,VN,,no,,,female,,0,0
KH08336,17483554,,,,,,,,,Vietnam,VN,,no,,,male,,0,0
KH08337,17483555,,,,,,,,,Vietnam,VN,,no,,,male,,0,0
KH08338,17483556,,,,,,,,,Vietnam,VN,,no,,,male,,0,0
KH08339,17483557,,,,,,,,,Vietnam,VN,,no,,,male,,0,0
KH08340,17483558,,,,,,,,,Vietnam,VN,,no,,,male,,0,0
KH08341,17483559,,TP Hồ Chí Minh,TP Hồ Chí Minh,2.0,Quận 5,34.0,Phường 7,9418.0,Vietnam,VN,,no,,,female,,4322000,2
KH08342,17483560,,,,,,,,,Vietnam,VN,,no,,,male,,0,0
KH08343,17483561,,,,,,,,,,,,no,,,male,,900000,2
KH08344,17483562,,,,,,,,,,,,no,,,male,,0,0
KH08345,17483563,,,,,,,,,,,,no,,,male,,0,0
KH08346,17483564,,,,,,,,,Vietnam,VN,,no,,,male,,0,0
KH08347,17483565,,,,,,,,,Vietnam,VN,,no,,,male,,0,0
KH08348,17483566,,,,,,,,,Vietnam,VN,,no,,,female,,0,0
KH08349,17483567,,,,,,,,,,,,no,,,male,,0,0
KH08350,17483568,,,,,,,,,,,,no,,,male,,0,0
KH08351,17483569,,,,,,,,,Vietnam,VN,,no,,,male,,0,0
KH08352,17483570,,,,,,,,,,,,no,,,male,,0,0
KH08353,17483571,,,,,,,,,,,,no,,,male,,0,0
KH08354,17483572,,,,,,,,,,,,no,,,male,,0,0
KH08355,17483573,,,,,,,,,Vietnam,VN,,no,,,male,,0,0
KH08356,17483574,,,,,,,,,,,,no,,,female,,0,0
KH08357,17483575,,,,,,,,,,,,no,,,male,,0,0
KH08358,17483576,,,,,,,,,,,,no,,,other,,0,0
KH08359,17483577,,,,,,,,,Vietnam,VN,,no,,,female,,0,0
KH08360,17483578,,,,,,,,,,,,no,,,male,,0,0
KH08361,17483579,,,,,,,,,Vietnam,VN,,no,,,female,,0,0
KH08362,17483580,,,,,,,,,,,,no,,,male,,0,0
KH08363,17483581,,TP Hồ Chí Minh,TP Hồ Chí Minh,2.0,Quận Bình Thạnh,45.0,Phường 22,9296.0,Vietnam,VN,,no,sapo_social,,male,,1859000,4
KH08364,17483582,,,,,,,,,Vietnam,VN,,no,,,male,,0,0
KH08365,17483583,,,,,,,,,Vietnam,VN,,no,,,male,,0,0
KH08366,17483584,,,,,,,,,,,,no,,,female,,0,0
KH08367,17483585,,,,,,,,,,,,no,,,male,,0,0
KH08368,17483586,,,,,,,,,,,,no,,,other,,0,0
KH08369,17483587,,,,,,,,,,,,no,,,female,,0,0
KH08370,17483588,,,,,,,,,,,,no,,,other,,0,0
KH08371,17483589,,,,,,,,,Vietnam,VN,,no,,,female,,0,0
KH08372,17483590,,,,,,,,,,,,no,,,male,,0,0
KH08373,17483591,,,,,,,,,,,,no,,,other,,0,0
KH08374,17483592,,,,,,,,,,,,no,,,male,,0,0
KH08375,17483593,,,,,,,,,,,,no,,,male,,0,0
KH08376,17483594,,,,,,,,,Vietnam,VN,,no,,,female,,0,0
KH08377,17483595,,,,,,,,,Vietnam,VN,,no,,,male,,0,0
KH08378,17483596,,,,,,,,,Vietnam,VN,,no,,,male,,0,0
KH08379,17483597,,,,,,,,,,,,no,,,female,,0,0
KH08380,17483598,,,,,,,,,,,,no,,,female,,0,0
KH08381,17483599,,,,,,,,,,,,no,,,male,,0,0
KH08382,17483600,,,,,,,,,Vietnam,VN,,no,,,male,,0,0
KH08383,17483601,,,,,,,,,,,,no,,,other,,0,0
KH08384,17483602,,,,,,,,,,,,no,,,female,,0,0
KH08385,17483603,,,,,,,,,,,,no,,,other,,0,0
KH08386,17483604,,,,,,,,,,,,no,,,female,,0,0
KH08387,17483605,,,,,,,,,,,,no,,,male,,0,0
KH08388,17483606,,,,,,,,,,,,no,,,male,,0,0
KH08389,17483607,,,,,,,,,,,,no,,,female,,0,0
KH08390,17483608,,,,,,,,,Vietnam,VN,,no,,,male,,0,0
KH08391,17483609,,,,,,,,,Vietnam,VN,,no,,,female,,0,0
KH08392,17483610,,,,,,,,,Vietnam,VN,,no,,,male,,924000,2
KH08393,17483611,,,,,,,,,Vietnam,VN,,no,,,male,,0,0
KH08394,17483612,,,,,,,,,Vietnam,VN,,no,,,male,,0,0
KH08395,17483613,,,,,,,,,Vietnam,VN,,no,,,male,,0,0
KH08396,17483614,,,,,,,,,Vietnam,VN,,no,,,male,,0,0
KH08397,17483615,,,,,,,,,Vietnam,VN,,no,,,male,,0,0
KH08398,17483616,,,,,,,,,Vietnam,VN,,no,,,male,,0,0
KH08399,17483617,,,,,,,,,Vietnam,VN,,no,,,male,,0,0
KH08400,17483618,,,,,,,,,Vietnam,VN,,no,,,male,,0,0
KH08401,17483619,,,,,,,,,Vietnam,VN,,no,,,female,,0,0
KH08402,17483620,,,,,,,,,Vietnam,VN,,no,,,male,,0,0
KH08403,17483621,,,,,,,,,Vietnam,VN,,no,,,male,,0,0
KH08404,17483622,,,,,,,,,Vietnam,VN,,no,,,male,,0,0
KH08405,17483623,,,,,,,,,,,,no,,,male,,0,0
KH08406,17483624,,,,,,,,,Vietnam,VN,,no,,,male,,1450000,2
KH08407,17483625,,,,,,,,,,,,no,,,male,,5541500,5
KH08408,17483626,,,,,,,,,,,,no,,,female,,0,0
KH08409,17483627,,,,,,,,,Vietnam,VN,,no,,,male,,0,0
KH08410,17483628,,,,,,,,,Vietnam,VN,,no,,,male,,0,0
KH08411,17483629,,,,,,,,,Vietnam,VN,,no,,,male,,0,0
KH08412,17483630,,,,,,,,,Vietnam,VN,,no,,,male,,345000,1
KH08413,17483631,,,,,,,,,Vietnam,VN,,no,,,female,,0,0
KH08414,17483632,,,,,,,,,Vietnam,VN,,no,,,female,,0,0
KH08415,17483633,,,,,,,,,Vietnam,VN,,no,,,male,,0,0
KH08416,17483634,,,,,,,,,Vietnam,VN,,no,,,male,,0,0
KH08417,17483635,,,,,,,,,Vietnam,VN,,no,,,male,,0,0
KH08418,17483636,,,,,,,,,Vietnam,VN,,no,,,male,,0,0
KH08419,17483637,,,,,,,,,Vietnam,VN,,no,,,female,,0,0
KH08420,17483638,,,,,,,,,Vietnam,VN,,no,,,male,,0,0
KH08421,17483639,,,,,,,,,Vietnam,VN,,no,,,female,,0,0
KH08422,17483640,,,,,,,,,Vietnam,VN,,no,,,male,,0,0
KH08423,17483641,,,,,,,,,Vietnam,VN,,no,,,female,,0,0
KH08424,17483642,,,,,,,,,Vietnam,VN,,no,,,female,,0,0
KH08425,17483643,,,,,,,,,Vietnam,VN,,no,,,male,,0,0
KH08426,17483644,,,,,,,,,Vietnam,VN,,no,,,male,,0,0
KH08427,17483645,,,,,,,,,Vietnam,VN,,no,,,male,,0,0
KH08428,17483646,,,,,,,,,Vietnam,VN,,no,,,male,,0,0
KH08429,17483647,,,,,,,,,Vietnam,VN,,no,,,male,,0,0
KH08430,17483648,,,,,,,,,Vietnam,VN,,no,,,male,,0,0
KH08431,17483649,,,,,,,,,Vietnam,VN,,no,,,male,,0,0
KH08432,17483650,,,,,,,,,Vietnam,VN,,no,,,male,,0,0
KH08433,17483651,,,,,,,,,Vietnam,VN,,no,,,male,,0,0
KH08434,17483652,,,,,,,,,Vietnam,VN,,no,,,male,,0,0
KH08435,17483653,,,,,,,,,Vietnam,VN,,no,,,female,,0,0
KH08436,17483654,,,,,,,,,Vietnam,VN,,no,,,male,,0,0
KH08437,17483655,,,,,,,,,Vietnam,VN,,no,,,male,,0,0
KH08438,17483656,,,,,,,,,Vietnam,VN,,no,,,male,,0,0
KH08439,17483657,,,,,,,,,,,,no,,,male,,0,0
KH08440,17483658,,,,,,,,,Vietnam,VN,,no,,,female,,0,0
KH08441,17483659,,,,,,,,,Vietnam,VN,,no,,,male,,0,0
KH08442,17483660,,,,,,,,,Vietnam,VN,,no,,,male,,0,0
KH08443,17483661,,,,,,,,,Vietnam,VN,,no,,,male,,0,0
KH08444,17483662,,,,,,,,,,,,no,,,male,,0,0
KH08445,17483663,,,,,,,,,,,,no,,,male,,0,0
KH08446,17483664,,,,,,,,,,,,no,,,male,,0,0
KH08447,17483665,,,,,,,,,,,,no,,,male,,0,0
KH08448,17483666,,,,,,,,,,,,no,,,female,,0,0
KH08449,17483667,,,,,,,,,,,,no,,,female,,0,0
KH08450,17483668,,Đồng Tháp,Đồng Tháp,22.0,,,,,Vietnam,VN,,no,,,female,,0,0
KH08451,17483669,,,,,,,,,,,,no,,,male,,0,0
KH08452,17483670,,,,,,,,,,,,no,,,male,,0,0
KH08453,17483671,,,,,,,,,,,,no,,,male,,0,0
KH08454,17483672,,,,,,,,,,,,no,,,male,,0,0
KH08455,17483673,,,,,,,,,,,,no,,,male,,0,0
KH08456,17483674,,,,,,,,,Vietnam,VN,,no,,,male,,0,0
KH08457,17483675,,,,,,,,,Vietnam,VN,,no,,,male,,0,0
KH08458,17483676,,,,,,,,,Vietnam,VN,,no,,,male,,0,0
KH08459,17483677,,,,,,,,,Vietnam,VN,,no,,,male,,0,0
KH08460,17483678,,,,,,,,,Vietnam,VN,,no,,,male,,0,0
KH08461,17483679,,,,,,,,,,,,no,,,male,,0,0
KH08462,17483680,,,,,,,,,,,,no,,,male,,0,0
KH08463,17483681,,,,,,,,,,,,no,,,male,,0,0
KH08464,17483682,,,,,,,,,,,,no,,,male,,0,0
KH08465,17483683,,,,,,,,,,,,no,,,male,,0,0
KH08466,17483684,,,,,,,,,Vietnam,VN,,no,,,male,,0,0
KH08467,17483685,,,,,,,,,,,,no,,,male,,0,0
KH08468,17483686,,,,,,,,,Vietnam,VN,,no,,,male,,0,0
KH08469,17483687,,,,,,,,,Vietnam,VN,,no,,,male,,330000,1
KH08470,17483688,,,,,,,,,,,,no,,,female,,0,0
KH08471,17483689,,,,,,,,,,,,no,,,male,,0,0
KH08472,17483690,,,,,,,,,,,,no,,,male,,0,0
KH08473,17483691,,,,,,,,,,,,no,,,male,,0,0
KH08474,17483692,,,,,,,,,,,,no,,,other,,0,0
KH08475,17483693,,,,,,,,,,,,no,,,female,,0,0
KH08476,17483694,,,,,,,,,Vietnam,VN,,no,,,male,,0,0
KH08477,17483695,,,,,,,,,Vietnam,VN,,no,,,male,,0,0
KH08478,17483696,,,,,,,,,Vietnam,VN,,no,,,male,,0,0
KH08479,17483697,,,,,,,,,Vietnam,VN,,no,,,male,,2272750,3
KH08480,17483698,,,,,,,,,,,,no,,,other,,0,0
KH08481,17483699,,,,,,,,,Vietnam,VN,,no,,,male,,0,0
KH08482,17483700,,,,,,,,,,,,no,,,female,,0,0
KH08483,17483701,,,,,,,,,Vietnam,VN,,no,,,male,,1338000,1
KH08484,17483702,,,,,,,,,Vietnam,VN,,no,,,male,,0,0
KH08485,17483703,,,,,,,,,Vietnam,VN,,no,,,male,,0,0
KH08486,17483704,,,,,,,,,Vietnam,VN,,no,,,female,,0,0
KH08487,17483705,,,,,,,,,Vietnam,VN,,no,,,female,,0,0
KH08488,17483706,,,,,,,,,Vietnam,VN,,no,,,male,,722100,1
KH08489,17483707,,,,,,,,,Vietnam,VN,,no,,,male,,0,0
KH08490,17483708,,,,,,,,,Vietnam,VN,,no,,,female,,0,0
KH08491,17483709,,,,,,,,,,,,no,,,female,,0,0
KH08492,17483710,,,,,,,,,,,,no,,,female,,0,0
KH08493,17483711,,,,,,,,,,,,no,,,male,,0,0
KH08494,17483712,,,,,,,,,,,,no,,,female,,0,0
KH08495,17483713,,,,,,,,,,,,no,,,male,,0,0
KH08496,17483714,,,,,,,,,Vietnam,VN,,no,,,female,,0,0
KH08497,17483715,,,,,,,,,Vietnam,VN,,no,,,male,,0,0
KH08498,17483716,,,,,,,,,Vietnam,VN,,no,,,male,,0,0
KH08499,17483717,,Kiên Giang,Kiên Giang,33.0,,,,,Vietnam,VN,,no,,,male,,0,0
KH08500,17483718,,,,,,,,,Vietnam,VN,,no,,,male,,0,0
KH08501,17483719,,,,,,,,,Vietnam,VN,,no,,,male,,0,0
KH08502,17483720,,,,,,,,,Vietnam,VN,,no,,,male,,0,0
KH08503,17483721,,Kiên Giang,Kiên Giang,33.0,,,,,Vietnam,VN,,no,,,male,,0,0
KH08504,17483722,,,,,,,,,Vietnam,VN,,no,,,male,,0,0
KH08505,17483723,,,,,,,,,,,,no,,,male,,0,0
KH08506,17483724,,,,,,,,,,,,no,,,female,,0,0
KH08507,17483725,,,,,,,,,,,,no,,,male,,0,0
KH08508,17483726,,,,,,,,,,,,no,,,other,,0,0
KH08509,17483727,,,,,,,,,,,,no,,,male,,0,0
KH08510,17483728,,,,,,,,,Vietnam,VN,,no,,,male,,0,0
KH08511,17483729,,,,,,,,,,,,no,,,male,,0,0
KH08512,17483730,,,,,,,,,,,,no,,,female,,0,0
KH08513,17483731,,,,,,,,,Vietnam,VN,,no,,,male,,0,0
KH08514,17483732,,,,,,,,,Vietnam,VN,,no,,,female,,0,0
KH08515,17483733,,,,,,,,,,,,no,,,male,,0,0
KH08516,17483734,,,,,,,,,Vietnam,VN,,no,,,male,,0,0
KH08517,17483735,,,,,,,,,,,,no,,,female,,0,0
KH08518,17483736,,,,,,,,,,,,no,,,female,,0,0
KH08519,17483737,,,,,,,,,,,,no,,,female,,0,0
KH08520,17483738,,,,,,,,,Vietnam,VN,,no,,,male,,0,0
KH08521,17483739,,,,,,,,,Vietnam,VN,,no,,,male,,0,0
KH08522,17483740,,,,,,,,,Vietnam,VN,,no,,,male,,0,0
KH08523,17483741,,,,,,,,,Vietnam,VN,,no,,,male,,0,0
KH08524,17483742,,,,,,,,,,,,no,,,male,,0,0
KH08525,17483743,,,,,,,,,,,,no,,,male,,0,0
KH08526,17483744,,,,,,,,,,,,no,,,female,,0,0
KH08527,17483745,,,,,,,,,Vietnam,VN,,no,,,female,,0,0
KH08528,17483746,,,,,,,,,,,,no,,,male,,0,0
KH08529,17483747,,,,,,,,,Vietnam,VN,,no,,,male,,0,0
KH08530,17483748,,,,,,,,,,,,no,,,female,,0,0
KH08531,17483749,,,,,,,,,,,,no,,,other,,0,0
KH08532,17483750,,,,,,,,,,,,no,,,female,,0,0
KH08533,17483751,,,,,,,,,Vietnam,VN,,no,,,male,,0,0
KH08534,17483752,,,,,,,,,Vietnam,VN,,no,,,female,,0,0
KH08535,17483753,,,,,,,,,,,,no,,,female,,0,0
KH08536,17483754,,,,,,,,,,,,no,,,female,,0,0
KH08537,17483755,,,,,,,,,Vietnam,VN,,no,,,male,,0,0
KH08538,17483756,,,,,,,,,,,,no,,,male,,0,0
KH08539,17483757,,,,,,,,,,,,no,,,male,,0,0
KH08540,17483758,,,,,,,,,Vietnam,VN,,no,,,male,,0,0
KH08541,17483759,,,,,,,,,Vietnam,VN,,no,,,male,,0,0
KH08542,17483760,,,,,,,,,,,,no,,,male,,0,0
KH08543,17483761,,,,,,,,,Vietnam,VN,,no,,,male,,0,0
KH08544,17483762,,,,,,,,,,,,no,,,male,,0,0
KH08545,17483763,,Bình Dương,Bình Dương,10.0,,,,,Vietnam,VN,,no,,,female,,0,0
KH08546,17483764,,,,,,,,,Vietnam,VN,,no,,,male,,0,0
KH08547,17483765,,,,,,,,,Vietnam,VN,,no,,,female,,0,0
KH08548,17483766,,,,,,,,,Vietnam,VN,,no,,,female,,0,0
KH08549,17483767,,,,,,,,,,,,no,,,male,,0,0
KH08550,17483768,,,,,,,,,Vietnam,VN,,no,,,male,,0,0
KH08551,17483769,,,,,,,,,,,,no,,,female,,0,0
KH08552,17483770,,,,,,,,,Vietnam,VN,,no,,,female,,3036000,1
KH08553,17483771,,,,,,,,,,,,no,,,male,,0,0
KH08554,17483772,,,,,,,,,Vietnam,VN,,no,,,male,,0,0
KH08555,17483773,,,,,,,,,,,,no,,,male,,0,0
KH08556,17483774,,,,,,,,,,,,no,,,male,,0,0
KH08557,17483775,,,,,,,,,Vietnam,VN,,no,,,female,,0,0
KH08558,17483776,,,,,,,,,,,,no,,,other,,0,0
KH08559,17483777,,,,,,,,,,,,no,,,male,,0,0
KH08560,17483778,,,,,,,,,Vietnam,VN,,no,,,male,,0,0
KH08561,17483779,,,,,,,,,,,,no,,,other,,0,0
KH08562,17483780,,,,,,,,,Vietnam,VN,,no,,,male,,1320000,1
KH08563,17483781,,,,,,,,,Vietnam,VN,,no,,,female,,0,0
KH08564,17483782,,,,,,,,,Vietnam,VN,,no,,,male,,0,0
KH08565,17483783,,,,,,,,,Vietnam,VN,,no,,,male,,0,0
KH08566,17483784,,,,,,,,,,,,no,,,male,,0,0
KH08567,17483785,,,,,,,,,,,,no,,,female,,0,0
KH08568,17483786,,,,,,,,,,,,no,,,other,,0,0
KH08569,17483787,,,,,,,,,Vietnam,VN,,no,,,male,,0,0
KH08570,17483788,,,,,,,,,,,,no,,,male,,0,0
KH08571,17483789,,,,,,,,,,,,no,,,female,,0,0
KH08572,17483790,,,,,,,,,Vietnam,VN,,no,,,male,,0,0
KH08573,17483791,,,,,,,,,,,,no,,,female,,0,0
KH08574,17483792,,,,,,,,,,,,no,,,male,,6085000,5
KH08575,17483793,,,,,,,,,,,,no,,,male,,0,0
KH08576,17483794,,,,,,,,,Vietnam,VN,,no,,,male,,0,0
KH08577,17483795,,,,,,,,,Vietnam,VN,,no,,,male,,0,0
KH08578,17483796,,,,,,,,,,,,no,,,male,,0,0
KH08579,17483797,,,,,,,,,,,,no,,,male,,0,0
KH08580,17483798,,,,,,,,,,,,no,,,male,,0,0
KH08581,17483799,,,,,,,,,,,,no,,,male,,0,0
KH08582,17483800,,,,,,,,,,,,no,,,female,,0,0
KH08583,17483801,,,,,,,,,Vietnam,VN,,no,,,male,,0,0
KH08584,17483802,,,,,,,,,Vietnam,VN,,no,,,female,,0,0
KH08585,17483803,,,,,,,,,Vietnam,VN,,no,,,male,,0,0
KH08586,17483804,,,,,,,,,Vietnam,VN,,no,,,male,,0,0
KH08587,17483805,,,,,,,,,,,,no,,,female,,0,0
KH08588,17483806,,,,,,,,,,,,no,,,other,,0,0
KH08589,17483807,,,,,,,,,Vietnam,VN,,no,,,male,,0,0
KH08590,17483808,,,,,,,,,Vietnam,VN,,no,,,female,,0,0
KH08591,17483809,,,,,,,,,,,,no,,,female,,0,0
KH08592,17483810,,TP Hồ Chí Minh,TP Hồ Chí Minh,2.0,Huyện Nhà Bè,52.0,Xã Phước Kiển,9526.0,Vietnam,VN,,no,sapo_social,,male,,1215000,1
KH08593,17483811,,,,,,,,,,,,no,,,female,,0,0
KH08594,17483812,,,,,,,,,Vietnam,VN,,no,,,male,,0,0
KH08595,17483813,,,,,,,,,Vietnam,VN,,no,,,male,,0,0
KH08596,17483814,,,,,,,,,,,,no,,,male,,0,0
KH08597,17483815,,,,,,,,,,,,no,,,male,,0,0
KH08598,17483816,,,,,,,,,,,,no,,,female,,0,0
KH08599,17483817,,,,,,,,,,,,no,,,female,,0,0
KH08600,17483818,,,,,,,,,Vietnam,VN,,no,,,female,,0,0
KH08601,17483819,,,,,,,,,,,,no,,,male,,0,0
KH08602,17483820,,,,,,,,,Vietnam,VN,,no,,,male,,0,0
KH08603,17483821,,,,,,,,,,,,no,,,male,,0,0
KH08604,17483822,,,,,,,,,,,,no,,,male,,0,0
KH08605,17483823,,,,,,,,,,,,no,,,male,,0,0
KH08606,17483824,,,,,,,,,,,,no,,,male,,0,0
KH08607,17483825,,,,,,,,,,,,no,,,female,,0,0
KH08608,17483826,,,,,,,,,,,,no,,,female,,1110000,2
KH08609,17483827,,,,,,,,,Vietnam,VN,,no,,,male,,0,0
KH08610,17483828,,,,,,,,,Vietnam,VN,,no,,,male,,0,0
KH08611,17483829,,,,,,,,,,,,no,,,female,,0,0
KH08612,17483830,,,,,,,,,,,,no,,,female,,0,0
KH08613,17483831,,,,,,,,,Vietnam,VN,,no,,,male,,0,0
KH08614,17483832,,,,,,,,,Vietnam,VN,,no,,,female,,0,0
KH08615,17483833,,,,,,,,,Vietnam,VN,,no,,,male,,0,0
KH08616,17483834,,,,,,,,,Vietnam,VN,,no,,,male,,0,0
KH08617,17483835,,,,,,,,,Vietnam,VN,,no,,,male,,0,0
KH08618,17483836,,,,,,,,,,,,no,,,male,,0,0
KH08619,17483837,,,,,,,,,,,,no,,,female,,0,0
KH08620,17483838,,,,,,,,,,,,no,,,male,,0,0
KH08621,17483839,,,,,,,,,,,,no,,,female,,0,0
KH08622,17483840,,,,,,,,,Vietnam,VN,,no,,,male,,0,0
KH08623,17483841,,,,,,,,,Vietnam,VN,,no,,,male,,0,0
KH08624,17483842,,,,,,,,,Vietnam,VN,,no,,,female,,0,0
KH08625,17483843,,,,,,,,,Vietnam,VN,,no,,,female,,0,0
KH08626,17483844,,,,,,,,,,,,no,,,male,,0,0
KH08627,17483845,,,,,,,,,Vietnam,VN,,no,,,female,,0,0
KH08628,17483846,,,,,,,,,,,,no,,,other,,0,0
KH08629,17483847,,,,,,,,,,,,no,,,female,,0,0
KH08630,17483848,,,,,,,,,Vietnam,VN,,no,,,male,,0,0
KH08631,17483849,,,,,,,,,,,,no,,,male,,0,0
KH08632,17483850,,,,,,,,,Vietnam,VN,,no,,,male,,0,0
KH08633,17483851,,,,,,,,,Vietnam,VN,,no,,,female,,0,0
KH08634,17483852,,,,,,,,,,,,no,,,male,,0,0
KH08635,17483853,,,,,,,,,,,,no,,,female,,0,0
KH08636,17483854,,,,,,,,,,,,no,,,male,,0,0
KH08637,17483855,,,,,,,,,Vietnam,VN,,no,,,female,,0,0
KH08638,17483856,,,,,,,,,,,,no,,,female,,0,0
KH08639,17483857,,,,,,,,,,,,no,,,female,,0,0
KH08640,17483858,,,,,,,,,,,,no,,,male,,0,0
KH08641,17483859,,,,,,,,,,,,no,,,male,,0,0
KH08642,17483860,,,,,,,,,,,,no,,,male,,330000,1
KH08643,17483861,,,,,,,,,Vietnam,VN,,no,,,male,,0,0
KH08644,17483862,,,,,,,,,,,,no,,,female,,0,0
KH08645,17483863,,,,,,,,,Vietnam,VN,,no,,,female,,0,0
KH08646,17483864,,,,,,,,,Vietnam,VN,,no,,,male,,0,0
KH08647,17483865,,,,,,,,,Vietnam,VN,,no,,,male,,0,0
KH08648,17483866,,,,,,,,,Vietnam,VN,,no,,,male,,0,0
KH08649,17483867,,,,,,,,,,,,no,,,female,,0,0
KH08650,17483868,,,,,,,,,,,,no,,,female,,0,0
KH08651,17483869,,,,,,,,,,,,no,,,other,,0,0
KH08652,17483870,,,,,,,,,,,,no,,,other,,0,0
KH08653,17483871,,,,,,,,,Vietnam,VN,,no,,,male,,0,0
KH08654,17483872,,,,,,,,,Vietnam,VN,,no,,,male,,0,0
KH08655,17483873,,,,,,,,,Vietnam,VN,,no,,,female,,0,0
KH08656,17483874,,,,,,,,,Vietnam,VN,,no,,,female,,1090000,2
KH08657,17483875,,,,,,,,,Vietnam,VN,,no,,,male,,0,0
KH08658,17483876,,,,,,,,,Vietnam,VN,,no,,,female,,0,0
KH08659,17483877,,,,,,,,,Vietnam,VN,,no,,,female,,0,0
KH08660,17483878,,,,,,,,,,,,no,,,other,,0,0
KH08661,17483879,,,,,,,,,Vietnam,VN,,no,,,female,,0,0
KH08662,17483880,,,,,,,,,Vietnam,VN,,no,,,male,,0,0
KH08663,17483881,,,,,,,,,Vietnam,VN,,no,,,male,,0,0
KH08664,17483882,,,,,,,,,,,,no,,,male,,0,0
KH08665,17483883,,,,,,,,,,,,no,,,male,,0,0
KH08666,17483884,,,,,,,,,Vietnam,VN,,no,,,female,,0,0
KH08667,17483885,,,,,,,,,Vietnam,VN,,no,,,male,,0,0
KH08668,17483886,,,,,,,,,Vietnam,VN,,no,,,male,,0,0
KH08669,17483887,,,,,,,,,Vietnam,VN,,no,,,female,,0,0
KH08670,17483888,,,,,,,,,Vietnam,VN,,no,,,male,,0,0
KH08671,17483889,,,,,,,,,Vietnam,VN,,no,,,female,,0,0
KH08672,17483890,,,,,,,,,,,,no,,,male,,0,0
KH08673,17483891,,,,,,,,,Vietnam,VN,,no,,,female,,0,0
KH08674,17483892,,,,,,,,,Vietnam,VN,,no,,,male,,0,0
KH08675,17483893,,,,,,,,,Vietnam,VN,,no,,,male,,0,0
KH08676,17483894,,,,,,,,,,,,no,,,male,,0,0
KH08677,17483895,,,,,,,,,Vietnam,VN,,no,,,female,,0,0
KH08678,17483896,,,,,,,,,,,,no,,,female,,4947000,1
KH08679,17483897,,,,,,,,,Vietnam,VN,,no,,,female,,0,0
KH08680,17483898,,,,,,,,,Vietnam,VN,,no,,,male,,0,0
KH08681,17483899,,,,,,,,,Vietnam,VN,,no,,,female,,0,0
KH08682,17483900,,,,,,,,,Vietnam,VN,,no,,,female,,0,0
KH08683,17483901,,,,,,,,,Vietnam,VN,,no,,,male,,0,0
KH08684,17483902,,,,,,,,,Vietnam,VN,,no,,,male,,0,0
KH08685,17483903,,Bình Phước,Bình Phước,12.0,,,,,Vietnam,VN,,no,,,female,,0,0
KH08686,17483904,,,,,,,,,Vietnam,VN,,no,,,female,,0,0
KH08687,17483905,,,,,,,,,Vietnam,VN,,no,,,male,,0,0
KH08688,17483906,,,,,,,,,Vietnam,VN,,no,,,male,,0,0
KH08689,17483907,,,,,,,,,Vietnam,VN,,no,,,male,,0,0
KH08690,17483908,,,,,,,,,Vietnam,VN,,no,,,female,,0,0
KH08691,17483909,,,,,,,,,Vietnam,VN,,no,,,male,,0,0
KH08692,17483910,,,,,,,,,Vietnam,VN,,no,,,male,,0,0
KH08693,17483911,,,,,,,,,,,,no,,,male,,0,0
KH08694,17483912,,,,,,,,,,,,no,,,male,,0,0
KH08695,17483913,,,,,,,,,Vietnam,VN,,no,,,female,,0,0
KH08696,17483914,,,,,,,,,Vietnam,VN,,no,,,male,,0,0
KH08697,17483915,,,,,,,,,Vietnam,VN,,no,,,female,,490000,1
KH08698,17483916,,,,,,,,,,,,no,,,other,,0,0
KH08699,17483917,,,,,,,,,Vietnam,VN,,no,,,male,,0,0
KH08700,17483918,,,,,,,,,Vietnam,VN,,no,,,male,,0,0
KH08701,17483919,,,,,,,,,,,,no,,,other,,1120000,1
KH08702,17483920,,,,,,,,,,,,no,,,female,,0,0
KH08703,17483921,,,,,,,,,Vietnam,VN,,no,,,female,,0,0
KH08704,17483922,,,,,,,,,Vietnam,VN,,no,,,male,,0,0
KH08705,17483923,,,,,,,,,,,,no,,,male,,0,0
KH08706,17483924,,,,,,,,,,,,no,,,male,,0,0
KH08707,17483925,,,,,,,,,,,,no,,,male,,0,0
KH08708,17483926,,,,,,,,,Vietnam,VN,,no,,,male,,0,0
KH08709,17483927,,,,,,,,,Vietnam,VN,,no,,,male,,0,0
KH08710,17483928,,,,,,,,,Vietnam,VN,,no,,,male,,0,0
KH08711,17483929,,,,,,,,,Vietnam,VN,,no,,,male,,0,0
KH08712,17483930,,,,,,,,,Vietnam,VN,,no,,,male,,0,0
KH08713,17483931,,,,,,,,,Vietnam,VN,,no,,,female,,0,0
KH08714,17483932,,,,,,,,,Vietnam,VN,,no,,,male,,15295800,18
KH08715,17483933,,,,,,,,,Vietnam,VN,,no,,,male,,0,0
KH08716,17483934,,,,,,,,,,,,no,,,other,,0,0
KH08717,17483935,,,,,,,,,,,,no,,,other,,0,0
KH08718,17483936,,,,,,,,,Vietnam,VN,,no,,,female,,0,0
KH08719,17483937,,,,,,,,,,,,no,,,male,,0,0
KH08720,17483938,,,,,,,,,Vietnam,VN,,no,,,female,,695000,1
KH08721,17483939,,,,,,,,,,,,no,,,male,,0,0
KH08722,17483940,,,,,,,,,,,,no,,,female,,0,0
KH08723,17483941,,,,,,,,,,,,no,,,male,,0,0
KH08724,17483942,,,,,,,,,Vietnam,VN,,no,,,male,,0,0
KH08725,17483943,,,,,,,,,Vietnam,VN,,no,,,male,,0,0
KH08726,17483944,,,,,,,,,,,,no,,,female,,0,0
KH08727,17483945,,,,,,,,,,,,no,,,other,,1250000,2
KH08728,17483946,,,,,,,,,,,,no,,,other,,0,0
KH08729,17483947,,,,,,,,,,,,no,,,male,,0,0
KH08730,17483948,,TP Hồ Chí Minh,TP Hồ Chí Minh,2.0,Quận 11,40.0,Phường 3,9384.0,Vietnam,VN,,no,,,female,,405000,1
KH08731,17483949,,,,,,,,,,,,no,,,male,,2950000,1
KH08732,17483950,,,,,,,,,Vietnam,VN,,no,,,male,,0,0
KH08733,17483951,,,,,,,,,Vietnam,VN,,no,,,female,,0,0
KH08734,17483952,,,,,,,,,Vietnam,VN,,no,,,male,,0,0
KH08735,17483953,,,,,,,,,Vietnam,VN,,no,,,male,,0,0
KH08736,17483954,,,,,,,,,Vietnam,VN,,no,,,female,,0,0
KH08737,17483955,,,,,,,,,,,,no,,,female,,0,0
KH08738,17483956,,,,,,,,,Vietnam,VN,,no,,,male,,0,0
KH08739,17483957,,,,,,,,,Vietnam,VN,,no,,,male,,0,0
KH08740,17483958,,,,,,,,,,,,no,,,male,,0,0
KH08741,17483959,,,,,,,,,Vietnam,VN,,no,,,male,,0,0
KH08742,17483960,,,,,,,,,,,,no,,,other,,0,0
KH08743,17483961,,,,,,,,,,,,no,,,other,,0,0
KH08744,17483962,,,,,,,,,Vietnam,VN,,no,,,male,,0,0
KH08745,17483963,,,,,,,,,Vietnam,VN,,no,,,male,,0,0
KH08746,17483964,,,,,,,,,Vietnam,VN,,no,,,female,,0,0
KH08747,17483965,,,,,,,,,,,,no,,,female,,0,0
KH08748,17483966,,,,,,,,,,,,no,,,female,,0,0
KH08749,17483967,,,,,,,,,,,,no,,,female,,0,0
KH08750,17483968,,,,,,,,,Vietnam,VN,,no,,,male,,0,0
KH08751,17483969,,,,,,,,,,,,no,,,male,,0,0
KH08752,17483970,,,,,,,,,,,,no,,,male,,0,0
KH08753,17483971,,,,,,,,,,,,no,,,male,,0,0
KH08754,17483972,,,,,,,,,Vietnam,VN,,no,,,male,,0,0
KH08755,17483973,,,,,,,,,,,,no,,,male,,0,0
KH08756,17483974,,,,,,,,,,,,no,,,other,,0,0
KH08757,17483975,,,,,,,,,,,,no,,,male,,0,0
KH08758,17483976,,,,,,,,,Vietnam,VN,,no,,,male,,0,0
KH08759,17483977,,,,,,,,,,,,no,,,male,,0,0
KH08760,17483978,,,,,,,,,,,,no,,,male,,0,0
KH08761,17483979,,,,,,,,,Vietnam,VN,,no,,,male,,0,0
KH08762,17483980,,,,,,,,,,,,no,,,female,,0,0
KH08763,17483981,,,,,,,,,,,,no,,,male,,0,0
KH08764,17483982,,,,,,,,,Vietnam,VN,,no,,,male,,0,0
KH08765,17483983,,,,,,,,,Vietnam,VN,,no,,,female,,0,0
KH08766,17483984,,,,,,,,,,,,no,,,male,,0,0
KH08767,17483985,,,,,,,,,,,,no,,,female,,0,0
KH08768,17483986,,,,,,,,,,,,no,,,other,,0,0
KH08769,17483987,,,,,,,,,Vietnam,VN,,no,,,female,,0,0
KH08770,17483988,,,,,,,,,,,,no,,,male,,1940000,1
KH08771,17483989,,,,,,,,,Vietnam,VN,,no,,,female,,0,0
KH08772,17483990,,,,,,,,,,,,no,,,female,,0,0
KH08773,17483991,,,,,,,,,Vietnam,VN,,no,,,female,,0,0
KH08774,17483992,,,,,,,,,,,,no,,,male,,0,0
KH08775,17483993,,,,,,,,,,,,no,,,other,,0,0
KH08776,17483994,,,,,,,,,Vietnam,VN,,no,,,female,,0,0
KH08777,17483995,,,,,,,,,Vietnam,VN,,no,,,male,,0,0
KH08778,17483996,,,,,,,,,,,,no,,,other,,0,0
KH08779,17483997,,,,,,,,,,,,no,,,male,,965000,1
KH08780,17483998,,,,,,,,,,,,no,,,male,,0,0
KH08781,17483999,,,,,,,,,Vietnam,VN,,no,,,male,,0,0
KH08782,17484000,,,,,,,,,Vietnam,VN,,no,,,male,,0,0
KH08783,17484001,,,,,,,,,Vietnam,VN,,no,,,male,,0,0
KH08784,17484002,,,,,,,,,,,,no,,,other,,0,0
KH08785,17484003,,,,,,,,,,,,no,,,male,,0,0
KH08786,17484004,,,,,,,,,,,,no,,,male,,0,0
KH08787,17484005,,,,,,,,,,,,no,,,male,,0,0
KH08788,17484006,,,,,,,,,Vietnam,VN,,no,,,male,,0,0
KH08789,17484007,,,,,,,,,,,,no,,,male,,0,0
KH08790,17484008,,,,,,,,,,,,no,,,male,,0,0
KH08791,17484009,,,,,,,,,,,,no,,,male,,0,0
KH08792,17484010,,,,,,,,,Vietnam,VN,,no,,,male,,0,0
KH08793,17484011,,,,,,,,,Vietnam,VN,,no,,,male,,0,0
KH08794,17484012,,,,,,,,,Vietnam,VN,,no,,,male,,0,0
KH08795,17484013,,,,,,,,,Vietnam,VN,,no,,,male,,600000,2
KH08796,17484014,,,,,,,,,Vietnam,VN,,no,,,male,,0,0
KH08797,17484015,,,,,,,,,,,,no,,,female,,4860000,1
KH08798,17484016,,,,,,,,,Vietnam,VN,,no,,,male,,0,0
KH08799,17484017,,,,,,,,,,,,no,,,female,,0,0
KH08800,17484018,,,,,,,,,,,,no,,,female,,0,0
KH08801,17484019,,,,,,,,,,,,no,,,male,,0,0
KH08802,17484020,,,,,,,,,,,,no,,,male,,1430000,1
KH08803,17484021,,,,,,,,,Vietnam,VN,,no,,,male,,0,0
KH08804,17484022,,,,,,,,,,,,no,,,male,,0,0
KH08805,17484023,,,,,,,,,Vietnam,VN,,no,,,male,,0,0
KH08806,17484024,,,,,,,,,,,,no,,,male,,0,0
KH08807,17484025,,,,,,,,,,,,no,,,male,,0,0
KH08808,17484026,,,,,,,,,Vietnam,VN,,no,,,male,,0,0
KH08809,17484027,,,,,,,,,Vietnam,VN,,no,,,male,,0,0
KH08810,17484028,,,,,,,,,Vietnam,VN,,no,,,female,,0,0
KH08811,17484029,,,,,,,,,Vietnam,VN,,no,,,male,,0,0
KH08812,17484030,,,,,,,,,Vietnam,VN,,no,,,male,,0,0
KH08813,17484031,,,,,,,,,Vietnam,VN,,no,,,male,,0,0
KH08814,17484032,,,,,,,,,Vietnam,VN,,no,,,male,,0,0
KH08815,17484033,,,,,,,,,Vietnam,VN,,no,,,male,,0,0
KH08816,17484034,,,,,,,,,Vietnam,VN,,no,,,male,,0,0
KH08817,17484035,,,,,,,,,Vietnam,VN,,no,,,female,,0,0
KH08818,17484036,,,,,,,,,Vietnam,VN,,no,,,male,,0,0
KH08819,17484037,,,,,,,,,Vietnam,VN,,no,,,male,,0,0
KH08820,17484038,,,,,,,,,Vietnam,VN,,no,,,male,,0,0
KH08821,17484039,,,,,,,,,Vietnam,VN,,no,,,male,,0,0
KH08822,17484040,,,,,,,,,Vietnam,VN,,no,,,male,,0,0
KH08823,17484041,,,,,,,,,Vietnam,VN,,no,,,male,,0,0
KH08824,17484042,,,,,,,,,Vietnam,VN,,no,,,female,,0,0
KH08825,17484043,,,,,,,,,Vietnam,VN,,no,,,female,,0,0
KH08826,17484044,,,,,,,,,Vietnam,VN,,no,,,male,,0,0
KH08827,17484045,,,,,,,,,,,,no,,,male,,0,0
KH08828,17484046,,,,,,,,,Vietnam,VN,,no,,,male,,0,0
KH08829,17484047,,,,,,,,,Vietnam,VN,,no,,,male,,0,0
KH08830,17484048,,,,,,,,,Vietnam,VN,,no,,,male,,0,0
KH08831,17484049,,,,,,,,,Vietnam,VN,,no,,,male,,0,0
KH08832,17484050,,,,,,,,,Vietnam,VN,,no,,,male,,0,0
KH08833,17484051,,,,,,,,,Vietnam,VN,,no,,,other,,0,0
KH08834,17484052,,,,,,,,,Vietnam,VN,,no,,,male,,0,0
KH08835,17484053,,,,,,,,,,,,no,,,male,,0,0
KH08836,17484054,,Lâm Đồng,Lâm Đồng,36.0,,,,,Vietnam,VN,,no,,,other,,0,0
KH08837,17484055,,,,,,,,,,,,no,,,female,,0,0
KH08838,17484056,,,,,,,,,Vietnam,VN,,no,,,female,,0,0
KH08839,17484057,,,,,,,,,Vietnam,VN,,no,,,male,,6920000,3
KH08840,17484058,,,,,,,,,,,,no,,,other,,0,0
KH08841,17484059,,Trà Vinh,Trà Vinh,59.0,,,,,Vietnam,VN,,no,,,other,,0,0
KH08842,17484060,,,,,,,,,,,,no,,,other,,0,0
KH08843,17484061,,,,,,,,,Vietnam,VN,,no,,,female,,0,0
KH08844,17484062,,,,,,,,,Vietnam,VN,,no,,,male,,0,0
KH08845,17484063,,,,,,,,,Vietnam,VN,,no,,,female,,0,0
KH08846,17484064,,,,,,,,,Vietnam,VN,,no,,,male,,0,0
KH08847,17484065,,,,,,,,,Vietnam,VN,,no,,,male,,0,0
KH08848,17484066,,,,,,,,,,,,no,,,female,,0,0
KH08849,17484067,,,,,,,,,Vietnam,VN,,no,,,male,,0,0
KH08850,17484068,,,,,,,,,Vietnam,VN,,no,,,male,,0,0
KH08851,17484069,,,,,,,,,,,,no,,,other,,0,0
KH08852,17484070,,,,,,,,,Vietnam,VN,,no,,,male,,0,0
KH08853,17484071,,,,,,,,,Vietnam,VN,,no,,,female,,0,0
KH08854,17484072,,,,,,,,,,,,no,,,female,,0,0
KH08855,17484073,,,,,,,,,,,,no,,,male,,0,0
KH08856,17484074,,,,,,,,,,,,no,,,female,,0,0
KH08857,17484075,,,,,,,,,,,,no,,,female,,0,0
KH08858,17484076,,,,,,,,,Vietnam,VN,,no,,,male,,0,0
KH08859,17484077,,,,,,,,,,,,no,,,male,,0,0
KH08860,17484078,,,,,,,,,,,,no,,,other,,0,0
KH08861,17484079,,,,,,,,,,,,no,,,male,,0,0
KH08862,17484080,,,,,,,,,,,,no,,,male,,0,0
KH08863,17484081,,,,,,,,,,,,no,,,other,,0,0
KH08864,17484082,,,,,,,,,,,,no,,,other,,0,0
KH08865,17484083,,,,,,,,,,,,no,,,male,,0,0
KH08866,17484084,,,,,,,,,,,,no,,,male,,570000,1
KH08867,17484085,,,,,,,,,,,,no,,,female,,0,0
KH08868,17484086,,,,,,,,,,,,no,,,other,,0,0
KH08869,17484087,,,,,,,,,,,,no,,,female,,0,0
KH08870,17484088,,,,,,,,,,,,no,,,female,,0,0
KH08871,17484089,,,,,,,,,,,,no,,,other,,0,0
KH08872,17484090,,,,,,,,,,,,no,,,male,,0,0
KH08873,17484091,,,,,,,,,,,,no,,,female,,0,0
KH08874,17484092,,,,,,,,,,,,no,,,male,,0,0
KH08875,17484093,,,,,,,,,,,,no,,,male,,0,0
KH08876,17484094,,,,,,,,,,,,no,,,male,,0,0
KH08877,17484095,,,,,,,,,,,,no,,,female,,0,0
KH08878,17484096,,,,,,,,,,,,no,,,male,,0,0
KH08879,17484097,,,,,,,,,,,,no,,,other,,0,0
KH08880,17484098,,,,,,,,,,,,no,,,male,,0,0
KH08881,17484099,,,,,,,,,,,,no,,,female,,0,0
KH08882,17484100,,,,,,,,,,,,no,,,other,,0,0
KH08883,17484101,,,,,,,,,,,,no,,,male,,0,0
KH08884,17484102,,,,,,,,,,,,no,,,female,,0,0
KH08885,17484103,,,,,,,,,Vietnam,VN,,no,,,female,,0,0
KH08886,17484104,,,,,,,,,,,,no,,,female,,0,0
KH08887,17484105,,,,,,,,,,,,no,,,male,,0,1
KH08888,17484106,,,,,,,,,,,,no,,,other,,0,0
KH08889,17484107,,,,,,,,,Vietnam,VN,,no,,,male,,0,0
KH08890,17484108,,,,,,,,,Vietnam,VN,,no,,,male,,0,0
KH08891,17484109,,,,,,,,,,,,no,,,male,,0,0
KH08892,17484110,,,,,,,,,,,,no,,,other,,0,0
KH08893,17484111,,,,,,,,,Vietnam,VN,,no,,,female,,0,0
KH08894,17484112,,,,,,,,,Vietnam,VN,,no,,,male,,0,0
KH08895,17484113,,,,,,,,,,,,no,,,female,,0,0
KH08896,17484114,,,,,,,,,,,,no,,,male,,0,0
KH08897,17484115,,An Giang,An Giang,3.0,,,,,Vietnam,VN,,no,,,female,,0,0
KH08898,17484116,,,,,,,,,,,,no,,,male,,0,0
KH08899,17484117,,,,,,,,,,,,no,,,other,,0,0
KH08900,17484118,,,,,,,,,,,,no,,,female,,0,0
KH08901,17484119,,,,,,,,,Vietnam,VN,,no,,,female,,0,0
KH08902,17484120,,,,,,,,,Vietnam,VN,,no,,,male,,0,0
KH08903,17484121,,,,,,,,,,,,no,,,female,,0,0
KH08904,17484122,,,,,,,,,Vietnam,VN,,no,,,male,,0,0
KH08905,17484123,,,,,,,,,Vietnam,VN,,no,,,male,,0,0
KH08906,17484124,,,,,,,,,,,,no,,,male,,0,0
KH08907,17484125,,,,,,,,,Vietnam,VN,,no,,,female,,0,0
KH08908,17484126,,,,,,,,,,,,no,,,other,,12051650,24
KH08909,17484127,,,,,,,,,,,,no,,,female,,0,0
KH08910,17484128,,,,,,,,,Vietnam,VN,,no,,,male,,0,0
KH08911,17484129,,,,,,,,,,,,no,,,male,,0,0
KH08912,17484130,,,,,,,,,,,,no,,,male,,3195000,2
KH08913,17484131,,,,,,,,,Vietnam,VN,,no,,,male,,0,0
KH08914,17484132,,,,,,,,,Vietnam,VN,,no,,,male,,0,0
KH08915,17484133,,,,,,,,,,,,no,,,other,,0,0
KH08916,17484134,,TP Hồ Chí Minh,TP Hồ Chí Minh,2.0,Quận Tân Phú,44.0,Phường Tây Thạnh,9315.0,Vietnam,VN,,no,sapo_social,,male,,2660000,3
KH08917,17484135,,,,,,,,,Vietnam,VN,,no,,,female,,0,0
KH08918,17484136,,,,,,,,,,,,no,,,female,,0,0
KH08919,17484137,,,,,,,,,,,,no,,,other,,0,0
KH08920,17484138,,,,,,,,,Vietnam,VN,,no,,,female,,0,0
KH08921,17484139,,,,,,,,,Vietnam,VN,,no,,,female,,0,0
KH08922,17484140,,,,,,,,,,,,no,,,other,,0,0
KH08923,17484141,,,,,,,,,,,,no,,,female,,0,0
KH08924,17484142,,,,,,,,,,,,no,,,other,,0,0
KH08925,17484143,,,,,,,,,,,,no,,,female,,0,0
KH08926,17484144,,,,,,,,,,,,no,,,other,,0,0
KH08927,17484145,,,,,,,,,,,,no,,,female,,0,0
KH08928,17484146,,,,,,,,,,,,no,,,male,,0,0
KH08929,17484147,,,,,,,,,,,,no,,,male,,0,0
KH08930,17484148,,,,,,,,,Vietnam,VN,,no,,,female,,0,0
KH08931,17484149,,,,,,,,,,,,no,,,male,,0,0
KH08932,17484150,,,,,,,,,,,,no,,,other,,0,0
KH08933,17484151,,,,,,,,,,,,no,,,male,,0,0
KH08934,17484152,,,,,,,,,,,,no,,,female,,0,0
KH08935,17484153,,Đồng Nai,Đồng Nai,21.0,,,,,Vietnam,VN,,no,,,female,,0,0
KH08936,17484154,Công ty Cổ Phần T.D,Khánh Hòa,Khánh Hòa,32.0,,,,,Vietnam,VN,,no,,Khách sạn Intercontinental Nha Trang,male,,0,0
KH08937,17484155,,,,,,,,,Vietnam,VN,,no,,,male,,0,0
KH08938,17484156,,,,,,,,,Vietnam,VN,,no,,,female,,0,0
KH08939,17484157,,,,,,,,,,,,no,,,female,,0,0
KH08940,17484158,,,,,,,,,,,,no,,,male,,0,0
KH08941,17484159,,,,,,,,,,,,no,,,female,,0,0
KH08942,17484160,,,,,,,,,Vietnam,VN,,no,,,male,,0,0
KH08943,17484161,,,,,,,,,,,,no,,,other,,0,0
KH08944,17484162,,,,,,,,,,,,no,,,other,,0,0
KH08945,17484163,,,,,,,,,,,,no,,,other,,0,0
KH08946,17484164,,,,,,,,,Vietnam,VN,,no,,,other,,0,0
KH08947,17484165,,,,,,,,,,,,no,,,other,,0,0
KH08948,17484166,,,,,,,,,,,,no,,,other,,0,0
KH08949,17484167,,,,,,,,,Vietnam,VN,,no,,,male,,0,0
KH08950,17484168,,,,,,,,,,,,no,,,male,,0,0
KH08951,17484169,,TP Hồ Chí Minh,TP Hồ Chí Minh,2.0,Quận Bình Thạnh,45.0,Phường 22,9296.0,Vietnam,VN,,no,,,male,,1581000,2
KH08952,17484170,,,,,,,,,Vietnam,VN,,no,,,male,,0,0
KH08953,17484171,,,,,,,,,,,,no,,,other,,0,0
KH08954,17484172,,,,,,,,,,,,no,,,male,,0,0
KH08955,17484173,,,,,,,,,Vietnam,VN,,no,,,male,,0,0
KH08956,17484174,,,,,,,,,Vietnam,VN,,no,,,female,,0,0
KH08957,17484175,,,,,,,,,Vietnam,VN,,no,,,male,,0,0
KH08958,17484176,,,,,,,,,,,,no,,,other,,0,0
KH08959,17484177,,,,,,,,,Vietnam,VN,,no,,,female,,0,0
KH08960,17484178,,,,,,,,,Vietnam,VN,,no,,,male,,0,0
KH08961,17484179,,,,,,,,,,,,no,,,male,,0,0
KH08962,17484180,,,,,,,,,Vietnam,VN,,no,,,male,,0,0
KH08963,17484181,,,,,,,,,Vietnam,VN,,no,,,male,,0,0
KH08964,17484182,,,,,,,,,Vietnam,VN,,no,,,male,,0,0
KH08965,17484183,,,,,,,,,Vietnam,VN,,no,,,female,,0,0
KH08966,17484184,,,,,,,,,Vietnam,VN,,no,,,female,,0,0
KH08967,17484185,,,,,,,,,,,,no,,,other,,0,0
KH08968,17484186,,,,,,,,,,,,no,,,other,,0,0
KH08969,17484187,,,,,,,,,Vietnam,VN,,no,,,male,,0,0
KH08970,17484188,,,,,,,,,,,,no,,,female,,0,0
KH08971,17484189,,,,,,,,,Vietnam,VN,,no,,,male,,0,0
KH08972,17484190,,,,,,,,,,,,no,,,male,,0,0
KH08973,17484191,,,,,,,,,,,,no,,,other,,1395000,1
KH08974,17484192,,,,,,,,,,,,no,,,female,,0,0
KH08975,17484193,,,,,,,,,Vietnam,VN,,no,,,male,,0,0
KH08976,17484194,,,,,,,,,Vietnam,VN,,no,,,male,,0,0
KH08977,17484195,,,,,,,,,Vietnam,VN,,no,,,female,,0,0
KH08978,17484196,,,,,,,,,Vietnam,VN,,no,,,female,,0,0
KH08979,17484197,,,,,,,,,Vietnam,VN,,no,,,female,,0,0
KH08980,17484198,,,,,,,,,,,,no,,,female,,0,0
KH08981,17484199,,,,,,,,,,,,no,,,male,,0,0
KH08982,17484200,,,,,,,,,Vietnam,VN,,no,,,female,,0,0
KH08983,17484201,,Hà Nội,Hà Nội,1.0,,,,,Vietnam,VN,,no,,,male,,0,0
KH08984,17484202,,,,,,,,,Vietnam,VN,,no,,,male,,0,0
KH08985,17484203,,,,,,,,,Vietnam,VN,,no,,,male,,0,0
KH08986,17484204,,,,,,,,,Vietnam,VN,,no,,,male,,0,0
KH08987,17484205,,,,,,,,,Vietnam,VN,,no,,,male,,0,0
KH08988,17484206,,,,,,,,,,,,no,,,male,,0,0
KH08989,17484207,,,,,,,,,Vietnam,VN,,no,,,male,,0,0
KH08990,17484208,,,,,,,,,,,,no,,,male,,0,0
KH08991,17484209,,,,,,,,,Vietnam,VN,,no,,,female,,0,0
KH08992,17484210,,,,,,,,,,,,no,,,female,,0,0
KH08993,17484211,,,,,,,,,,,,no,,,female,,0,0
KH08994,17484212,,,,,,,,,,,,no,,,male,,0,0
KH08995,17484213,,,,,,,,,,,,no,,,female,,0,0
KH08996,17484214,,,,,,,,,,,,no,,,male,,0,0
KH08997,17484215,,,,,,,,,,,,no,,,male,,0,0
KH08998,17484216,,,,,,,,,Vietnam,VN,,no,,,male,,0,0
KH08999,17484217,,,,,,,,,,,,no,,,male,,0,0
KH09000,17484218,,,,,,,,,,,,no,,,female,,0,0
KH09001,17484219,,,,,,,,,,,,no,,,female,,0,0
KH09002,17484220,,,,,,,,,,,,no,,,female,,0,0
KH09003,17484221,,,,,,,,,,,,no,,,male,,0,0
KH09004,17484222,,,,,,,,,,,,no,,,male,,342000,1
KH09005,17484223,,,,,,,,,Vietnam,VN,,no,,,male,,330000,1
KH09006,17484224,,,,,,,,,,,,no,,,other,,0,0
KH09007,17484225,,,,,,,,,Vietnam,VN,,no,,,male,,0,0
KH09008,17484226,,,,,,,,,Vietnam,VN,,no,,,male,,4542500,2
KH09009,17484227,,,,,,,,,Vietnam,VN,,no,,,male,,0,0
KH09010,17484228,,,,,,,,,Vietnam,VN,,no,,,male,,0,0
KH09011,17484229,,,,,,,,,Vietnam,VN,,no,,,male,,0,0
KH09012,17484230,,,,,,,,,Vietnam,VN,,no,,,male,,0,0
KH09013,17484231,,,,,,,,,Vietnam,VN,,no,,,female,,1240000,1
KH09014,17484232,,,,,,,,,Vietnam,VN,,no,,,male,,0,0
KH09015,17484233,,,,,,,,,,,,no,,,female,,0,0
KH09016,17484234,,,,,,,,,Vietnam,VN,,no,,,male,,0,0
KH09017,17484235,,,,,,,,,Vietnam,VN,,no,,,male,,0,0
KH09018,17484236,,,,,,,,,,,,no,,,male,,0,0
KH09019,17484237,,,,,,,,,Vietnam,VN,,no,,,female,,0,0
KH09020,17484238,,,,,,,,,Vietnam,VN,,no,,,male,,0,0
KH09021,17484239,,,,,,,,,Vietnam,VN,,no,,,male,,0,0
KH09022,17484240,,Long An,Long An,39.0,,,,,Vietnam,VN,,no,,,male,,0,0
KH09023,17484241,,,,,,,,,,,,no,,,male,,0,0
KH09024,17484242,,,,,,,,,,,,no,,,other,,0,0
KH09025,17484243,,,,,,,,,,,,no,,,other,,0,0
KH09026,17484244,,,,,,,,,Vietnam,VN,,no,,,other,,0,0
KH09027,17484245,,,,,,,,,,,,no,,,other,,0,0
KH09028,17484246,,,,,,,,,Vietnam,VN,,no,,,female,,0,0
KH09029,17484247,,,,,,,,,Vietnam,VN,,no,,,male,,0,0
KH09030,17484248,,,,,,,,,Vietnam,VN,,no,,,male,,0,0
KH09031,17484249,,,,,,,,,Vietnam,VN,,no,,,female,,0,0
KH09032,17484250,,,,,,,,,,,,no,,,other,,0,0
KH09033,17484251,,,,,,,,,,,,no,,,other,,0,0
KH09034,17484252,,,,,,,,,Vietnam,VN,,no,,,other,,0,0
KH09035,17484253,,,,,,,,,,,,no,,,other,,0,0
KH09036,17484254,,,,,,,,,Vietnam,VN,,no,,,male,,0,0
KH09037,17484255,,,,,,,,,Vietnam,VN,,no,,,male,,0,0
KH09038,17484256,,,,,,,,,Vietnam,VN,,no,,,male,,0,0
KH09039,17484257,,,,,,,,,,,,no,,,female,,0,0
KH09040,17484258,,,,,,,,,Vietnam,VN,,no,,,female,,0,0
KH09041,17484259,,,,,,,,,Vietnam,VN,,no,,,female,,0,0
KH09042,17484260,,,,,,,,,,,,no,,,other,,0,0
KH09043,17484261,,,,,,,,,,,,no,,,male,,0,0
KH09044,17484262,,,,,,,,,,,,no,,,male,,0,0
KH09045,17484263,,,,,,,,,Vietnam,VN,,no,,,male,,0,0
KH09046,17484264,,,,,,,,,Vietnam,VN,,no,,,male,,0,0
KH09047,17484265,,,,,,,,,Vietnam,VN,,no,,,male,,0,0
KH09048,17484266,,,,,,,,,Vietnam,VN,,no,,,male,,0,0
KH09049,17484267,,,,,,,,,Vietnam,VN,,no,,,male,,0,0
KH09050,17484268,,,,,,,,,Vietnam,VN,,no,,,male,,0,0
KH09051,17484269,,,,,,,,,Vietnam,VN,,no,,,male,,0,0
KH09052,17484270,,,,,,,,,Vietnam,VN,,no,,,female,,0,0
KH09053,17484271,,,,,,,,,Vietnam,VN,,no,,,female,,0,0
KH09054,17484272,,,,,,,,,Vietnam,VN,,no,,,female,,0,0
KH09055,17484273,,,,,,,,,Vietnam,VN,,no,,,female,,0,0
KH09056,17484274,,,,,,,,,Vietnam,VN,,no,,,male,,0,0
KH09057,17484275,,,,,,,,,Vietnam,VN,,no,,,male,,0,0
KH09058,17484276,,,,,,,,,Vietnam,VN,,no,,,male,,425000,1
KH09059,17484277,,,,,,,,,,,,no,,,male,,0,0
KH09060,17484278,,,,,,,,,Vietnam,VN,,no,,,male,,0,0
KH09061,17484279,,,,,,,,,,,,no,,,female,,0,0
KH09062,17484280,,,,,,,,,Vietnam,VN,,no,,,male,,0,0
KH09063,17484281,,,,,,,,,,,,no,,,other,,0,0
KH09064,17484282,,,,,,,,,Vietnam,VN,,no,,,male,,0,0
KH09065,17484283,,,,,,,,,,,,no,,,other,,0,0
KH09066,17484284,,,,,,,,,,,,no,,,female,,0,0
KH09067,17484285,,,,,,,,,Vietnam,VN,,no,,,female,,0,0
KH09068,17484286,,,,,,,,,,,,no,,,other,,0,0
KH09069,17484287,,TP Hồ Chí Minh,TP Hồ Chí Minh,2.0,Quận 3,32.0,Phường Võ Thị Sáu,107463.0,Vietnam,VN,,no,sapo_social,,male,,35549500,3
KH09070,17484288,,,,,,,,,Vietnam,VN,,no,,,male,,0,0
KH09071,17484289,,,,,,,,,Vietnam,VN,,no,,,male,,0,0
KH09072,17484290,,,,,,,,,,,,no,,,male,,0,0
KH09073,17484291,,,,,,,,,,,,no,,,female,,0,0
KH09074,17484292,,,,,,,,,,,,no,,,male,,0,0
KH09075,17484293,,,,,,,,,,,,no,,,male,,0,0
KH09076,17484294,,,,,,,,,,,,no,,,male,,0,0
KH09077,17484295,,,,,,,,,,,,no,,,other,,0,0
KH09078,17484296,,,,,,,,,,,,no,,,other,,0,0
KH09079,17484297,,,,,,,,,Vietnam,VN,,no,,,male,,0,0
KH09080,17484298,,,,,,,,,Vietnam,VN,,no,,,female,,0,0
KH09081,17484299,,,,,,,,,,,,no,,,other,,0,0
KH09082,17484300,,,,,,,,,,,,no,,,other,,330000,1
KH09083,17484301,,,,,,,,,,,,no,,,male,,0,0
KH09084,17484302,,,,,,,,,Vietnam,VN,,no,,,female,,0,0
KH09085,17484303,,,,,,,,,,,,no,,,other,,0,0
KH09086,17484304,,,,,,,,,,,,no,,,male,,0,0
KH09087,17484305,,,,,,,,,,,,no,,,female,,0,0
KH09088,17484306,,,,,,,,,Vietnam,VN,,no,,,male,,0,0
KH09089,17484307,,,,,,,,,,,,no,,,female,,0,0
KH09090,17484308,,,,,,,,,,,,no,,,other,,0,0
KH09091,17484309,,,,,,,,,Vietnam,VN,,no,,,female,,0,0
KH09092,17484310,,,,,,,,,,,,no,,,other,,0,0
KH09093,17484311,,,,,,,,,Vietnam,VN,,no,,,male,,0,0
KH09094,17484312,,,,,,,,,,,,no,,,other,,0,0
KH09095,17484313,,,,,,,,,,,,no,,,other,,0,0
KH09096,17484314,,,,,,,,,,,,no,,,female,,0,0
KH09097,17484315,,,,,,,,,,,,no,,,female,,0,0
KH09098,17484316,,,,,,,,,,,,no,,,male,,0,0
KH09099,17484317,,,,,,,,,Vietnam,VN,,no,,,female,,0,0
KH09100,17484318,,,,,,,,,,,,no,,,other,,0,0
KH09101,17484319,,,,,,,,,Vietnam,VN,,no,,,other,,0,0
KH09102,17484320,,,,,,,,,,,,no,,,other,,0,0
KH09103,17484321,,,,,,,,,,,,no,,,male,,0,0
KH09104,17484322,,,,,,,,,Vietnam,VN,,no,,,male,,0,0
KH09105,17484323,,,,,,,,,Vietnam,VN,,no,,,female,,0,0
KH09106,17484324,,,,,,,,,Vietnam,VN,,no,,,male,,0,0
KH09107,17484325,,,,,,,,,,,,no,,,male,,0,0
KH09108,17484326,,,,,,,,,Vietnam,VN,,no,,,male,,0,0
KH09109,17484327,,,,,,,,,Vietnam,VN,,no,,,female,,0,0
KH09110,17484328,,,,,,,,,Vietnam,VN,,no,,,male,,0,0
KH09111,17484329,,,,,,,,,,,,no,,,female,,0,0
KH09112,17484330,,,,,,,,,,,,no,,,female,,400000,1
KH09113,17484331,,,,,,,,,,,,no,,,female,,0,0
KH09114,17484332,,,,,,,,,,,,no,,,male,,0,0
KH09115,17484333,,,,,,,,,,,,no,,,other,,0,0
KH09116,17484334,,,,,,,,,Vietnam,VN,,no,,,female,,0,0
KH09117,17484335,,,,,,,,,Vietnam,VN,,no,,,male,,0,0
KH09118,17484336,,,,,,,,,Vietnam,VN,,no,,,female,,0,0
KH09119,17484337,,,,,,,,,,,,no,,,other,,0,0
KH09120,17484338,,,,,,,,,Vietnam,VN,,no,,,male,,0,0
KH09121,17484339,,,,,,,,,Vietnam,VN,,no,,,female,,0,0
KH09122,17484340,,,,,,,,,Vietnam,VN,,no,,,male,,0,0
KH09123,17484341,,,,,,,,,,,,no,,,male,,0,0
KH09124,17484342,,,,,,,,,,,,no,,,female,,0,0
KH09125,17484343,,,,,,,,,Vietnam,VN,,no,,,male,,0,0
KH09126,17484344,,,,,,,,,Vietnam,VN,,no,,,male,,0,0
KH09127,17484345,,,,,,,,,Vietnam,VN,,no,,,male,,0,0
KH09128,17484346,,,,,,,,,,,,no,,,male,,0,0
KH09129,17484347,,,,,,,,,,,,no,,,other,,0,0
KH09130,17484348,,,,,,,,,,,,no,,,other,,0,0
KH09131,17484349,,,,,,,,,,,,no,,,male,,0,0
KH09132,17484350,,,,,,,,,,,,no,,,male,,0,0
KH09133,17484351,,,,,,,,,,,,no,,,male,,0,0
KH09134,17484352,,,,,,,,,Vietnam,VN,,no,,,male,,0,0
KH09135,17484353,,,,,,,,,Vietnam,VN,,no,,,male,,0,0
KH09136,17484354,,,,,,,,,Vietnam,VN,,no,,,male,,5000000,2
KH09137,17484355,,,,,,,,,,,,no,,,male,,0,0
KH09138,17484356,,,,,,,,,,,,no,,,other,,0,0
KH09139,17484357,,,,,,,,,,,,no,,,female,,0,0
KH09140,17484358,,,,,,,,,,,,no,,,male,,0,0
KH09141,17484359,,,,,,,,,,,,no,,,female,,0,0
KH09142,17484360,,,,,,,,,,,,no,,,other,,1054800,2
KH09143,17484361,,,,,,,,,,,,no,,,male,,0,0
KH09144,17484362,,,,,,,,,Vietnam,VN,,no,,,female,,0,0
KH09145,17484363,,,,,,,,,,,,no,,,female,,0,0
KH09146,17484364,,,,,,,,,,,,no,,,male,,0,0
KH09147,17484365,,,,,,,,,,,,no,,,male,,0,0
KH09148,17484366,,,,,,,,,Vietnam,VN,,no,,,female,,0,0
KH09149,17484367,,,,,,,,,Vietnam,VN,,no,,,male,,0,0
KH09150,17484368,,,,,,,,,Vietnam,VN,,no,,,male,,0,0
KH09151,17484369,,,,,,,,,,,,no,,,male,,0,0
KH09152,17484370,,,,,,,,,Vietnam,VN,,no,,,other,,0,0
KH09153,17484371,,,,,,,,,,,,no,,,other,,0,0
KH09154,17484372,,,,,,,,,,,,no,,,male,,0,0
KH09155,17484373,,,,,,,,,,,,no,,,other,,0,0
KH09156,17484374,,,,,,,,,Vietnam,VN,,no,,,male,,0,0
KH09157,17484375,,,,,,,,,Vietnam,VN,,no,,,other,,0,0
KH09158,17484376,,,,,,,,,Vietnam,VN,,no,,,male,,0,0
KH09159,17484377,,,,,,,,,,,,no,,,other,,0,0
KH09160,17484378,,,,,,,,,,,,no,,,male,,0,0
KH09161,17484379,,,,,,,,,,,,no,,,other,,0,0
KH09162,17484380,,,,,,,,,,,,no,,,other,,0,0
KH09163,17484381,,,,,,,,,,,,no,,,other,,0,0
KH09164,17484382,,,,,,,,,,,,no,,,male,,0,0
KH09165,17484383,,,,,,,,,,,,no,,,male,,0,0
KH09166,17484384,,,,,,,,,,,,no,,,male,,0,0
KH09167,17484385,,,,,,,,,,,,no,,,male,,0,0
KH09168,17484386,,,,,,,,,Vietnam,VN,,no,,,female,,0,0
KH09169,17484387,,,,,,,,,,,,no,,,female,,0,0
KH09170,17484388,,,,,,,,,,,,no,,,female,,0,0
KH09171,17484389,,,,,,,,,,,,no,,,female,,0,0
KH09172,17484390,,,,,,,,,Vietnam,VN,,no,,,female,,0,0
KH09173,17484391,,TP Hồ Chí Minh,TP Hồ Chí Minh,2.0,Quận 3,32.0,Phường 6,9357.0,Vietnam,VN,,no,sapo_social,,male,,30880500,13
KH09174,17484392,,,,,,,,,Vietnam,VN,,no,,,male,,0,0
KH09175,17484393,,,,,,,,,,,,no,,,male,,0,0
KH09176,17484394,,,,,,,,,,,,no,,,male,,0,0
KH09177,17484395,,,,,,,,,,,,no,,,female,,0,0
KH09178,17484396,,,,,,,,,,,,no,,,male,,0,0
KH09179,17484397,,,,,,,,,,,,no,,,male,,0,0
KH09180,17484398,,,,,,,,,,,,no,,,female,,0,0
KH09181,17484399,,,,,,,,,,,,no,,,male,,0,0
KH09182,17484400,,,,,,,,,Vietnam,VN,,no,,,female,,0,0
KH09183,17484401,,,,,,,,,Vietnam,VN,,no,,,male,,0,0
KH09184,17484402,,,,,,,,,,,,no,,,other,,2198000,1
KH09185,17484403,,,,,,,,,,,,no,,,male,,0,0
KH09186,17484404,,,,,,,,,,,,no,,,male,,0,0
KH09187,17484405,,,,,,,,,Vietnam,VN,,no,,,female,,0,0
KH09188,17484406,,,,,,,,,,,,no,,,other,,0,0
KH09189,17484407,,,,,,,,,,,,no,,,female,,0,0
KH09190,17484408,,,,,,,,,Vietnam,VN,,no,,,male,,0,0
KH09191,17484409,,,,,,,,,,,,no,,,other,,0,0
KH09192,17484410,,,,,,,,,Vietnam,VN,,no,,,male,,2000000,1
KH09193,17484411,,,,,,,,,Vietnam,VN,,no,,,other,,0,0
KH09194,17484412,,,,,,,,,Vietnam,VN,,no,,,female,,0,0
KH09195,17484413,,,,,,,,,Vietnam,VN,,no,,,female,,0,0
KH09196,17484414,,,,,,,,,,,,no,,,male,,0,0
KH09197,17484415,,,,,,,,,Vietnam,VN,,no,,,male,,0,0
KH09198,17484416,,,,,,,,,,,,no,,,male,,0,0
KH09199,17484417,,,,,,,,,Vietnam,VN,,no,,,female,,0,0
KH09200,17484418,,,,,,,,,,,,no,,,female,,0,0
KH09201,17484419,,,,,,,,,Vietnam,VN,,no,,,male,,0,0
KH09202,17484420,,,,,,,,,,,,no,,,male,,0,0
KH09203,17484421,,,,,,,,,Vietnam,VN,,no,,,female,,0,0
KH09204,17484422,,Tiền Giang,Tiền Giang,58.0,Thành phố Mỹ Tho,638.0,Phường 1,9735.0,Vietnam,VN,,no,sapo_social,,male,,4369000,2
KH09205,17484423,,,,,,,,,Vietnam,VN,,no,,,male,,750000,1
KH09206,17484424,,,,,,,,,,,,no,,,other,,0,0
KH09207,17484425,,,,,,,,,,,,no,,,other,,0,0
KH09208,17484426,,,,,,,,,,,,no,,,female,,0,0
KH09209,17484427,,,,,,,,,,,,no,,,male,,0,0
KH09210,17484428,,,,,,,,,,,,no,,,female,,0,0
KH09211,17484429,,,,,,,,,,,,no,,,other,,0,0
KH09212,17484430,,,,,,,,,Vietnam,VN,,no,,,female,,0,0
KH09213,17484431,,,,,,,,,Vietnam,VN,,no,,,male,,0,0
KH09214,17484432,,,,,,,,,,,,no,,,female,,0,0
KH09215,17484433,,,,,,,,,Vietnam,VN,,no,,,male,,0,0
KH09216,17484434,,,,,,,,,,,,no,,,female,,0,0
KH09217,17484435,,,,,,,,,,,,no,,,other,,0,0
KH09218,17484436,,,,,,,,,,,,no,,,male,,0,0
KH09219,17484437,,,,,,,,,,,,no,,,male,,0,0
KH09220,17484438,,,,,,,,,,,,no,,,male,,0,0
KH09221,17484439,,,,,,,,,,,,no,,,male,,0,0
KH09222,17484440,,,,,,,,,Vietnam,VN,,no,,,male,,0,0
KH09223,17484441,,,,,,,,,,,,no,,,male,,0,0
KH09224,17484442,,,,,,,,,Vietnam,VN,,no,,,female,,7150000,1
KH09225,17484443,,Bình Dương,Bình Dương,10.0,,,,,Vietnam,VN,,no,,,male,,0,0
KH09226,17484444,,,,,,,,,Vietnam,VN,,no,,,male,,0,0
KH09227,17484445,,,,,,,,,Vietnam,VN,,no,,,male,,0,0
KH09228,17484446,,,,,,,,,Vietnam,VN,,no,,,female,,0,0
KH09229,17484447,,,,,,,,,,,,no,,,other,,0,0
KH09230,17484448,,,,,,,,,Vietnam,VN,,no,,,male,,0,0
KH09231,17484449,,,,,,,,,,,,no,,,male,,0,0
KH09232,17484450,,,,,,,,,,,,no,,,other,,0,0
KH09233,17484451,,,,,,,,,Vietnam,VN,,no,,,male,,0,0
KH09234,17484452,,,,,,,,,,,,no,,,other,,0,0
KH09235,17484453,,,,,,,,,,,,no,,,other,,0,0
KH09236,17484454,,,,,,,,,,,,no,,,other,,980000,2
KH09237,17484455,,,,,,,,,,,,no,,,other,,0,0
KH09238,17484456,,,,,,,,,,,,no,,,male,,0,0
KH09239,17484457,,,,,,,,,,,,no,,,female,,0,0
KH09240,17484458,,,,,,,,,,,,no,,,male,,0,0
KH09241,17484459,,,,,,,,,Vietnam,VN,,no,,,female,,0,0
KH09242,17484460,,,,,,,,,Vietnam,VN,,no,,,male,,0,0
KH09243,17484461,,,,,,,,,,,,no,,,female,,0,0
KH09244,17484462,,,,,,,,,Vietnam,VN,,no,,,male,,0,0
KH09245,17484463,,,,,,,,,,,,no,,,other,,0,0
KH09246,17484464,,,,,,,,,Vietnam,VN,,no,,,male,,0,0
KH09247,17484465,,,,,,,,,,,,no,,,other,,0,0
KH09248,17484466,,,,,,,,,,,,no,,,other,,0,0
KH09249,17484467,,,,,,,,,Vietnam,VN,,no,,,female,,0,0
KH09250,17484468,,,,,,,,,Vietnam,VN,,no,,,male,,0,0
KH09251,17484469,,,,,,,,,Vietnam,VN,,no,,,female,,0,0
KH09252,17484470,,,,,,,,,Vietnam,VN,,no,,,male,,0,0
KH09253,17484471,,,,,,,,,Vietnam,VN,,no,,,male,,0,0
KH09254,17484472,,,,,,,,,Vietnam,VN,,no,,,male,,0,0
KH09255,17484473,,,,,,,,,Vietnam,VN,,no,,,male,,0,0
KH09256,17484474,,,,,,,,,Vietnam,VN,,no,,,male,,0,0
KH09257,17484475,,,,,,,,,Vietnam,VN,,no,,,male,,0,0
KH09258,17484476,,,,,,,,,,,,no,,,other,,0,0
KH09259,17484477,,,,,,,,,,,,no,,,female,,0,0
KH09260,17484478,,,,,,,,,Vietnam,VN,,no,,,male,,2040000,3
KH09261,17484479,,,,,,,,,,,,no,,,male,,4446800,4
KH09262,17484480,,,,,,,,,Vietnam,VN,,no,,,male,,0,0
KH09263,17484481,,,,,,,,,Vietnam,VN,,no,,,male,,44930000,9
KH09264,17484482,,,,,,,,,Vietnam,VN,,no,,,male,,0,0
KH09265,17484483,,,,,,,,,,,,no,,,other,,0,0
KH09266,17484484,,,,,,,,,,,,no,,,male,,0,0
KH09267,17484485,,,,,,,,,,,,no,,,other,,0,0
KH09268,17484486,,,,,,,,,Vietnam,VN,,no,,,male,,0,0
KH09269,17484487,,,,,,,,,Vietnam,VN,,no,,,other,,0,0
KH09270,17484488,,,,,,,,,Vietnam,VN,,no,,,female,,2330000,2
KH09271,17484489,,,,,,,,,Vietnam,VN,,no,,,female,,0,0
KH09272,17484490,,,,,,,,,Vietnam,VN,,no,,,male,,0,0
KH09273,17484491,,,,,,,,,,,,no,,,female,,0,0
KH09274,17484492,,,,,,,,,,,,no,,,male,,0,0
KH09275,17484493,,,,,,,,,,,,no,,,other,,0,0
KH09276,17484494,,,,,,,,,Vietnam,VN,,no,,,male,,0,0
KH09277,17484495,,,,,,,,,Vietnam,VN,,no,,,male,,0,0
KH09278,17484496,,,,,,,,,,,,no,,,male,,0,0
KH09279,17484497,,Bình Phước,Bình Phước,12.0,,,,,Vietnam,VN,,no,,,other,,0,0
KH09280,17484498,,,,,,,,,Vietnam,VN,,no,,,male,,0,0
KH09281,17484499,,,,,,,,,Vietnam,VN,,no,,,male,,0,0
KH09282,17484500,,,,,,,,,,,,no,,,other,,0,0
KH09283,17484501,,,,,,,,,,,,no,,,male,,0,0
KH09284,17484502,,,,,,,,,,,,no,,,male,,0,0
KH09285,17484503,,,,,,,,,,,,no,,,female,,0,0
KH09286,17484504,,,,,,,,,,,,no,,,female,,0,0
KH09287,17484505,,,,,,,,,,,,no,,,other,,0,0
KH09288,17484506,,,,,,,,,,,,no,,,male,,0,0
KH09289,17484507,,,,,,,,,,,,no,,,male,,0,0
KH09290,17484508,,,,,,,,,,,,no,,,male,,550000,1
KH09291,17484509,,,,,,,,,,,,no,,,male,,5995000,1
KH09292,17484510,,,,,,,,,,,,no,,,female,,0,0
KH09293,17484511,,,,,,,,,Vietnam,VN,,no,,,male,,0,0
KH09294,17484512,,,,,,,,,,,,no,,,female,,0,0
KH09295,17484513,,,,,,,,,,,,no,,,other,,0,0
KH09296,17484514,,,,,,,,,Vietnam,VN,,no,,,male,,0,0
KH09297,17484515,,,,,,,,,Vietnam,VN,,no,,,female,,0,0
KH09298,17484516,,,,,,,,,,,,no,,,female,,0,0
KH09299,17484517,,,,,,,,,Vietnam,VN,,no,,,male,,0,0
KH09300,17484518,,,,,,,,,,,,no,,,other,,0,0
KH09301,17484519,,,,,,,,,,,,no,,,other,,0,0
KH09302,17484520,,,,,,,,,,,,no,,,male,,0,0
KH09303,17484521,,TP Hồ Chí Minh,TP Hồ Chí Minh,2.0,Quận 5,34.0,Phường 3,9413.0,Vietnam,VN,,no,,,male,,1315000,1
KH09304,17484522,,,,,,,,,Vietnam,VN,,no,,,female,,0,0
KH09305,17484523,,,,,,,,,Vietnam,VN,,no,,,male,,0,0
KH09306,17484524,,,,,,,,,Vietnam,VN,,no,,,female,,0,0
KH09307,17484525,,,,,,,,,,,,no,,,male,,0,0
KH09308,17484526,,,,,,,,,,,,no,,,male,,0,0
KH09309,17484527,,,,,,,,,,,,no,,,female,,0,0
KH09310,17484528,,,,,,,,,Vietnam,VN,,no,,,male,,0,0
KH09311,17484529,,,,,,,,,Vietnam,VN,,no,,,female,,0,0
KH09312,17484530,,,,,,,,,,,,no,,,other,,0,0
KH09313,17484531,,,,,,,,,,,,no,,,other,,0,0
KH09314,17484532,,,,,,,,,,,,no,,,male,,0,0
KH09315,17484533,,,,,,,,,Vietnam,VN,,no,,,female,,0,0
KH09316,17484534,,,,,,,,,Vietnam,VN,,no,,,female,,0,0
KH09317,17484535,,,,,,,,,Vietnam,VN,,no,,,female,,0,0
KH09318,17484536,,,,,,,,,Vietnam,VN,,no,,,female,,0,0
KH09319,17484537,,,,,,,,,Vietnam,VN,,no,,,male,,0,0
KH09320,17484538,,,,,,,,,,,,no,,,other,,0,0
KH09321,17484539,,,,,,,,,Vietnam,VN,,no,,,male,,0,0
KH09322,17484540,,,,,,,,,,,,no,,,other,,0,0
KH09323,17484541,,,,,,,,,Vietnam,VN,,no,,,female,,0,0
KH09324,17484542,,,,,,,,,Vietnam,VN,,no,,,female,,0,0
KH09325,17484543,,,,,,,,,Vietnam,VN,,no,,,female,,0,0
KH09326,17484544,,,,,,,,,,,,no,,,female,,0,0
KH09327,17484545,,,,,,,,,,,,no,,,female,,2899000,1
KH09328,17484546,,,,,,,,,,,,no,,,other,,0,0
KH09329,17484547,,,,,,,,,,,,no,,,other,,0,0
KH09330,17484548,,,,,,,,,,,,no,,,male,,0,0
KH09331,17484549,,,,,,,,,,,,no,,,male,,0,0
KH09332,17484550,,,,,,,,,Vietnam,VN,,no,,,female,,0,0
KH09333,17484551,,,,,,,,,,,,no,,,female,,0,0
KH09334,17484552,,,,,,,,,,,,no,,,other,,0,0
KH09335,17484553,,,,,,,,,,,,no,,,female,,0,0
KH09336,17484554,,,,,,,,,Vietnam,VN,,no,,,female,,0,0
KH09337,17484555,,,,,,,,,,,,no,,,male,,0,0
KH09338,17484556,,,,,,,,,,,,no,,,other,,0,0
KH09339,17484557,,,,,,,,,,,,no,,,male,,0,0
KH09340,17484558,,,,,,,,,,,,no,,,other,,0,0
KH09341,17484559,,,,,,,,,,,,no,,,other,,0,0
KH09342,17484560,,,,,,,,,,,,no,,,other,,0,0
KH09343,17484561,,,,,,,,,,,,no,,,female,,0,0
KH09344,17484562,,,,,,,,,,,,no,,,other,,0,0
KH09345,17484563,,,,,,,,,,,,no,,,other,,0,0
KH09346,17484564,,,,,,,,,,,,no,,,female,,0,0
KH09347,17484565,,,,,,,,,Vietnam,VN,,no,,,male,,0,0
KH09348,17484566,,,,,,,,,,,,no,,,other,,0,0
KH09349,17484567,,,,,,,,,Vietnam,VN,,no,,,other,,0,0
KH09350,17484568,,,,,,,,,,,,no,,,other,,0,0
KH09351,17484569,,,,,,,,,,,,no,,,other,,0,0
KH09352,17484570,,,,,,,,,,,,no,,,other,,2464000,1
KH09353,17484571,,,,,,,,,Vietnam,VN,,no,,,female,,0,0
KH09354,17484572,,,,,,,,,,,,no,,,female,,0,0
KH09355,17484573,,,,,,,,,,,,no,,,female,,0,0
KH09356,17484574,,,,,,,,,,,,no,,,other,,0,0
KH09357,17484575,,,,,,,,,,,,no,,,other,,0,0
KH09358,17484576,,,,,,,,,,,,no,,,male,,0,0
KH09359,17484577,,,,,,,,,,,,no,,,other,,0,0
KH09360,17484578,,,,,,,,,,,,no,,,male,,0,0
KH09361,17484579,,,,,,,,,,,,no,,,other,,0,0
KH09362,17484580,,,,,,,,,,,,no,,,other,,0,0
KH09363,17484581,,,,,,,,,Vietnam,VN,,no,,,male,,0,0
KH09364,17484582,,,,,,,,,Vietnam,VN,,no,,,female,,0,0
KH09365,17484583,,,,,,,,,,,,no,,,other,,0,0
KH09366,17484584,,,,,,,,,Vietnam,VN,,no,,,male,,0,0
KH09367,17484585,,,,,,,,,Vietnam,VN,,no,,,male,,0,0
KH09368,17484586,,,,,,,,,Vietnam,VN,,no,,,male,,0,0
KH09369,17484587,,,,,,,,,Vietnam,VN,,no,,,female,,0,0
KH09370,17484588,,,,,,,,,,,,no,,,other,,0,0
KH09371,17484589,,,,,,,,,,,,no,,,other,,0,0
KH09372,17484590,,,,,,,,,,,,no,,,other,,0,0
KH09373,17484591,,,,,,,,,,,,no,,,other,,0,0
KH09374,17484592,,,,,,,,,Vietnam,VN,,no,,,other,,0,0
KH09375,17484593,,,,,,,,,Vietnam,VN,,no,,,female,,0,0
KH09376,17484594,,,,,,,,,,,,no,,,male,,0,0
KH09377,17484595,,,,,,,,,Vietnam,VN,,no,,,male,,0,0
KH09378,17484596,,,,,,,,,,,,no,,,other,,0,0
KH09379,17484597,,,,,,,,,Vietnam,VN,,no,,,female,,0,0
KH09380,17484598,,,,,,,,,,,,no,,,other,,1250000,1
KH09381,17484599,,,,,,,,,Vietnam,VN,,no,,,female,,0,0
KH09382,17484600,,,,,,,,,,,,no,,,other,,0,0
KH09383,17484601,,,,,,,,,Vietnam,VN,,no,,,female,,0,0
KH09384,17484602,,,,,,,,,Vietnam,VN,,no,,,male,,0,0
KH09385,17484603,,,,,,,,,Vietnam,VN,,no,,,female,,0,0
KH09386,17484604,,,,,,,,,Vietnam,VN,,no,,,male,,0,0
KH09387,17484605,,,,,,,,,Vietnam,VN,,no,,,male,,0,0
KH09388,17484606,,,,,,,,,Vietnam,VN,,no,,,male,,0,0
KH09389,17484607,,,,,,,,,Vietnam,VN,,no,,,female,,0,0
KH09390,17484608,,,,,,,,,Vietnam,VN,,no,,,female,,0,0
KH09391,17484609,,,,,,,,,Vietnam,VN,,no,,,male,,0,0
KH09392,17484610,,,,,,,,,Vietnam,VN,,no,,,female,,0,0
KH09393,17484611,,TP Hồ Chí Minh,TP Hồ Chí Minh,2.0,Quận Phú Nhuận,46.0,Phường 7,9328.0,Vietnam,VN,,no,sapo_social,,male,,7365000,3
KH09394,17484612,,,,,,,,,Vietnam,VN,,no,,,male,,0,0
KH09395,17484613,,,,,,,,,Vietnam,VN,,no,,,male,,0,0
KH09396,17484614,,,,,,,,,Vietnam,VN,,no,,,male,,0,0
KH09397,17484615,,,,,,,,,,,,no,,,other,,0,0
KH09398,17484616,,,,,,,,,,,,no,,,other,,0,0
KH09399,17484617,,,,,,,,,,,,no,,,other,,0,0
KH09400,17484618,,,,,,,,,Vietnam,VN,,no,,,male,,0,0
KH09401,17484619,,,,,,,,,Vietnam,VN,,no,,,female,,0,0
KH09402,17484620,,,,,,,,,Vietnam,VN,,no,,,male,,0,0
KH09403,17484621,,,,,,,,,Vietnam,VN,,no,,,female,,0,0
KH09404,17484622,,,,,,,,,Vietnam,VN,,no,,,female,,0,0
KH09405,17484623,,,,,,,,,,,,no,,,other,,0,0
KH09406,17484624,,,,,,,,,Vietnam,VN,,no,,,female,,0,0
KH09407,17484625,,,,,,,,,,,,no,,,male,,0,0
KH09408,17484626,,,,,,,,,,,,no,,,male,,0,0
KH09409,17484627,,,,,,,,,Vietnam,VN,,no,,,male,,0,0
KH09410,17484628,,,,,,,,,,,,no,,,male,,0,0
KH09411,17484629,,,,,,,,,,,,no,,,other,,0,0
KH09412,17484630,,,,,,,,,,,,no,,,other,,0,0
KH09413,17484631,,,,,,,,,,,,no,,,male,,0,0
KH09414,17484632,,,,,,,,,,,,no,,,other,,0,0
KH09415,17484633,,,,,,,,,,,,no,,,female,,0,0
KH09416,17484634,,,,,,,,,,,,no,,,other,,0,0
KH09417,17484635,,,,,,,,,,,,no,,,other,,0,0
KH09418,17484636,,,,,,,,,,,,no,,,male,,0,0
KH09419,17484637,,,,,,,,,Vietnam,VN,,no,,,female,,0,0
KH09420,17484638,,,,,,,,,,,,no,,,other,,0,0
KH09421,17484639,,,,,,,,,,,,no,,,female,,0,0
KH09422,17484640,,,,,,,,,Vietnam,VN,,no,,,male,,0,0
KH09423,17484641,,,,,,,,,Vietnam,VN,,no,,,female,,0,0
KH09424,17484642,,,,,,,,,Vietnam,VN,,no,,,female,,13860000,1
KH09425,17484643,,,,,,,,,,,,no,,,male,,0,0
KH09426,17484644,,,,,,,,,,,,no,,,other,,0,0
KH09427,17484645,,,,,,,,,,,,no,,,female,,0,0
KH09428,17484646,,,,,,,,,Vietnam,VN,,no,,,male,,0,0
KH09429,17484647,,,,,,,,,,,,no,,,other,,0,0
KH09430,17484648,,,,,,,,,Vietnam,VN,,no,,,male,,4120000,2
KH09431,17484649,,,,,,,,,Vietnam,VN,,no,,,male,,0,0
KH09432,17484650,,,,,,,,,Vietnam,VN,,no,,,male,,0,0
KH09433,17484651,,,,,,,,,,,,no,,,male,,0,0
KH09434,17484652,,,,,,,,,Vietnam,VN,,no,,,other,,0,0
KH09435,17484653,,,,,,,,,Vietnam,VN,,no,,,female,,0,0
KH09436,17484654,,,,,,,,,,,,no,,,male,,0,0
KH09437,17484655,,,,,,,,,,,,no,,,other,,0,0
KH09438,17484656,,,,,,,,,Vietnam,VN,,no,,,male,,0,0
KH09439,17484657,,,,,,,,,,,,no,,,other,,0,0
KH09440,17484658,,,,,,,,,,,,no,,,other,,0,0
KH09441,17484659,,,,,,,,,Vietnam,VN,,no,,,female,,0,0
KH09442,17484660,,,,,,,,,Vietnam,VN,,no,,,male,,0,0
KH09443,17484661,,,,,,,,,Vietnam,VN,,no,,,other,,11348000,1
KH09444,17484662,,,,,,,,,,,,no,,,other,,0,0
KH09445,17484663,,,,,,,,,Vietnam,VN,,no,,,male,,0,0
KH09446,17484664,,,,,,,,,,,,no,,,other,,0,0
KH09447,17484665,,,,,,,,,,,,no,,,other,,0,0
KH09448,17484666,,,,,,,,,,,,no,,,male,,0,0
KH09449,17484667,,,,,,,,,Vietnam,VN,,no,,,male,,0,0
KH09450,17484668,,,,,,,,,Vietnam,VN,,no,,,male,,0,0
KH09451,17484669,,,,,,,,,,,,no,,,other,,0,0
KH09452,17484670,,,,,,,,,Vietnam,VN,,no,,,male,,0,0
KH09453,17484671,,,,,,,,,Vietnam,VN,,no,,,other,,0,0
KH09454,17484672,,,,,,,,,Vietnam,VN,,no,,,male,,0,0
KH09455,17484673,,,,,,,,,Vietnam,VN,,no,,,male,,0,0
KH09456,17484674,,,,,,,,,,,,no,,,female,,0,0
KH09457,17484675,,,,,,,,,,,,no,,,other,,0,0
KH09458,17484676,,,,,,,,,Vietnam,VN,,no,,,male,,0,0
KH09459,17484677,,,,,,,,,Vietnam,VN,,no,,,female,,0,0
KH09460,17484678,,,,,,,,,,,,no,,,male,,0,0
KH09461,17484679,,,,,,,,,,,,no,,,male,,0,0
KH09462,17484680,,,,,,,,,,,,no,,,female,,0,0
KH09463,17484681,,,,,,,,,,,,no,,,other,,0,0
KH09464,17484682,,,,,,,,,Vietnam,VN,,no,,,male,,0,0
KH09465,17484683,,,,,,,,,Vietnam,VN,,no,,,male,,0,0
KH09466,17484684,,,,,,,,,,,,no,,,male,,0,0
KH09467,17484685,,,,,,,,,,,,no,,,female,,0,0
KH09468,17484686,,,,,,,,,,,,no,,,other,,0,0
KH09469,17484687,,,,,,,,,Vietnam,VN,,no,,,other,,0,0
KH09470,17484688,,,,,,,,,,,,no,,,other,,1885000,3
KH09471,17484689,,,,,,,,,Vietnam,VN,,no,,,female,,0,0
KH09472,17484690,,,,,,,,,Vietnam,VN,,no,,,male,,0,0
KH09473,17484691,,,,,,,,,,,,no,,,other,,0,0
KH09474,17484692,,,,,,,,,Vietnam,VN,,no,,,female,,0,0
KH09475,17484693,,,,,,,,,,,,no,,,other,,0,0
KH09476,17484694,,,,,,,,,,,,no,,,male,,0,0
KH09477,17484695,,,,,,,,,,,,no,,,female,,2100000,1
KH09478,17484696,,,,,,,,,,,,no,,,other,,0,0
KH09479,17484697,,,,,,,,,,,,no,,,female,,0,0
KH09480,17484698,,,,,,,,,,,,no,,,female,,0,0
KH09481,17484699,,,,,,,,,,,,no,,,other,,0,0
KH09482,17484700,,,,,,,,,,,,no,,,male,,0,0
KH09483,17484701,,,,,,,,,,,,no,,,other,,0,0
KH09484,17484702,,,,,,,,,Vietnam,VN,,no,,,female,,0,0
KH09485,17484703,,,,,,,,,Vietnam,VN,,no,,,male,,0,0
KH09486,17484704,,,,,,,,,,,,no,,,male,,0,0
KH09487,17484705,,,,,,,,,,,,no,,,other,,0,0
KH09488,17484706,,,,,,,,,,,,no,,,male,,0,0
KH09489,17484707,,,,,,,,,,,,no,,,other,,0,0
KH09490,17484708,,,,,,,,,,,,no,,,female,,0,0
KH09491,17484709,,,,,,,,,,,,no,,,male,,0,0
KH09492,17484710,,,,,,,,,,,,no,,,female,,0,0
KH09493,17484711,,,,,,,,,,,,no,,,male,,0,0
KH09494,17484712,,,,,,,,,,,,no,,,male,,0,0
KH09495,17484713,,,,,,,,,Vietnam,VN,,no,,,male,,0,0
KH09496,17484714,,,,,,,,,Vietnam,VN,,no,,,other,,0,0
KH09497,17484715,,,,,,,,,,,,no,,,other,,0,0
KH09498,17484716,,,,,,,,,,,,no,,,male,,0,0
KH09499,17484717,,,,,,,,,Vietnam,VN,,no,,,male,,0,0
KH09500,17484718,,,,,,,,,Vietnam,VN,,no,,,male,,0,0
KH09501,17484719,,,,,,,,,Vietnam,VN,,no,,,male,,0,0
KH09502,17484720,,,,,,,,,Vietnam,VN,,no,,,female,,0,0
KH09503,17484721,,,,,,,,,Vietnam,VN,,no,,,female,,0,0
KH09504,17484722,,TP Hồ Chí Minh,TP Hồ Chí Minh,2.0,Quận Gò Vấp,42.0,Phường 14,9269.0,Vietnam,VN,,no,sapo_social,,male,,3425000,4
KH09505,17484723,,,,,,,,,Vietnam,VN,,no,,,female,,0,0
KH09506,17484724,,,,,,,,,Vietnam,VN,,no,,,male,,0,0
KH09507,17484725,,,,,,,,,,,,no,,,female,,0,0
KH09508,17484726,,,,,,,,,,,,no,,,other,,0,0
KH09509,17484727,,,,,,,,,,,,no,,,male,,0,0
KH09510,17484728,,,,,,,,,,,,no,,,other,,0,0
KH09511,17484729,,,,,,,,,Vietnam,VN,,no,,,other,,0,0
KH09512,17484730,,,,,,,,,Vietnam,VN,,no,,,male,,0,0
KH09513,17484731,,,,,,,,,,,,no,,,male,,0,0
KH09514,17484732,,,,,,,,,,,,no,,,other,,0,0
KH09515,17484733,,,,,,,,,,,,no,,,other,,0,0
KH09516,17484734,,,,,,,,,,,,no,,,female,,0,0
KH09517,17484735,,,,,,,,,,,,no,,,female,,0,0
KH09518,17484736,,,,,,,,,,,,no,,,other,,2920000,3
KH09519,17484737,,,,,,,,,,,,no,,,other,,0,0
KH09520,17484738,,,,,,,,,,,,no,,,other,,0,0
KH09521,17484739,,,,,,,,,,,,no,,,other,,0,0
KH09522,17484740,,,,,,,,,,,,no,,,male,,0,0
KH09523,17484741,,,,,,,,,,,,no,,,other,,0,0
KH09524,17484742,,,,,,,,,,,,no,,,male,,0,0
KH09525,17484743,,,,,,,,,,,,no,,,male,,0,0
KH09526,17484744,,,,,,,,,Vietnam,VN,,no,,,female,,0,0
KH09527,17484745,,,,,,,,,Vietnam,VN,,no,,,female,,0,0
KH09528,17484746,,,,,,,,,,,,no,,,male,,0,0
KH09529,17484747,,,,,,,,,,,,no,,,other,,0,0
KH09530,17484748,,,,,,,,,Vietnam,VN,,no,,,male,,0,0
KH09531,17484749,,,,,,,,,Vietnam,VN,,no,,,male,,0,0
KH09532,17484750,,,,,,,,,Vietnam,VN,,no,,,male,,0,0
KH09533,17484751,,,,,,,,,,,,no,,,male,,0,0
KH09534,17484752,,,,,,,,,,,,no,,,other,,0,0
KH09535,17484753,,,,,,,,,,,,no,,,male,,0,0
KH09536,17484754,,,,,,,,,Vietnam,VN,,no,,,male,,0,0
KH09537,17484755,,,,,,,,,Vietnam,VN,,no,,,female,,0,0
KH09538,17484756,,,,,,,,,Vietnam,VN,,no,,,male,,0,0
KH09539,17484757,,,,,,,,,Vietnam,VN,,no,,,female,,0,0
KH09540,17484758,,,,,,,,,Vietnam,VN,,no,,,male,,0,0
KH09541,17484759,,,,,,,,,,,,no,,,other,,0,0
KH09542,17484760,,,,,,,,,Vietnam,VN,,no,,,male,,0,0
KH09543,17484761,,,,,,,,,Vietnam,VN,,no,,,male,,6350000,1
KH09544,17484762,,,,,,,,,Vietnam,VN,,no,,,male,,0,0
KH09545,17484763,,,,,,,,,Vietnam,VN,,no,,,male,,0,0
KH09546,17484764,,,,,,,,,,,,no,,,male,,0,0
KH09547,17484765,,,,,,,,,,,,no,,,other,,0,0
KH09548,17484766,,,,,,,,,,,,no,,,other,,0,0
KH09549,17484767,,,,,,,,,,,,no,,,other,,0,0
KH09550,17484768,,,,,,,,,,,,no,,,other,,0,0
KH09551,17484769,,,,,,,,,,,,no,,,other,,0,0
KH09552,17484770,,,,,,,,,,,,no,,,other,,0,0
KH09553,17484771,,,,,,,,,,,,no,,,female,,0,0
KH09554,17484772,,,,,,,,,,,,no,,,male,,0,0
KH09555,17484773,,,,,,,,,,,,no,,,other,,0,0
KH09556,17484774,,,,,,,,,,,,no,,,female,,0,0
KH09557,17484775,,,,,,,,,,,,no,,,other,,0,0
KH09558,17484776,,,,,,,,,,,,no,,,other,,0,0
KH09559,17484777,,,,,,,,,,,,no,,,other,,0,0
KH09560,17484778,,,,,,,,,,,,no,,,other,,0,0
KH09561,17484779,,,,,,,,,,,,no,,,other,,0,0
KH09562,17484780,,,,,,,,,,,,no,,,male,,0,0
KH09563,17484781,,,,,,,,,,,,no,,,other,,0,0
KH09564,17484782,,,,,,,,,Vietnam,VN,,no,,,male,,0,0
KH09565,17484783,,,,,,,,,,,,no,,,other,,0,0
KH09566,17484784,,,,,,,,,,,,no,,,other,,0,0
KH09567,17484785,,,,,,,,,,,,no,,,other,,0,0
KH09568,17484786,,,,,,,,,,,,no,,,female,,0,0
KH09569,17484787,,,,,,,,,,,,no,,,female,,0,0
KH09570,17484788,,,,,,,,,,,,no,,,other,,0,0
KH09571,17484789,,,,,,,,,,,,no,,,other,,0,0
KH09572,17484790,,,,,,,,,,,,no,,,other,,0,0
KH09573,17484791,,,,,,,,,,,,no,,,male,,0,0
KH09574,17484792,,,,,,,,,,,,no,,,other,,0,0
KH09575,17484793,,,,,,,,,Vietnam,VN,,no,,,male,,0,0
KH09576,17484794,,,,,,,,,,,,no,,,other,,0,0
KH09577,17484795,,,,,,,,,,,,no,,,other,,0,0
KH09578,17484796,,,,,,,,,,,,no,,,other,,0,0
KH09579,17484797,,,,,,,,,,,,no,,,other,,0,0
KH09580,17484798,,,,,,,,,,,,no,,,other,,0,0
KH09581,17484799,,,,,,,,,,,,no,,,other,,0,0
KH09582,17484800,,,,,,,,,,,,no,,,other,,0,0
KH09583,17484801,,,,,,,,,Vietnam,VN,,no,,,male,,0,0
KH09584,17484802,,,,,,,,,Vietnam,VN,,no,,,male,,0,0
KH09585,17484803,,,,,,,,,,,,no,,,other,,875000,2
KH09586,17484804,,,,,,,,,,,,no,,,other,,0,0
KH09587,17484805,,,,,,,,,,,,no,,,other,,1400000,1
KH09588,17484806,,,,,,,,,,,,no,,,other,,0,1
KH09589,17484807,,,,,,,,,,,,no,,,other,,0,0
KH09590,17484808,,,,,,,,,Vietnam,VN,,no,,,male,,3075000,2
KH09591,17484809,,,,,,,,,Vietnam,VN,,no,,,female,,0,0
KH09592,17484810,,,,,,,,,Vietnam,VN,,no,,,male,,0,0
KH09593,17484811,,,,,,,,,Vietnam,VN,,no,,,male,,0,0
KH09594,17484812,,,,,,,,,,,,no,,,male,,0,0
KH09595,17484813,,,,,,,,,,,,no,,,other,,4400000,1
KH09596,17484814,,,,,,,,,,,,no,,,other,,0,0
KH09597,17484815,,,,,,,,,,,,no,,,other,,0,0
KH09598,17484816,,,,,,,,,,,,no,,,other,,0,0
KH09599,17484817,,,,,,,,,Vietnam,VN,,no,,,other,,0,0
KH09600,17484818,,,,,,,,,,,,no,,,male,,0,0
KH09601,17484819,,,,,,,,,,,,no,,,male,,0,0
KH09602,17484820,,,,,,,,,,,,no,,,other,,0,0
KH09603,17484821,,,,,,,,,,,,no,,,other,,0,0
KH09604,17484822,,,,,,,,,,,,no,,,other,,0,0
KH09605,17484823,,,,,,,,,,,,no,,,other,,0,0
KH09606,17484824,,,,,,,,,Vietnam,VN,,no,,,male,,0,0
KH09607,17484825,,,,,,,,,Vietnam,VN,,no,,,male,,0,0
KH09608,17484826,,,,,,,,,Vietnam,VN,,no,,,male,,0,0
KH09609,17484827,,,,,,,,,Vietnam,VN,,no,,,male,,0,0
KH09610,17484828,,,,,,,,,,,,no,,,female,,0,0
KH09611,17484829,,,,,,,,,,,,no,,,male,,1720000,1
KH09612,17484830,,,,,,,,,,,,no,,,male,,15300000,2
KH09613,17484831,,,,,,,,,,,,no,,,female,,0,0
KH09614,17484832,,,,,,,,,Vietnam,VN,,no,,,male,,0,0
KH09615,17484833,,,,,,,,,,,,no,,,female,,0,0
KH09616,17484834,,,,,,,,,,,,no,,,other,,0,0
KH09617,17484835,,,,,,,,,,,,no,,,other,,0,0
KH09618,17484836,,,,,,,,,,,,no,,,other,,0,0
KH09619,17484837,,,,,,,,,,,,no,,,other,,0,0
KH09620,17484838,,,,,,,,,,,,no,,,other,,0,0
KH09621,17484839,,,,,,,,,,,,no,,,male,,0,0
KH09622,17484840,,,,,,,,,,,,no,,,other,,0,0
KH09623,17484841,,,,,,,,,,,,no,,,other,,0,0
KH09624,17484843,,,,,,,,,,,,no,,,female,,0,0
KH09625,17484844,,,,,,,,,,,,no,,,other,,0,0
KH09626,17484845,,,,,,,,,,,,no,,,other,,0,0
KH09627,17484846,,,,,,,,,,,,no,,,male,,0,0
KH09628,17484847,,,,,,,,,,,,no,,,male,,0,0
KH09629,17484848,,,,,,,,,,,,no,,,other,,0,0
KH09630,17484849,,,,,,,,,,,,no,,,other,,0,0
KH09631,17484850,,,,,,,,,,,,no,,,male,,0,0
KH09632,17484851,,,,,,,,,,,,no,,,female,,0,0
KH09633,17484852,,,,,,,,,,,,no,,,other,,0,0
KH09634,17484853,,,,,,,,,,,,no,,,male,,0,0
KH09635,17484854,,,,,,,,,,,,no,,,other,,0,0
KH09636,17484855,,,,,,,,,Vietnam,VN,,no,,,female,,0,0
KH09637,17484856,,,,,,,,,,,,no,,,other,,0,0
KH09638,17484857,,,,,,,,,,,,no,,,other,,1560000,1
KH09639,17484858,,,,,,,,,Vietnam,VN,,no,,,other,,0,0
KH09640,17484859,,,,,,,,,,,,no,,,other,,0,0
KH09641,17484860,,,,,,,,,,,,no,,,other,,0,0
KH09642,17484861,,,,,,,,,,,,no,,,male,,0,0
KH09643,17484862,,,,,,,,,,,,no,,,male,,2400000,1
KH09644,17484863,,,,,,,,,,,,no,,,other,,0,0
KH09645,17484864,,,,,,,,,Vietnam,VN,,no,,,female,,0,0
KH09646,17484865,,,,,,,,,,,,no,,,other,,0,0
KH09647,17484866,,,,,,,,,Vietnam,VN,,no,,,male,,0,0
KH09648,17484867,,,,,,,,,,,,no,,,male,,0,0
KH09649,17484868,,,,,,,,,,,,no,,,male,,0,0
KH09650,17484869,,,,,,,,,,,,no,,,male,,0,0
KH09651,17484870,,,,,,,,,,,,no,,,female,,0,0
KH09652,17484871,,,,,,,,,,,,no,,,male,,0,0
KH09653,17484872,,,,,,,,,,,,no,,,other,,0,0
KH09654,17484873,,,,,,,,,Vietnam,VN,,no,,,male,,2450000,2
KH09655,17484874,,,,,,,,,Vietnam,VN,,no,,,male,,0,0
KH09656,17484875,,,,,,,,,,,,no,,,other,,0,0
KH09657,17484876,,,,,,,,,,,,no,,,other,,0,0
KH09658,17484877,,,,,,,,,,,,no,,,other,,0,0
KH09659,17484878,,,,,,,,,,,,no,,,other,,0,0
KH09660,17484879,,,,,,,,,,,,no,,,other,,0,0
KH09661,17484880,,,,,,,,,,,,no,,,other,,0,0
KH09662,17484881,,,,,,,,,Vietnam,VN,,no,,,male,,0,0
KH09663,17484882,,,,,,,,,,,,no,,,female,,0,0
KH09664,17484883,,,,,,,,,,,,no,,,male,,0,0
KH09665,17484884,,,,,,,,,,,,no,,,female,,0,0
KH09666,17484885,,,,,,,,,Vietnam,VN,,no,,,female,,0,0
KH09667,17484886,,TP Hồ Chí Minh,TP Hồ Chí Minh,2.0,Quận 2,31.0,Phường An Phú,9341.0,Vietnam,VN,,no,,,other,,4000000,1
KH09668,17484887,,,,,,,,,,,,no,,,male,,0,0
KH09669,17484888,,,,,,,,,,,,no,,,other,,0,0
KH09670,17484889,,,,,,,,,,,,no,,,other,,0,0
KH09671,17484890,,,,,,,,,,,,no,,,other,,0,0
KH09672,17484891,,,,,,,,,,,,no,,,other,,0,0
KH09673,17484892,,,,,,,,,,,,no,,,other,,0,0
KH09674,17484893,,,,,,,,,,,,no,,,other,,0,0
KH09675,17484894,,,,,,,,,,,,no,,,other,,0,0
KH09676,17484895,,,,,,,,,,,,no,,,other,,0,0
KH09677,17484896,,,,,,,,,,,,no,,,other,,0,0
KH09678,17484897,,,,,,,,,,,,no,,,other,,0,0
KH09679,17484898,,,,,,,,,,,,no,,,other,,0,0
KH09680,17484899,,,,,,,,,,,,no,,,male,,0,0
KH09681,17484900,,,,,,,,,,,,no,,,female,,1570000,1
KH09682,17484901,,,,,,,,,,,,no,,,male,,1350000,1
KH09683,17484902,,,,,,,,,,,,no,,,other,,0,0
KH09684,17484903,,,,,,,,,Vietnam,VN,,no,,,female,,0,0
KH09685,17484904,,,,,,,,,,,,no,,,other,,0,0
KH09686,17484905,,,,,,,,,,,,no,,,other,,0,0
KH09687,17484906,,,,,,,,,,,,no,,,other,,0,0
KH09688,17484907,,,,,,,,,,,,no,,,other,,0,0
KH09689,17484908,,,,,,,,,,,,no,,,other,,0,0
KH09690,17484909,,,,,,,,,,,,no,,,other,,0,0
KH09691,17484910,,,,,,,,,Vietnam,VN,,no,,,male,,0,0
KH09692,17484911,,,,,,,,,,,,no,,,other,,0,0
KH09693,17484912,,,,,,,,,,,,no,,,other,,0,0
KH09694,17484913,,,,,,,,,,,,no,,,other,,0,0
KH09695,17484914,,,,,,,,,Vietnam,VN,,no,,,male,,0,0
KH09696,17484915,,,,,,,,,Vietnam,VN,,no,,,male,,550000,1
KH09697,17484916,,TP Hồ Chí Minh,TP Hồ Chí Minh,2.0,Quận Tân Bình,43.0,Phường 12,9301.0,Vietnam,VN,,no,sapo_social,,male,,1011000,2
KH09698,17484917,,,,,,,,,Vietnam,VN,,no,,,male,1954-03-10,0,0
KH09699,17484918,,,,,,,,,Vietnam,VN,,no,,,female,,0,0
KH09700,17484919,,,,,,,,,Vietnam,VN,,no,,,male,,0,0
KH09701,17484920,,,,,,,,,,,,no,,,other,,0,0
KH09702,17484921,,,,,,,,,,,,no,,,female,,0,0
KH09703,17484922,,,,,,,,,Vietnam,VN,,no,,,male,,0,0
KH09704,17484923,,,,,,,,,,,,no,,,other,,0,0
KH09705,17484924,,,,,,,,,,,,no,,,other,,0,0
KH09706,17484925,,,,,,,,,Vietnam,VN,,no,,,female,,0,0
KH09707,17484926,,,,,,,,,Vietnam,VN,,no,,,female,,0,0
KH09708,17484927,,,,,,,,,Vietnam,VN,,no,,,male,,0,0
KH09709,17484928,,,,,,,,,Vietnam,VN,,no,,,male,,0,0
KH09710,17484929,,TP Hồ Chí Minh,TP Hồ Chí Minh,2.0,Quận 5,34.0,Phường 3,9413.0,Vietnam,VN,,no,,,male,,1800000,1
KH09711,17484930,,,,,,,,,Vietnam,VN,,no,,,male,,0,0
KH09712,17484931,,,,,,,,,,,,no,,,other,,0,0
KH09713,17484932,,,,,,,,,Vietnam,VN,,no,,,male,,0,0
KH09714,17484933,,,,,,,,,,,,no,,,other,,0,0
KH09715,17484934,,,,,,,,,,,,no,,,other,,0,0
KH09716,17484935,,,,,,,,,,,,no,,,other,,0,0
KH09717,17484936,,,,,,,,,,,,no,,,other,,0,0
KH09718,17484937,,,,,,,,,,,,no,,,female,,0,0
KH09719,17484938,,,,,,,,,,,,no,,,male,,0,0
KH09720,17484939,,,,,,,,,,,,no,,,male,,0,0
KH09721,17484940,,,,,,,,,,,,no,,,other,,0,0
KH09722,17484941,,,,,,,,,,,,no,,,other,,0,0
KH09723,17484942,,,,,,,,,,,,no,,,other,,0,0
KH09724,17484943,,,,,,,,,,,,no,,,other,,0,0
KH09725,17484944,,,,,,,,,Vietnam,VN,,no,,,male,,0,0
KH09726,17484945,,,,,,,,,,,,no,,,male,,0,0
KH09727,17484946,,,,,,,,,,,,no,,,other,,0,0
KH09728,17484947,,,,,,,,,Vietnam,VN,,no,,,male,,0,0
KH09729,17484948,,,,,,,,,Vietnam,VN,,no,,,male,,0,0
KH09730,17484949,,,,,,,,,,,,no,,,male,,0,0
KH09731,17484950,,,,,,,,,Vietnam,VN,,no,,,male,,0,0
KH09732,17484951,,,,,,,,,Vietnam,VN,,no,,,male,,0,0
KH09733,17484952,,,,,,,,,Vietnam,VN,,no,,,male,,0,0
KH09734,17484953,,,,,,,,,Vietnam,VN,,no,,,male,,0,0
KH09735,17484954,,,,,,,,,Vietnam,VN,,no,,,male,,0,0
KH09736,17484955,,,,,,,,,Vietnam,VN,,no,,,male,,0,0
KH09737,17484956,,,,,,,,,Vietnam,VN,,no,,,female,,0,0
KH09738,17484957,,,,,,,,,Vietnam,VN,,no,,,female,,0,0
KH09739,17484958,,,,,,,,,Vietnam,VN,,no,,,male,,0,0
KH09740,17484959,,,,,,,,,Vietnam,VN,,no,,,male,,0,0
KH09741,17484960,,,,,,,,,Vietnam,VN,,no,,,male,,0,0
KH09742,17484961,,,,,,,,,Vietnam,VN,,no,,,male,,0,0
KH09743,17484962,,,,,,,,,Vietnam,VN,,no,,,female,,0,0
KH09744,17484963,,,,,,,,,Vietnam,VN,,no,,,male,,0,0
KH09745,17484964,,,,,,,,,Vietnam,VN,,no,,,female,,0,0
KH09746,17484965,,,,,,,,,Vietnam,VN,,no,,,male,,0,0
KH09747,17484966,,,,,,,,,Vietnam,VN,,no,,,male,,0,0
KH09748,17484967,,,,,,,,,Vietnam,VN,,no,,,male,,0,0
KH09749,17484968,,,,,,,,,Vietnam,VN,,no,,,male,,0,0
KH09750,17484969,,,,,,,,,Vietnam,VN,,no,,,male,,0,0
KH09751,17484970,,,,,,,,,Vietnam,VN,,no,,,male,,0,0
KH09752,17484971,,,,,,,,,Vietnam,VN,,no,,,male,,0,0
KH09753,17484972,,,,,,,,,Vietnam,VN,,no,,,male,,0,0
KH09754,17484973,,,,,,,,,Vietnam,VN,,no,,,male,,0,0
KH09755,17484974,,,,,,,,,Vietnam,VN,,no,,,female,,0,0
KH09756,17484975,,,,,,,,,Vietnam,VN,,no,,,male,,0,0
KH09757,17484976,,,,,,,,,Vietnam,VN,,no,,,male,,0,0
KH09758,17484977,,,,,,,,,Vietnam,VN,,no,,,female,,0,0
KH09759,17484978,,,,,,,,,Vietnam,VN,,no,,,male,,0,0
KH09760,17484979,,,,,,,,,Vietnam,VN,,no,,,male,,0,0
KH09761,17484980,,,,,,,,,Vietnam,VN,,no,,,male,,0,0
KH09762,17484981,,,,,,,,,,,,no,,,male,,0,0
KH09763,17484982,,,,,,,,,Vietnam,VN,,no,,,male,,0,0
KH09764,17484983,,,,,,,,,Vietnam,VN,,no,,,male,,0,0
KH09765,17484984,,,,,,,,,Vietnam,VN,,no,,,male,,0,0
KH09766,17484985,,,,,,,,,Vietnam,VN,,no,,,male,,0,0
KH09767,17484986,,,,,,,,,Vietnam,VN,,no,,,male,,0,0
KH09768,17484987,,,,,,,,,Vietnam,VN,,no,,,male,,0,0
KH09769,17484988,,,,,,,,,Vietnam,VN,,no,,,female,,1655000,1
KH09770,17484989,,,,,,,,,,,,no,,,male,,0,0
KH09771,17484990,,,,,,,,,,,,no,,,male,,0,0
KH09772,17484991,,,,,,,,,,,,no,,,female,,0,0
KH09773,17484992,,,,,,,,,Vietnam,VN,,no,,,male,,0,0
KH09774,17484993,,,,,,,,,,,,no,,,female,,0,0
KH09775,17484994,,,,,,,,,,,,no,,,male,,0,0
KH09776,17484995,,,,,,,,,Vietnam,VN,,no,,,male,,0,0
KH09777,17484996,,,,,,,,,Vietnam,VN,,no,,,male,,0,0
KH09778,17484997,,,,,,,,,,,,no,,,male,,0,0
KH09779,17484998,,,,,,,,,Vietnam,VN,,no,,,male,,0,0
KH09780,17484999,,,,,,,,,Vietnam,VN,,no,,,male,,0,0
KH09781,17485000,,,,,,,,,Vietnam,VN,,no,,,male,,0,0
KH09782,17485001,,,,,,,,,,,,no,,,male,,0,0
KH09783,17485002,,,,,,,,,Vietnam,VN,,no,,,male,,0,0
KH09784,17485003,,,,,,,,,Vietnam,VN,,no,,,male,,0,0
KH09785,17485004,,,,,,,,,Vietnam,VN,,no,,,male,,0,0
KH09786,17485005,,,,,,,,,Vietnam,VN,,no,,,male,,0,0
KH09787,17485006,,,,,,,,,Vietnam,VN,,no,,,male,,0,0
KH09788,17485007,,,,,,,,,Vietnam,VN,,no,,,female,,0,0
KH09789,17485008,,,,,,,,,Vietnam,VN,,no,,,female,,0,0
KH09790,17485009,,,,,,,,,Vietnam,VN,,no,,,female,,0,0
KH09791,17485010,,,,,,,,,Vietnam,VN,,no,,,female,,0,0
KH09792,17485011,,,,,,,,,Vietnam,VN,,no,,,male,,0,0
KH09793,17485012,,,,,,,,,Vietnam,VN,,no,,,male,,0,0
KH09794,17485013,,,,,,,,,Vietnam,VN,,no,,,female,,0,0
KH09795,17485014,,,,,,,,,Vietnam,VN,,no,,,female,,0,0
KH09796,17485015,,,,,,,,,,,,no,,,male,,0,0
KH09797,17485016,,,,,,,,,Vietnam,VN,,no,,,female,,0,0
KH09798,17485017,,,,,,,,,Vietnam,VN,,no,,,male,,0,0
KH09799,17485018,,,,,,,,,Vietnam,VN,,no,,,male,,1155000,1
KH09800,17485019,,,,,,,,,,,,no,,,female,,0,0
KH09801,17485020,,,,,,,,,,,,no,,,male,,0,0
KH09802,17485021,,,,,,,,,Vietnam,VN,,no,,,male,,0,0
KH09803,17485022,,,,,,,,,Vietnam,VN,,no,,,male,,0,0
KH09804,17485023,,,,,,,,,Vietnam,VN,,no,,,male,,0,0
KH09805,17485024,,,,,,,,,Vietnam,VN,,no,,,female,,0,0
KH09806,17485025,,,,,,,,,,,,no,,,other,,0,0
KH09807,17485026,,,,,,,,,Vietnam,VN,,no,,,male,,0,0
KH09808,17485027,,,,,,,,,Vietnam,VN,,no,,,female,,0,0
KH09809,17485028,,,,,,,,,,,,no,,,male,,1470000,1
KH09810,17485029,,,,,,,,,Vietnam,VN,,no,,,male,,0,0
KH09811,17485030,,,,,,,,,,,,no,,,male,,0,0
KH09812,17485031,,,,,,,,,,,,no,,,other,,0,0
KH09813,17485032,,,,,,,,,,,,no,,,female,,0,0
KH09814,17485033,,,,,,,,,Vietnam,VN,,no,,,male,,0,0
KH09815,17485034,,,,,,,,,Vietnam,VN,,no,,,male,,0,0
KH09816,17485035,,,,,,,,,Vietnam,VN,,no,,,female,,0,0
KH09817,17485036,,,,,,,,,Vietnam,VN,,no,,,male,,1900000,1
KH09818,17485037,,,,,,,,,Vietnam,VN,,no,,,male,,0,0
KH09819,17485038,,,,,,,,,,,,no,,,male,,0,0
KH09820,17485039,,,,,,,,,Vietnam,VN,,no,,,male,,0,0
KH09821,17485040,,,,,,,,,,,,no,,,female,,0,0
KH09822,17485041,,,,,,,,,,,,no,,,male,,0,0
KH09823,17485042,,,,,,,,,,,,no,,,other,,0,0
KH09824,17485043,,,,,,,,,Vietnam,VN,,no,,,male,,0,0
KH09825,17485044,,,,,,,,,Vietnam,VN,,no,,,male,,0,0
KH09826,17485045,,,,,,,,,Vietnam,VN,,no,,,male,,0,0
KH09827,17485046,,,,,,,,,,,,no,,,other,,0,0
KH09828,17485047,,,,,,,,,Vietnam,VN,,no,,,male,,0,0
KH09829,17485048,,,,,,,,,,,,no,,,female,,0,0
KH09830,17485049,,TP Hồ Chí Minh,TP Hồ Chí Minh,2.0,Quận Gò Vấp,42.0,Phường 5,9271.0,Vietnam,VN,,no,sapo_social,,other,,2560000,2
KH09831,17485050,,,,,,,,,,,,no,,,male,,0,0
KH09832,17485051,,,,,,,,,Vietnam,VN,,no,,,female,,0,0
KH09833,17485052,,,,,,,,,,,,no,,,male,,1882000,2
KH09834,17485053,,,,,,,,,Vietnam,VN,,no,,,female,,0,0
KH09835,17485054,,,,,,,,,Vietnam,VN,,no,,,male,,0,0
KH09836,17485055,,,,,,,,,,,,no,,,female,,0,0
KH09837,17485056,,,,,,,,,,,,no,,,male,,425000,1
KH09838,17485057,,,,,,,,,,,,no,,,male,,0,0
KH09839,17485058,,,,,,,,,,,,no,,,male,,0,0
KH09840,17485059,,,,,,,,,Vietnam,VN,,no,,,male,,0,0
KH09841,17485060,,,,,,,,,,,,no,,,female,,0,0
KH09842,17485061,,,,,,,,,Vietnam,VN,,no,,,male,,0,0
KH09843,17485062,,,,,,,,,,,,no,,,male,,0,0
KH09844,17485063,,,,,,,,,,,,no,,,male,,0,0
KH09845,17485064,,,,,,,,,,,,no,,,female,,0,0
KH09846,17485065,,,,,,,,,,,,no,,,female,,0,0
KH09847,17485066,,,,,,,,,Vietnam,VN,,no,,,male,,0,0
KH09848,17485067,,,,,,,,,,,,no,,,male,,0,0
KH09849,17485068,,,,,,,,,,,,no,,,male,,0,0
KH09850,17485069,,,,,,,,,,,,no,,,female,,0,0
KH09851,17485070,,,,,,,,,,,,no,,,male,,0,0
KH09852,17485071,,,,,,,,,,,,no,,,female,,0,0
KH09853,17485072,,,,,,,,,Vietnam,VN,,no,,,male,,0,0
KH09854,17485073,,,,,,,,,Vietnam,VN,,no,,,female,,0,0
KH09855,17485074,,,,,,,,,,,,no,,,female,,0,0
KH09856,17485075,,,,,,,,,,,,no,,,male,,0,0
KH09857,17485076,,,,,,,,,Vietnam,VN,,no,,,male,,0,0
KH09858,17485077,,,,,,,,,Vietnam,VN,,no,,,male,,0,0
KH09859,17485078,,,,,,,,,Vietnam,VN,,no,,,male,,0,0
KH09860,17485079,,,,,,,,,Vietnam,VN,,no,,,male,,0,0
KH09861,17485080,,,,,,,,,,,,no,,,male,,0,0
KH09862,17485081,,,,,,,,,,,,no,,,male,,0,0
KH09863,17485082,,,,,,,,,,,,no,,,female,,0,0
KH09864,17485083,,,,,,,,,Vietnam,VN,,no,,,male,,0,0
KH09865,17485084,,,,,,,,,Vietnam,VN,,no,,,male,,0,0
KH09866,17485085,,,,,,,,,Vietnam,VN,,no,,,male,,0,0
KH09867,17485086,,,,,,,,,Vietnam,VN,,no,,,female,,0,0
KH09868,17485087,,,,,,,,,,,,no,,,male,,0,0
KH09869,17485088,,,,,,,,,,,,no,,,male,,0,0
KH09870,17485089,,,,,,,,,,,,no,,,female,,0,0
KH09871,17485090,,,,,,,,,,,,no,,,male,,0,0
KH09872,17485091,,,,,,,,,Vietnam,VN,,no,,,female,,0,0
KH09873,17485092,,,,,,,,,,,,no,,,female,,0,0
KH09874,17485093,,,,,,,,,,,,no,,,male,,0,0
KH09875,17485094,,,,,,,,,Vietnam,VN,,no,,,male,,0,0
KH09876,17485095,,,,,,,,,,,,no,,,male,,0,0
KH09877,17485096,,,,,,,,,,,,no,,,male,,0,0
KH09878,17485097,,,,,,,,,,,,no,,,male,,0,0
KH09879,17485098,,,,,,,,,,,,no,,,male,,0,0
KH09880,17485099,,,,,,,,,,,,no,,,male,,0,0
KH09881,17485100,,,,,,,,,,,,no,,,male,,0,0
KH09882,17485101,,,,,,,,,Vietnam,VN,,no,,,other,,0,0
KH09883,17485102,,TP Hồ Chí Minh,TP Hồ Chí Minh,2.0,Quận Phú Nhuận,46.0,Phường 3,9329.0,Vietnam,VN,,no,sapo_social,,female,,1229000,1
KH09884,17485103,,,,,,,,,Vietnam,VN,,no,,,other,,0,0
KH09885,17485104,,,,,,,,,,,,no,,,other,,0,0
KH09886,17485105,,,,,,,,,,,,no,,,male,,0,0
KH09887,17485106,,,,,,,,,Vietnam,VN,,no,,,male,,0,0
KH09888,17485107,,,,,,,,,,,,no,,,male,,0,0
KH09889,17485108,,,,,,,,,Vietnam,VN,,no,,,male,,0,0
KH09890,17485109,,,,,,,,,Vietnam,VN,,no,,,male,,0,0
KH09891,17485110,,,,,,,,,Vietnam,VN,,no,,,female,,0,1
KH09892,17485111,,,,,,,,,,,,no,,,male,,0,0
KH09893,17485112,,,,,,,,,,,,no,,,female,,0,0
KH09894,17485113,,,,,,,,,,,,no,,,female,,0,0
KH09895,17485114,,,,,,,,,,,,no,,,male,,0,0
KH09896,17485115,,,,,,,,,Vietnam,VN,,no,,,male,,0,0
KH09897,17485116,,,,,,,,,Vietnam,VN,,no,,,male,,0,0
KH09898,17485117,,,,,,,,,,,,no,,,male,,0,0
KH09899,17485118,,,,,,,,,Vietnam,VN,,no,,,other,,0,0
KH09900,17485119,,,,,,,,,Vietnam,VN,,no,,,male,,0,0
KH09901,17485120,,,,,,,,,Vietnam,VN,,no,,,male,,0,0
KH09902,17485121,,,,,,,,,Vietnam,VN,,no,,,female,,0,0
KH09903,17485122,,,,,,,,,,,,no,,,male,,0,0
KH09904,17485123,,,,,,,,,Vietnam,VN,,no,,,male,,0,0
KH09905,17485124,,,,,,,,,,,,no,,,male,,0,0
KH09906,17485125,,,,,,,,,,,,no,,,male,,0,0
KH09907,17485126,,,,,,,,,Vietnam,VN,,no,,,male,,790000,1
KH09908,17485127,,,,,,,,,,,,no,,,male,,0,0
KH09909,17485128,,,,,,,,,Vietnam,VN,,no,,,male,,0,0
KH09910,17485129,,,,,,,,,Vietnam,VN,,no,,,male,,0,0
KH09911,17485130,,,,,,,,,,,,no,,,male,,0,0
KH09912,17485131,,,,,,,,,Vietnam,VN,,no,,,female,,0,0
KH09913,17485132,,,,,,,,,Vietnam,VN,,no,,,male,,0,0
KH09914,17485133,,,,,,,,,,,,no,,,female,,0,0
KH09915,17485134,,,,,,,,,Vietnam,VN,,no,sapo_social,,male,,1558000,4
KH09916,17485135,,,,,,,,,Vietnam,VN,,no,,,female,,0,0
KH09917,17485136,,,,,,,,,Vietnam,VN,,no,,,male,,0,0
KH09918,17485137,,,,,,,,,,,,no,,,male,,0,0
KH09919,17485138,,,,,,,,,,,,no,,,female,,0,0
KH09920,17485139,,,,,,,,,Vietnam,VN,,no,,,male,,0,0
KH09921,17485140,,,,,,,,,,,,no,,,female,,0,0
KH09922,17485141,,,,,,,,,Vietnam,VN,,no,,,male,,2850000,1
KH09923,17485142,,,,,,,,,,,,no,,,male,,0,0
KH09924,17485143,,,,,,,,,,,,no,,,female,,0,0
KH09925,17485144,,,,,,,,,,,,no,,,male,,0,0
KH09926,17485145,,,,,,,,,Vietnam,VN,,no,,,male,,0,0
KH09927,17485146,,,,,,,,,Vietnam,VN,,no,,,male,,0,0
KH09928,17485147,,,,,,,,,,,,no,,,female,,0,0
KH09929,17485148,,,,,,,,,Vietnam,VN,,no,,,male,,0,0
KH09930,17485149,,,,,,,,,Vietnam,VN,,no,,,male,,0,0
KH09931,17485150,,,,,,,,,Vietnam,VN,,no,,,male,,0,0
KH09932,17485151,,,,,,,,,Vietnam,VN,,no,,,female,,0,0
KH09933,17485152,,,,,,,,,,,,no,,,female,,0,0
KH09934,17485153,,,,,,,,,,,,no,,,male,,0,0
KH09935,17485154,,,,,,,,,Vietnam,VN,,no,,,male,,0,0
KH09936,17485155,,,,,,,,,Vietnam,VN,,no,,,male,,0,0
KH09937,17485156,,,,,,,,,Vietnam,VN,,no,,,female,,0,0
KH09938,17485157,,,,,,,,,,,,no,,,male,,0,0
KH09939,17485158,,,,,,,,,,,,no,,,male,,0,0
KH09940,17485159,,,,,,,,,Vietnam,VN,,no,,,female,,0,0
KH09941,17485160,,,,,,,,,Vietnam,VN,,no,,,female,,0,0
KH09942,17485161,,,,,,,,,Vietnam,VN,,no,,,male,,0,0
KH09943,17485162,,,,,,,,,,,,no,,,male,,0,0
KH09944,17485163,,,,,,,,,Vietnam,VN,,no,,,male,,0,0
KH09945,17485164,,,,,,,,,Vietnam,VN,,no,,,male,,0,0
KH09946,17485165,,,,,,,,,Vietnam,VN,,no,,,female,,0,0
KH09947,17485166,,,,,,,,,,,,no,,,other,,0,0
KH09948,17485167,,,,,,,,,,,,no,,,male,,0,0
KH09949,17485168,,,,,,,,,,,,no,,,male,,0,0
KH09950,17485169,,,,,,,,,,,,no,,,other,,0,0
KH09951,17485170,,,,,,,,,Vietnam,VN,,no,,,male,,0,0
KH09952,17485171,,,,,,,,,Vietnam,VN,,no,,,male,,2350000,1
KH09953,17485172,,,,,,,,,Vietnam,VN,,no,,,male,,0,0
KH09954,17485173,,,,,,,,,,,,no,,,female,,0,0
KH09955,17485174,,,,,,,,,,,,no,,,male,,0,0
KH09956,17485175,,,,,,,,,,,,no,,,male,,0,0
KH09957,17485176,,,,,,,,,,,,no,,,male,,0,0
KH09958,17485177,,,,,,,,,Vietnam,VN,,no,,,female,,0,0
KH09959,17485178,,,,,,,,,Vietnam,VN,,no,,,female,,0,0
KH09960,17485179,,,,,,,,,,,,no,,,other,,0,0
KH09961,17485180,,,,,,,,,,,,no,,,male,,0,0
KH09962,17485181,,,,,,,,,,,,no,,,male,,0,0
KH09963,17485182,,,,,,,,,,,,no,,,male,,0,0
KH09964,17485183,,,,,,,,,Vietnam,VN,,no,,,male,,0,0
KH09965,17485184,,,,,,,,,Vietnam,VN,,no,,,male,,0,0
KH09966,17485185,,,,,,,,,,,,no,,,male,,0,0
KH09967,17485186,,,,,,,,,,,,no,,,male,,0,0
KH09968,17485187,,,,,,,,,,,,no,,,female,,0,0
KH09969,17485188,,,,,,,,,,,,no,,,female,,0,0
KH09970,17485189,,,,,,,,,,,,no,,,female,,0,0
KH09971,17485190,,,,,,,,,Vietnam,VN,,no,,,male,,0,0
KH09972,17485191,,,,,,,,,Vietnam,VN,,no,,,female,,0,0
KH09973,17485192,,,,,,,,,Vietnam,VN,,no,,,male,,0,0
KH09974,17485193,,,,,,,,,Vietnam,VN,,no,,,female,,0,0
KH09975,17485194,,,,,,,,,Vietnam,VN,,no,,,female,,0,0
KH09976,17485195,,,,,,,,,Vietnam,VN,,no,,,male,,0,0
KH09977,17485196,,,,,,,,,Vietnam,VN,,no,,,male,1989-09-10,360000,1
KH09978,17485197,,,,,,,,,,,,no,,,male,,0,0
KH09979,17485198,,,,,,,,,Vietnam,VN,,no,,,male,,0,0
KH09980,17485199,,,,,,,,,Vietnam,VN,,no,,,male,,0,0
KH09981,17485200,,,,,,,,,,,,no,,,male,,0,0
KH09982,17485201,,,,,,,,,Vietnam,VN,,no,,,female,,0,0
KH09983,17485202,,,,,,,,,Vietnam,VN,,no,,,female,,0,0
KH09984,17485203,,,,,,,,,Vietnam,VN,,no,,,female,,0,0
KH09985,17485204,,,,,,,,,Vietnam,VN,,no,,,male,,0,0
KH09986,17485205,,,,,,,,,,,,no,,,female,,0,0
KH09987,17485206,,,,,,,,,,,,no,,,female,,0,0
KH09988,17485207,,,,,,,,,,,,no,,,male,,0,0
KH09989,17485208,,,,,,,,,Vietnam,VN,,no,,,female,,0,0
KH09990,17485209,,,,,,,,,Vietnam,VN,,no,,,female,,0,0
KH09991,17485210,,,,,,,,,Vietnam,VN,,no,,,male,,0,0
KH09992,17485211,,,,,,,,,Vietnam,VN,,no,,,male,,0,0
KH09993,17485212,,,,,,,,,Vietnam,VN,,no,,,male,,0,0
KH09994,17485213,,,,,,,,,Vietnam,VN,,no,,,male,,0,0
KH09995,17485214,,,,,,,,,,,,no,,,male,,0,0
KH09996,17485215,,,,,,,,,Vietnam,VN,,no,,,male,,0,0
KH09997,17485216,,,,,,,,,,,,no,,,male,,0,0
KH09998,17485217,,,,,,,,,,,,no,,,male,,0,0
KH09999,17485218,,,,,,,,,,,,no,,,female,,0,0
KH10000,17485219,,,,,,,,,Vietnam,VN,,no,,,male,,42876150,7
KH10001,17485220,,,,,,,,,Vietnam,VN,,no,,,male,,0,0
KH10002,17485221,,,,,,,,,Vietnam,VN,,no,,,male,,0,0
KH10003,17485222,,,,,,,,,Vietnam,VN,,no,,,male,,0,0
KH10004,17485223,,,,,,,,,,,,no,,,male,,0,0
KH10005,17485224,,Sóc Trăng,Sóc Trăng,51.0,,,,,Vietnam,VN,,no,,,male,,0,0
KH10006,17485225,,,,,,,,,,,,no,,,male,,0,0
KH10007,17485226,,,,,,,,,Vietnam,VN,,no,,,male,,3429750,5
KH10008,17485227,,,,,,,,,,,,no,,,male,,0,0
KH10009,17485228,,TP Hồ Chí Minh,TP Hồ Chí Minh,2.0,Quận 1,30.0,Phường Cầu Ông Lãnh,9223.0,Vietnam,VN,,no,,,female,,7194000,1
KH10010,17485229,,,,,,,,,Vietnam,VN,,no,,,female,,0,0
KH10011,17485230,,,,,,,,,,,,no,,,female,,0,0
KH10012,17485231,,,,,,,,,Vietnam,VN,,no,,,female,,0,0
KH10013,17485232,,,,,,,,,Vietnam,VN,,no,,,male,,0,0
KH10014,17485233,,,,,,,,,,,,no,,,male,,0,0
KH10015,17485234,,,,,,,,,Vietnam,VN,,no,,,male,,0,0
KH10016,17485235,,,,,,,,,,,,no,,,male,,0,0
KH10017,17485236,,,,,,,,,,,,no,,,male,,1705000,1
KH10018,17485237,,,,,,,,,,,,no,,,male,,0,0
KH10019,17485238,,,,,,,,,Vietnam,VN,,no,,,male,,0,0
KH10020,17485239,,,,,,,,,Vietnam,VN,,no,,,male,,0,0
KH10021,17485240,,,,,,,,,,,,no,,,female,,0,0
KH10022,17485241,,,,,,,,,,,,no,,,male,,0,0
KH10023,17485242,,,,,,,,,Vietnam,VN,,no,,,male,,0,0
KH10024,17485243,,,,,,,,,,,,no,,,male,,0,0
KH10025,17485244,,,,,,,,,,,,no,,,male,,0,0
KH10026,17485245,,,,,,,,,Vietnam,VN,,no,,,female,,0,0
KH10027,17485246,,,,,,,,,,,,no,,,male,,0,0
KH10028,17485247,,,,,,,,,Vietnam,VN,,no,,,female,,0,0
KH10029,17485248,,,,,,,,,Vietnam,VN,,no,,,other,,0,0
KH10030,17485249,,,,,,,,,,,,no,,,male,,0,0
KH10031,17485250,,,,,,,,,,,,no,,,male,,0,0
KH10032,17485251,,,,,,,,,,,,no,,,male,,850000,1
KH10033,17485252,,,,,,,,,Vietnam,VN,,no,,,female,,0,0
KH10034,17485253,,,,,,,,,Vietnam,VN,,no,,,other,,0,0
KH10035,17485254,,,,,,,,,,,,no,,,male,,0,0
KH10036,17485255,,,,,,,,,Vietnam,VN,,no,,,male,,0,0
KH10037,17485256,,,,,,,,,,,,no,,,male,,0,0
KH10038,17485257,,,,,,,,,Vietnam,VN,,no,,,female,,0,0
KH10039,17485258,,,,,,,,,Vietnam,VN,,no,,,male,,0,0
KH10040,17485259,,,,,,,,,Vietnam,VN,,no,,,male,,0,0
KH10041,17485260,,,,,,,,,Vietnam,VN,,no,,,female,,0,0
KH10042,17485261,,,,,,,,,Vietnam,VN,,no,,,male,,0,0
KH10043,17485262,,,,,,,,,,,,no,,,male,,0,0
KH10044,17485263,,,,,,,,,,,,no,,,other,,0,0
KH10045,17485264,,,,,,,,,Vietnam,VN,,no,,,male,,0,0
KH10046,17485265,,,,,,,,,Vietnam,VN,,no,,,female,,0,0
KH10047,17485266,,,,,,,,,,,,no,,,male,,0,0
KH10048,17485267,,,,,,,,,,,,no,,,female,,0,0
KH10049,17485268,,,,,,,,,Vietnam,VN,,no,,,male,,0,0
KH10050,17485269,,,,,,,,,,,,no,,,female,,0,0
KH10051,17485270,,,,,,,,,Vietnam,VN,,no,,,female,,0,0
KH10052,17485271,,,,,,,,,,,,no,,,male,,0,0
KH10053,17485272,,,,,,,,,Vietnam,VN,,no,,,male,,0,0
KH10054,17485273,,,,,,,,,,,,no,,,male,,0,0
KH10055,17485274,,,,,,,,,,,,no,,,male,,0,0
KH10056,17485275,,,,,,,,,Vietnam,VN,,no,,,other,,0,0
KH10057,17485276,,,,,,,,,Vietnam,VN,,no,,,male,,0,0
KH10058,17485277,,,,,,,,,,,,no,,,female,,0,0
KH10059,17485278,,,,,,,,,Vietnam,VN,,no,,,female,,0,0
KH10060,17485279,,,,,,,,,Vietnam,VN,,no,,,female,,0,0
KH10061,17485280,,,,,,,,,Vietnam,VN,,no,,,female,,0,0
KH10062,17485281,,,,,,,,,Vietnam,VN,,no,,,male,,0,0
KH10063,17485282,,,,,,,,,,,,no,,,male,,0,0
KH10064,17485283,,,,,,,,,,,,no,,,male,,0,0
KH10065,17485284,,,,,,,,,Vietnam,VN,,no,,,male,,0,0
KH10066,17485285,,,,,,,,,,,,no,,,male,,0,0
KH10067,17485286,,,,,,,,,Vietnam,VN,,no,,,male,,0,0
KH10068,17485287,,,,,,,,,,,,no,,,female,,0,0
KH10069,17485288,,,,,,,,,,,,no,,,female,,0,0
KH10070,17485289,,,,,,,,,Vietnam,VN,,no,,,female,,0,0
KH10071,17485290,,,,,,,,,Vietnam,VN,,no,,,female,,0,0
KH10072,17485291,,,,,,,,,Vietnam,VN,,no,,,female,,0,0
KH10073,17485292,,,,,,,,,,,,no,,,other,,0,0
KH10074,17485293,,,,,,,,,Vietnam,VN,,no,,,female,,0,0
KH10075,17485294,,,,,,,,,,,,no,,,female,,0,0
KH10076,17485295,,,,,,,,,,,,no,,,female,,0,0
KH10077,17485296,,,,,,,,,,,,no,,,male,,0,0
KH10078,17485297,,,,,,,,,,,,no,,,male,,370000,1
KH10079,17485298,,,,,,,,,Vietnam,VN,,no,,,male,,0,0
KH10080,17485299,,,,,,,,,Vietnam,VN,,no,,,female,,0,0
KH10081,17485300,,,,,,,,,Vietnam,VN,,no,,,female,,0,0
KH10082,17485301,,,,,,,,,Vietnam,VN,,no,,,male,,0,0
KH10083,17485302,,,,,,,,,Vietnam,VN,,no,,,female,,0,0
KH10084,17485303,,,,,,,,,,,,no,,,male,,0,0
KH10085,17485304,,,,,,,,,,,,no,,,male,,0,0
KH10086,17485305,,,,,,,,,,,,no,,,male,,0,0
KH10087,17485306,,,,,,,,,,,,no,,,female,,0,0
KH10088,17485307,,,,,,,,,,,,no,,,female,,0,0
KH10089,17485308,,,,,,,,,,,,no,,,male,,0,0
KH10090,17485309,,,,,,,,,,,,no,,,other,,2250000,6
KH10091,17485310,,,,,,,,,Vietnam,VN,,no,,,male,,0,0
KH10092,17485311,,,,,,,,,Vietnam,VN,,no,,,female,,0,0
KH10093,17485312,,,,,,,,,Vietnam,VN,,no,,,female,,0,0
KH10094,17485313,,,,,,,,,Vietnam,VN,,no,,,male,,0,0
KH10095,17485314,,,,,,,,,Vietnam,VN,,no,,,male,,0,0
KH10096,17485315,,,,,,,,,,,,no,,,male,,0,0
KH10097,17485316,,,,,,,,,,,,no,,,male,,0,0
KH10098,17485317,,,,,,,,,,,,no,,,female,,0,0
KH10099,17485318,,,,,,,,,,,,no,,,male,,0,0
KH10100,17485319,,,,,,,,,Vietnam,VN,,no,,,male,,0,0
KH10101,17485320,,,,,,,,,Vietnam,VN,,no,,,female,,0,0
KH10102,17485321,,,,,,,,,Vietnam,VN,,no,,,male,,5930000,3
KH10103,17485322,,,,,,,,,Vietnam,VN,,no,,,male,,380000,1
KH10104,17485323,,,,,,,,,Vietnam,VN,,no,,,female,,0,0
KH10105,17485324,,,,,,,,,,,,no,,,female,,0,0
KH10106,17485325,,,,,,,,,Vietnam,VN,,no,,,female,,0,0
KH10107,17485326,,,,,,,,,Vietnam,VN,,no,,,male,,0,0
KH10108,17485327,,,,,,,,,Vietnam,VN,,no,,,male,,0,0
KH10109,17485328,,,,,,,,,Vietnam,VN,,no,,,female,,0,0
KH10110,17485329,,,,,,,,,Vietnam,VN,,no,,,male,,0,0
KH10111,17485330,,,,,,,,,,,,no,,,male,,0,0
KH10112,17485331,,,,,,,,,Vietnam,VN,,no,,,male,,0,0
KH10113,17485332,,,,,,,,,Vietnam,VN,,no,,,male,,0,0
KH10114,17485333,,,,,,,,,Vietnam,VN,,no,,,female,,0,0
KH10115,17485334,,,,,,,,,Vietnam,VN,,no,,,male,,0,0
KH10116,17485335,,,,,,,,,Vietnam,VN,,no,,,male,,0,0
KH10117,17485336,,,,,,,,,Vietnam,VN,,no,,,male,,0,0
KH10118,17485337,,,,,,,,,,,,no,,,male,,0,0
KH10119,17485338,,,,,,,,,Vietnam,VN,,no,,,other,,0,0
KH10120,17485339,,,,,,,,,Vietnam,VN,,no,,,female,,0,0
KH10121,17485340,,,,,,,,,Vietnam,VN,,no,,,male,,0,0
KH10122,17485341,,,,,,,,,Vietnam,VN,,no,,,female,,0,0
KH10123,17485342,,,,,,,,,Vietnam,VN,,no,,,male,,0,0
KH10124,17485343,,,,,,,,,,,,no,,,female,,0,0
KH10125,17485344,,,,,,,,,,,,no,,,male,,0,0
KH10126,17485345,,,,,,,,,,,,no,,,other,,0,0
KH10127,17485346,,,,,,,,,,,,no,,,male,,0,0
KH10128,17485347,,,,,,,,,Vietnam,VN,,no,,,male,,0,0
KH10129,17485348,,,,,,,,,Vietnam,VN,,no,,,male,,0,0
KH10130,17485349,,,,,,,,,Vietnam,VN,,no,,,female,,0,0
KH10131,17485350,,,,,,,,,Vietnam,VN,,no,,,female,,0,0
KH10132,17485351,,,,,,,,,,,,no,,,male,,0,0
KH10133,17485352,,,,,,,,,,,,no,,,male,,0,0
KH10134,17485353,,,,,,,,,Vietnam,VN,,no,,,female,,0,0
KH10135,17485354,,,,,,,,,Vietnam,VN,,no,,,male,,0,0
KH10136,17485355,,,,,,,,,Vietnam,VN,,no,,,male,,0,0
KH10137,17485356,,,,,,,,,Vietnam,VN,,no,,,female,,0,0
KH10138,17485357,,,,,,,,,Vietnam,VN,,no,,,male,,0,0
KH10139,17485358,,,,,,,,,,,,no,,,other,,0,0
KH10140,17485359,,,,,,,,,,,,no,,,female,,0,0
KH10141,17485360,,,,,,,,,,,,no,,,male,,0,0
KH10142,17485361,,,,,,,,,Vietnam,VN,,no,,,male,,0,0
KH10143,17485362,,,,,,,,,Vietnam,VN,,no,,,male,,0,0
KH10144,17485363,,,,,,,,,,,,no,,,female,,0,0
KH10145,17485364,,,,,,,,,,,,no,,,male,,0,0
KH10146,17485365,,,,,,,,,Vietnam,VN,,no,,,male,,0,0
KH10147,17485366,,,,,,,,,Vietnam,VN,,no,,,male,,0,0
KH10148,17485367,,,,,,,,,Vietnam,VN,,no,,,female,,0,0
KH10149,17485368,,,,,,,,,Vietnam,VN,,no,,,female,,0,0
KH10150,17485369,,,,,,,,,Vietnam,VN,,no,,,male,,1480000,1
KH10151,17485370,,,,,,,,,Vietnam,VN,,no,,,male,,0,0
KH10152,17485371,,,,,,,,,Vietnam,VN,,no,,,male,,0,0
KH10153,17485372,,,,,,,,,,,,no,,,male,,0,0
KH10154,17485373,,,,,,,,,,,,no,,,male,,0,0
KH10155,17485374,,,,,,,,,Vietnam,VN,,no,,,male,,0,0
KH10156,17485375,,,,,,,,,Vietnam,VN,,no,,,female,,0,0
KH10157,17485376,,,,,,,,,,,,no,,,female,,0,0
KH10158,17485377,,,,,,,,,,,,no,,,male,,0,0
KH10159,17485378,,,,,,,,,,,,no,,,female,,0,0
KH10160,17485379,,,,,,,,,Vietnam,VN,,no,,,female,,0,0
KH10161,17485380,,,,,,,,,Vietnam,VN,,no,,,female,,0,0
KH10162,17485381,,,,,,,,,Vietnam,VN,,no,,,male,,0,0
KH10163,17485382,,,,,,,,,Vietnam,VN,,no,,,male,,0,0
KH10164,17485383,,,,,,,,,,,,no,,,male,,0,0
KH10165,17485384,,,,,,,,,Vietnam,VN,,no,,,female,,0,0
KH10166,17485385,,,,,,,,,,,,no,,,male,,0,0
KH10167,17485386,,,,,,,,,,,,no,,,male,,0,0
KH10168,17485387,,,,,,,,,,,,no,,,male,,0,0
KH10169,17485388,,,,,,,,,Vietnam,VN,,no,,,male,,0,0
KH10170,17485389,,,,,,,,,,,,no,,,male,,0,0
KH10171,17485390,,,,,,,,,,,,no,,,female,,0,0
KH10172,17485391,,,,,,,,,Vietnam,VN,,no,,,male,,0,0
KH10173,17485392,,,,,,,,,,,,no,,,male,,0,0
KH10174,17485393,,,,,,,,,,,,no,,,male,,0,0
KH10175,17485394,,,,,,,,,Vietnam,VN,,no,,,other,,0,0
KH10176,17485395,,,,,,,,,Vietnam,VN,,no,,,female,,0,0
KH10177,17485396,,,,,,,,,Vietnam,VN,,no,,,male,,0,0
KH10178,17485397,,,,,,,,,Vietnam,VN,,no,,,female,,0,0
KH10179,17485398,,,,,,,,,Vietnam,VN,,no,,,male,,0,0
KH10180,17485399,,TP Hồ Chí Minh,TP Hồ Chí Minh,2.0,Thành phố Thủ Đức,10924.0,Phường An Phú,107429.0,Vietnam,VN,,no,sapo_social,,female,,1090000,2
KH10181,17485400,,,,,,,,,Vietnam,VN,,no,,,female,,0,0
KH10182,17485401,,,,,,,,,Vietnam,VN,,no,,,female,,0,0
KH10183,17485402,,,,,,,,,Vietnam,VN,,no,,,male,,0,0
KH10184,17485403,,,,,,,,,,,,no,,,female,,0,0
KH10185,17485404,,,,,,,,,,,,no,,,other,,0,0
KH10186,17485405,,,,,,,,,Vietnam,VN,,no,,,male,,5709000,1
KH10187,17485406,,,,,,,,,,,,no,,,female,,0,0
KH10188,17485407,,,,,,,,,Vietnam,VN,,no,,,male,,0,0
KH10189,17485408,,,,,,,,,Vietnam,VN,,no,,,male,,0,0
KH10190,17485409,,,,,,,,,Vietnam,VN,,no,,,male,,0,0
KH10191,17485410,,,,,,,,,Vietnam,VN,,no,,,female,,0,0
KH10192,17485411,,,,,,,,,,,,no,,,male,,0,0
KH10193,17485412,,,,,,,,,Vietnam,VN,,no,,,female,,0,0
KH10194,17485413,,,,,,,,,Vietnam,VN,,no,,,male,,0,0
KH10195,17485414,,,,,,,,,Vietnam,VN,,no,,,male,,0,0
KH10196,17485415,,,,,,,,,Vietnam,VN,,no,,,male,,0,0
KH10197,17485416,,,,,,,,,,,,no,,,male,,0,0
KH10198,17485417,,,,,,,,,,,,no,,,male,,0,0
KH10199,17485418,,,,,,,,,,,,no,,,female,,0,0
KH10200,17485419,,,,,,,,,,,,no,,,male,,0,0
KH10201,17485420,,,,,,,,,,,,no,,,male,,0,0
KH10202,17485421,,,,,,,,,,,,no,,,female,,0,0
KH10203,17485422,,,,,,,,,Vietnam,VN,,no,,,male,,0,0
KH10204,17485423,,,,,,,,,Vietnam,VN,,no,,,male,,0,0
KH10205,17485424,,,,,,,,,Vietnam,VN,,no,,,male,,0,0
KH10206,17485425,,,,,,,,,Vietnam,VN,,no,,,male,,0,0
KH10207,17485426,,,,,,,,,Vietnam,VN,,no,,,male,,930000,1
KH10208,17485427,,,,,,,,,Vietnam,VN,,no,,,female,,0,0
KH10209,17485428,,,,,,,,,Vietnam,VN,,no,,,female,,0,0
KH10210,17485429,,,,,,,,,Vietnam,VN,,no,,,female,,0,0
KH10211,17485430,,,,,,,,,Vietnam,VN,,no,,,female,,0,0
KH10212,17485431,,,,,,,,,Vietnam,VN,,no,,,female,,0,0
KH10213,17485432,,,,,,,,,,,,no,,,female,,0,0
KH10214,17485433,,,,,,,,,Vietnam,VN,,no,,,male,,0,0
KH10215,17485434,,,,,,,,,Vietnam,VN,,no,,,female,,0,0
KH10216,17485435,,,,,,,,,,,,no,,,male,,0,0
KH10217,17485436,,Tây Ninh,Tây Ninh,53.0,,,,,Vietnam,VN,,no,,,other,,0,0
KH10218,17485437,,,,,,,,,Vietnam,VN,,no,,,female,,0,0
KH10219,17485438,,Kiên Giang,Kiên Giang,33.0,,,,,Vietnam,VN,,no,,,female,,0,0
KH10220,17485439,,,,,,,,,,,,no,,,male,,0,0
KH10221,17485440,,,,,,,,,Vietnam,VN,,no,,,male,,0,0
KH10222,17485441,,,,,,,,,Vietnam,VN,,no,,,other,,0,0
KH10223,17485442,,,,,,,,,Vietnam,VN,,no,,,male,,0,0
KH10224,17485443,,,,,,,,,Vietnam,VN,,no,,,male,,0,0
KH10225,17485444,,,,,,,,,Vietnam,VN,,yes,,,female,,1131500,1
KH10226,17485445,,,,,,,,,Vietnam,VN,,no,,,male,,0,0
KH10227,17485446,,,,,,,,,Vietnam,VN,,no,,,male,,0,0
KH10228,17485447,,,,,,,,,,,,no,,,female,,0,0
KH10229,17485448,,,,,,,,,,,,no,,,male,,0,0
KH10230,17485449,,,,,,,,,,,,no,,,male,,0,0
KH10231,17485450,,,,,,,,,,,,no,,,male,,0,0
KH10232,17485451,,,,,,,,,,,,no,,,male,,0,0
KH10233,17485452,,,,,,,,,,,,no,,,male,,0,0
KH10234,17485453,,,,,,,,,,,,no,,,female,,0,0
KH10235,17485454,,,,,,,,,Vietnam,VN,,no,,,male,,0,0
KH10236,17485455,,,,,,,,,Vietnam,VN,,no,,,male,,0,0
KH10237,17485456,,,,,,,,,Vietnam,VN,,no,,,female,,0,0
KH10238,17485457,,,,,,,,,Vietnam,VN,,no,,,male,,0,0
KH10239,17485458,,,,,,,,,Vietnam,VN,,no,,,male,,0,0
KH10240,17485459,,,,,,,,,Vietnam,VN,,no,,,female,,0,0
KH10241,17485460,,,,,,,,,Vietnam,VN,,no,,,male,,0,0
KH10242,17485461,,,,,,,,,Vietnam,VN,,no,,,male,,0,0
KH10243,17485462,,,,,,,,,Vietnam,VN,,no,,,male,,945000,3
KH10244,17485463,,,,,,,,,,,,no,,,other,,0,0
KH10245,17485464,,,,,,,,,Vietnam,VN,,no,,,female,,330000,1
KH10246,17485465,,,,,,,,,,,,no,,,female,,0,0
KH10247,17485466,,,,,,,,,,,,no,,,male,,0,0
KH10248,17485467,,,,,,,,,,,,no,,,female,,0,0
KH10249,17485468,,,,,,,,,,,,no,,,male,,0,0
KH10250,17485469,,,,,,,,,,,,no,,,female,,0,0
KH10251,17485470,,,,,,,,,,,,no,,,male,,0,0
KH10252,17485471,,,,,,,,,Vietnam,VN,,no,,,male,,0,0
KH10253,17485472,,,,,,,,,Vietnam,VN,,no,,,male,,0,0
KH10254,17485473,,,,,,,,,Vietnam,VN,,no,,,male,,0,0
KH10255,17485474,,,,,,,,,Vietnam,VN,,no,,,male,,0,0
KH10256,17485475,,,,,,,,,Vietnam,VN,,no,,,male,,0,0
KH10257,17485476,,,,,,,,,Vietnam,VN,,no,,,male,,0,0
KH10258,17485477,,,,,,,,,,,,no,,,male,,870000,1
KH10259,17485478,,,,,,,,,,,,no,,,other,,0,0
KH10260,17485479,,,,,,,,,,,,no,,,male,,0,0
KH10261,17485480,,,,,,,,,Vietnam,VN,,no,,,male,,0,0
KH10262,17485481,,,,,,,,,,,,no,,,female,,1700000,2
KH10263,17485482,,,,,,,,,Vietnam,VN,,no,,,male,,0,0
KH10264,17485483,,,,,,,,,Vietnam,VN,,no,,,female,,0,0
KH10265,17485484,,,,,,,,,Vietnam,VN,,no,,,male,,0,0
KH10266,17485485,,,,,,,,,,,,no,,,male,,0,0
KH10267,17485486,,,,,,,,,,,,no,,,female,,0,0
KH10268,17485487,,,,,,,,,Vietnam,VN,,no,,,male,,0,0
KH10269,17485488,,,,,,,,,,,,no,,,female,,1075000,1
KH10270,17485489,,,,,,,,,,,,no,,,female,,0,0
KH10271,17485490,,,,,,,,,,,,no,,,male,,0,0
KH10272,17485491,,,,,,,,,Vietnam,VN,,no,,,male,,0,0
KH10273,17485492,,,,,,,,,,,,no,,,female,,0,0
KH10274,17485493,,,,,,,,,Vietnam,VN,,no,,,female,,0,0
KH10275,17485494,,,,,,,,,Vietnam,VN,,no,,,female,,0,0
KH10276,17485495,,,,,,,,,Vietnam,VN,,no,,,female,,0,0
KH10277,17485496,,,,,,,,,Vietnam,VN,,no,,,male,,0,0
KH10278,17485497,,,,,,,,,,,,no,,,male,,0,0
KH10279,17485498,,,,,,,,,,,,no,,,female,,0,0
KH10280,17485499,,,,,,,,,Vietnam,VN,,no,,,male,,0,0
KH10281,17485500,,,,,,,,,,,,no,,,female,,0,0
KH10282,17485501,,,,,,,,,,,,no,,,male,,0,0
KH10283,17485502,,,,,,,,,Vietnam,VN,,no,,,female,,0,0
KH10284,17485503,,,,,,,,,,,,no,,,female,,0,0
KH10285,17485504,,,,,,,,,Vietnam,VN,,no,,,male,,0,0
KH10286,17485505,,,,,,,,,,,,no,,,female,,0,0
KH10287,17485506,,,,,,,,,Vietnam,VN,,no,,,male,,2200000,1
KH10288,17485507,,,,,,,,,Vietnam,VN,,no,,,female,,0,0
KH10289,17485508,,,,,,,,,,,,no,,,female,,0,0
KH10290,17485509,,,,,,,,,Vietnam,VN,,no,,,female,,0,0
KH10291,17485510,,,,,,,,,Vietnam,VN,,no,,,male,,0,0
KH10292,17485511,,,,,,,,,Vietnam,VN,,no,,,female,,0,0
KH10293,17485512,,,,,,,,,Vietnam,VN,,no,,,male,,0,0
KH10294,17485513,,,,,,,,,,,,no,,,male,,0,0
KH10295,17485514,,,,,,,,,Vietnam,VN,,no,,,male,,0,0
KH10296,17485515,,,,,,,,,,,,no,,,male,,0,0
KH10297,17485516,,,,,,,,,Vietnam,VN,,no,,,male,,0,0
KH10298,17485517,,,,,,,,,Vietnam,VN,,no,,,male,,0,0
KH10299,17485518,,,,,,,,,Vietnam,VN,,no,,,female,,0,0
KH10300,17485519,,,,,,,,,,,,no,,,female,,0,0
KH10301,17485520,,,,,,,,,Vietnam,VN,,yes,,,female,1968-01-07,570000,1
KH10302,17485521,NHÀ HÀNG ROBATA,Khánh Hòa,Khánh Hòa,32.0,,,,,Vietnam,VN,,no,,"Thảo - Nhà hàng Robata
Đc: 32-34 Trần Phú, phường Lộc Thọ, Tp Nha Trang, Khánh Hoà.
ĐT : 0917248486
CTG chịu phí ship
Xuất hóa đơn cho khách + 10% VAT",female,,0,0
KH10303,17485522,,,,,,,,,Vietnam,VN,,no,,,female,,0,0
KH10304,17485523,,,,,,,,,Vietnam,VN,,no,,,female,,0,0
KH10305,17485524,,,,,,,,,,,,no,,,male,,0,0
KH10306,17485525,,,,,,,,,Vietnam,VN,,no,,,male,,0,0
KH10307,17485526,,,,,,,,,Vietnam,VN,,no,,,male,,0,0
KH10308,17485527,,,,,,,,,Vietnam,VN,,no,,,male,,0,0
KH10309,17485528,,,,,,,,,Vietnam,VN,,no,,,female,,0,0
KH10310,17485529,,,,,,,,,,,,no,,,female,,0,0
KH10311,17485530,,,,,,,,,Vietnam,VN,,no,,,female,,0,0
KH10312,17485531,,,,,,,,,Vietnam,VN,,no,,,male,,0,0
KH10313,17485532,,,,,,,,,Vietnam,VN,,no,,,male,,0,0
KH10314,17485533,,,,,,,,,,,,no,,,male,,0,0
KH10315,17485534,,,,,,,,,Vietnam,VN,,no,,,female,,0,0
KH10316,17485535,,,,,,,,,,,,no,,,male,,0,0
KH10317,17485536,,,,,,,,,Vietnam,VN,,no,,,male,,0,0
KH10318,17485537,,An Giang,An Giang,3.0,Thị xã Tân Châu,56.0,Phường Long Hưng,10462.0,Vietnam,VN,,no,sapo_social,,female,,1760000,1
KH10319,17485538,,,,,,,,,,,,no,,,male,,0,0
KH10320,17485539,,,,,,,,,Vietnam,VN,,no,,,male,,0,0
KH10321,17485540,,,,,,,,,Vietnam,VN,,no,,,male,,0,0
KH10322,17485541,,,,,,,,,Vietnam,VN,,no,,,female,,0,0
KH10323,17485542,,,,,,,,,,,,no,,,male,,0,0
KH10324,17485543,,,,,,,,,,,,no,,,male,,0,0
KH10325,17485544,,,,,,,,,,,,no,,,female,,0,0
KH10326,17485545,,,,,,,,,Vietnam,VN,,no,,,female,,0,0
KH10327,17485546,,,,,,,,,Vietnam,VN,,no,,,female,,0,0
KH10328,17485547,,,,,,,,,,,,no,,,male,,330000,1
KH10329,17485548,,,,,,,,,Vietnam,VN,,no,,,male,,0,0
KH10330,17485549,,,,,,,,,,,,no,,,female,,0,0
KH10331,17485550,,,,,,,,,,,,no,,,female,,0,0
KH10332,17485551,,,,,,,,,,,,no,,,male,,0,0
KH10333,17485552,,,,,,,,,,,,no,,,female,,0,0
KH10334,17485553,,,,,,,,,Vietnam,VN,,no,,,other,,0,0
KH10335,17485554,,,,,,,,,,,,no,,,female,,0,0
KH10336,17485555,,,,,,,,,Vietnam,VN,,no,,,male,,0,0
KH10337,17485556,,,,,,,,,Vietnam,VN,,no,,,male,,0,0
KH10338,17485557,,,,,,,,,Vietnam,VN,,no,,,male,,0,0
KH10339,17485558,,,,,,,,,,,,no,,,female,,0,0
KH10340,17485559,,,,,,,,,Vietnam,VN,,no,,,male,,0,0
KH10341,17485560,,,,,,,,,Vietnam,VN,,no,,,male,,357000,1
KH10342,17485561,,,,,,,,,Vietnam,VN,,no,,,female,,0,0
KH10343,17485562,,,,,,,,,Vietnam,VN,,no,,,male,,0,0
KH10344,17485563,,,,,,,,,,,,no,,,female,,0,0
KH10345,17485564,,,,,,,,,,,,no,,,other,,0,0
KH10346,17485565,,,,,,,,,Vietnam,VN,,no,,,male,,0,0
KH10347,17485566,,,,,,,,,Vietnam,VN,,no,,,male,,0,0
KH10348,17485567,,,,,,,,,Vietnam,VN,,no,,,male,,850000,1
KH10349,17485568,,,,,,,,,,,,no,,,female,,0,0
KH10350,17485569,,,,,,,,,,,,no,,,female,,0,0
KH10351,17485570,,,,,,,,,,,,no,,,male,,0,0
KH10352,17485571,,,,,,,,,,,,no,,,other,,0,0
KH10353,17485572,,,,,,,,,Vietnam,VN,,no,,,male,,0,0
KH10354,17485573,,,,,,,,,Vietnam,VN,,no,,,female,,0,0
KH10355,17485574,,,,,,,,,,,,no,,,male,,0,0
KH10356,17485575,,Bình Dương,Bình Dương,10.0,,,,,Vietnam,VN,,no,,,male,,0,0
KH10357,17485576,,,,,,,,,Vietnam,VN,,no,,,female,,0,0
KH10358,17485577,,,,,,,,,Vietnam,VN,,no,,,male,,0,0
KH10359,17485578,,,,,,,,,Vietnam,VN,,no,,,female,,0,0
KH10360,17485579,,,,,,,,,Vietnam,VN,,no,,,female,,0,0
KH10361,17485580,,,,,,,,,Vietnam,VN,,no,,,female,,0,0
KH10362,17485581,,,,,,,,,,,,no,,,female,,0,0
KH10363,17485582,,,,,,,,,Vietnam,VN,,no,,,male,,0,0
KH10364,17485583,,,,,,,,,Vietnam,VN,,no,,,female,,0,0
KH10365,17485584,,,,,,,,,Vietnam,VN,,no,,,female,,0,0
KH10366,17485585,,,,,,,,,,,,no,,,male,,0,0
KH10367,17485586,,,,,,,,,Vietnam,VN,,no,,,female,,0,0
KH10368,17485587,,,,,,,,,Vietnam,VN,,no,,,other,,0,0
KH10369,17485588,,,,,,,,,Vietnam,VN,,no,,,male,,0,0
KH10370,17485589,,,,,,,,,Vietnam,VN,,no,,,female,,0,0
KH10371,17485590,,,,,,,,,Vietnam,VN,,no,,,male,,0,0
KH10372,17485591,,,,,,,,,,,,no,,,female,,0,0
KH10373,17485592,,,,,,,,,,,,no,,,female,,0,0
KH10374,17485593,,,,,,,,,Vietnam,VN,,no,,,male,,0,0
KH10375,17485594,,,,,,,,,Vietnam,VN,,no,,,male,,0,0
KH10376,17485595,,,,,,,,,Vietnam,VN,,no,,,male,,0,0
KH10377,17485596,,,,,,,,,Vietnam,VN,,no,,,male,,0,0
KH10378,17485597,,,,,,,,,,,,no,,,male,,0,0
KH10379,17485598,,,,,,,,,,,,no,,,male,,0,0
KH10380,17485599,,,,,,,,,Vietnam,VN,,no,,,male,,0,0
KH10381,17485601,,,,,,,,,,,,no,,,male,,0,0
KH10382,17485602,,,,,,,,,,,,no,,,male,,0,0
KH10383,17485603,,,,,,,,,Vietnam,VN,,no,,,female,,0,0
KH10384,17485604,,,,,,,,,Vietnam,VN,,no,,,male,,0,0
KH10385,17485605,,,,,,,,,Vietnam,VN,,no,,,male,,0,0
KH10386,17485606,,,,,,,,,Vietnam,VN,,no,,,female,,0,0
KH10387,17485607,,,,,,,,,Vietnam,VN,,no,,,male,,0,0
KH10388,17485608,,,,,,,,,,,,no,,,female,,0,0
KH10389,17485609,,,,,,,,,Vietnam,VN,,no,,,male,,2261500,3
KH10390,17485610,,,,,,,,,Vietnam,VN,,no,,,female,,0,0
KH10391,17485611,,,,,,,,,Vietnam,VN,,no,,,male,,1959500,3
KH10392,17485612,,,,,,,,,Vietnam,VN,,no,,,male,,0,0
KH10393,17485613,,,,,,,,,,,,no,,,other,,0,0
KH10394,17485614,,,,,,,,,,,,no,,,female,,0,0
KH10395,17485615,,,,,,,,,Vietnam,VN,,no,,,male,,0,0
KH10396,17485616,,,,,,,,,Vietnam,VN,,no,,,female,,0,0
KH10397,17485617,,,,,,,,,Vietnam,VN,,no,,,male,,0,0
KH10398,17485618,,,,,,,,,,,,no,,,female,,0,0
KH10399,17485619,,,,,,,,,,,,no,,,female,,0,0
KH10400,17485620,,,,,,,,,Vietnam,VN,,no,,,female,,0,0
KH10401,17485621,,,,,,,,,Vietnam,VN,,no,,,male,,0,0
KH10402,17485622,,,,,,,,,,,,no,,,male,,0,0
KH10403,17485623,,,,,,,,,Vietnam,VN,,no,,,male,,0,0
KH10404,17485624,,,,,,,,,,,,no,,,male,,0,0
KH10405,17485625,,,,,,,,,,,,no,,,male,,0,0
KH10406,17485626,,,,,,,,,,,,no,,,male,,0,0
KH10407,17485627,,,,,,,,,Vietnam,VN,,no,,,female,,0,0
KH10408,17485628,,,,,,,,,,,,no,,,male,,0,0
KH10409,17485629,,,,,,,,,,,,no,,,male,,0,0
KH10410,17485630,,,,,,,,,Vietnam,VN,,no,,,male,,0,0
KH10411,17485631,,,,,,,,,Vietnam,VN,,no,,,female,,0,0
KH10412,17485632,,,,,,,,,Vietnam,VN,,no,,,female,,0,0
KH10413,17485633,,,,,,,,,Vietnam,VN,,no,,,male,,0,0
KH10414,17485634,,,,,,,,,Vietnam,VN,,no,,,male,,0,0
KH10415,17485635,,,,,,,,,,,,no,,,male,,0,0
KH10416,17485636,,,,,,,,,,,,no,,,male,,0,0
KH10417,17485637,,,,,,,,,,,,no,,,male,,0,0
KH10418,17485638,,,,,,,,,Vietnam,VN,,no,,,male,,0,0
KH10419,17485639,,,,,,,,,,,,no,,,male,,500000,2
KH10420,17485640,,,,,,,,,,,,no,,,male,,0,0
KH10421,17485641,,,,,,,,,,,,no,,,female,,0,0
KH10422,17485642,,,,,,,,,Vietnam,VN,,no,,,male,,0,0
KH10423,17485643,,,,,,,,,,,,no,,,female,,0,0
KH10424,17485644,,,,,,,,,,,,no,,,male,,0,0
KH10425,17485645,,,,,,,,,Vietnam,VN,,no,,,male,,0,0
KH10426,17485646,,,,,,,,,Vietnam,VN,,no,,,male,,0,0
KH10427,17485647,,,,,,,,,Vietnam,VN,,no,,,male,,0,0
KH10428,17485648,,,,,,,,,,,,no,,,male,,0,0
KH10429,17485649,,,,,,,,,,,,no,,,male,,0,0
KH10430,17485650,,,,,,,,,,,,no,,,male,,6508000,4
KH10431,17485651,,,,,,,,,Vietnam,VN,,no,,,male,,0,0
KH10432,17485652,,,,,,,,,,,,no,,,male,,0,0
KH10433,17485653,,,,,,,,,,,,no,,,female,,0,0
KH10434,17485654,,,,,,,,,Vietnam,VN,,no,,,male,,0,0
KH10435,17485655,,,,,,,,,Vietnam,VN,,no,,,male,,0,0
KH10436,17485656,,,,,,,,,,,,no,,,female,,0,0
KH10437,17485657,,,,,,,,,Vietnam,VN,,no,,,male,,0,0
KH10438,17485658,,,,,,,,,Vietnam,VN,,no,,,male,,420000,1
KH10439,17485659,,,,,,,,,Vietnam,VN,,no,,,female,,0,0
KH10440,17485660,,,,,,,,,Vietnam,VN,,no,,,female,,0,0
KH10441,17485661,,,,,,,,,,,,no,,,male,,0,0
KH10442,17485662,,,,,,,,,Vietnam,VN,,no,,,male,,0,0
KH10443,17485663,,,,,,,,,,,,no,,,male,,0,0
KH10444,17485664,,,,,,,,,,,,no,,,male,,0,0
KH10445,17485665,,,,,,,,,Vietnam,VN,,no,,,male,,0,0
KH10446,17485666,,,,,,,,,,,,no,,,other,,0,0
KH10447,17485667,,,,,,,,,,,,no,,,male,,0,0
KH10448,17485668,,,,,,,,,,,,no,,,female,,0,0
KH10449,17485669,,,,,,,,,Vietnam,VN,,no,,,male,,0,0
KH10450,17485670,,,,,,,,,Vietnam,VN,,no,,,male,,0,0
KH10451,17485671,,,,,,,,,Vietnam,VN,,no,,,female,,0,0
KH10452,17485672,,,,,,,,,,,,no,,,male,,0,0
KH10453,17485673,,,,,,,,,,,,no,,,male,,0,0
KH10454,17485674,,,,,,,,,,,,no,,,female,,0,0
KH10455,17485675,,,,,,,,,Vietnam,VN,,no,,,male,,0,0
KH10456,17485676,,,,,,,,,Vietnam,VN,,no,,,male,,0,0
KH10457,17485677,,,,,,,,,Vietnam,VN,,no,,,male,,0,0
KH10458,17485678,,,,,,,,,,,,no,,,female,,0,0
KH10459,17485679,,,,,,,,,Vietnam,VN,,no,,,female,,0,0
KH10460,17485680,,,,,,,,,,,,no,,,male,,0,0
KH10461,17485681,,,,,,,,,Vietnam,VN,,no,,,male,,4000000,2
KH10462,17485682,,,,,,,,,Vietnam,VN,,no,,,male,,0,0
KH10463,17485683,,,,,,,,,Vietnam,VN,,no,,,female,,0,0
KH10464,17485684,,,,,,,,,,,,no,,,male,,1170000,1
KH10465,17485685,,,,,,,,,Vietnam,VN,,no,,,female,,0,0
KH10466,17485686,,,,,,,,,,,,no,,,male,,0,0
KH10467,17485687,,,,,,,,,Vietnam,VN,,no,,,female,,0,0
KH10468,17485688,,,,,,,,,,,,no,,,male,,0,0
KH10469,17485689,,,,,,,,,,,,no,,,male,,0,0
KH10470,17485690,,,,,,,,,Vietnam,VN,,no,,,male,,0,0
KH10471,17485691,CÔNG TY CỔ PHẦN VIỄN THÔNG HÀ NỘI,,,,,,,,Vietnam,VN,,no,,,female,,0,0
KH10472,17485692,,,,,,,,,Vietnam,VN,,no,,,male,,0,0
KH10473,17485693,,,,,,,,,Vietnam,VN,,no,,,male,,0,0
KH10474,17485694,,,,,,,,,,,,no,,,male,,0,0
KH10475,17485695,,,,,,,,,Vietnam,VN,,no,,,female,,0,0
KH10476,17485696,,,,,,,,,,,,no,,,female,,0,0
KH10477,17485697,,,,,,,,,,,,no,,,male,,0,0
KH10478,17485698,,,,,,,,,Vietnam,VN,,no,,,male,,0,0
KH10479,17485699,,,,,,,,,Vietnam,VN,,no,,,female,,0,0
KH10480,17485700,,,,,,,,,Vietnam,VN,,no,,,male,,0,0
KH10481,17485701,,,,,,,,,Vietnam,VN,,no,,,male,,0,0
KH10482,17485702,,,,,,,,,Vietnam,VN,,no,,,female,,0,0
KH10483,17485703,,,,,,,,,Vietnam,VN,,no,,,female,,0,0
KH10484,17485704,,,,,,,,,Vietnam,VN,,no,,,male,,0,0
KH10485,17485705,,,,,,,,,Vietnam,VN,,no,,,female,,0,0
KH10486,17485706,,,,,,,,,Vietnam,VN,,no,,,female,,0,0
KH10487,17485707,,,,,,,,,,,,no,,,male,,0,0
KH10488,17485708,,,,,,,,,Vietnam,VN,,no,,,male,,0,0
KH10489,17485709,,,,,,,,,Vietnam,VN,,no,,,female,,0,0
KH10490,17485710,,,,,,,,,,,,no,,,female,,0,0
KH10491,17485711,,,,,,,,,,,,no,,,female,,0,0
KH10492,17485712,,,,,,,,,,,,no,,,male,,0,0
KH10493,17485713,,TP Hồ Chí Minh,TP Hồ Chí Minh,2.0,Quận Bình Thạnh,45.0,Phường 6,9288.0,Vietnam,VN,,no,sapo_social,,female,,1251000,1
KH10494,17485714,,,,,,,,,Vietnam,VN,,no,,,female,,0,0
KH10495,17485715,,,,,,,,,,,,no,,,male,,0,0
KH10496,17485716,,,,,,,,,Vietnam,VN,,no,,,male,,0,0
KH10497,17485717,,,,,,,,,Vietnam,VN,,no,,,female,,0,0
KH10498,17485718,,,,,,,,,Vietnam,VN,,no,,,male,,4015000,2
KH10499,17485719,,,,,,,,,,,,no,,,female,,0,0
KH10500,17485720,,,,,,,,,,,,no,,,male,,0,0
KH10501,17485721,,,,,,,,,,,,no,,,other,,0,0
KH10502,17485722,,,,,,,,,,,,no,,,other,,0,0
KH10503,17485723,,,,,,,,,Vietnam,VN,,no,,,male,,0,0
KH10504,17485724,,,,,,,,,,,,no,,,male,,0,0
KH10505,17485725,,,,,,,,,Vietnam,VN,,no,,,male,,0,0
KH10506,17485726,,,,,,,,,,,,no,,,female,,0,0
KH10507,17485727,,,,,,,,,,,,no,,,male,,0,0
KH10508,17485728,,,,,,,,,Vietnam,VN,,no,,,male,,0,0
KH10509,17485729,,,,,,,,,Vietnam,VN,,no,,,male,,0,0
KH10510,17485730,,,,,,,,,Vietnam,VN,,no,,,male,,0,0
KH10511,17485731,,,,,,,,,,,,no,,,male,,0,0
KH10512,17485732,,,,,,,,,,,,no,,,male,,0,0
KH10513,17485733,,,,,,,,,Vietnam,VN,,no,,,male,,0,0
KH10514,17485734,,,,,,,,,,,,no,,,female,,0,0
KH10515,17485735,,,,,,,,,Vietnam,VN,,no,,,female,,0,0
KH10516,17485736,,,,,,,,,,,,no,,,male,,0,0
KH10517,17485737,,,,,,,,,Vietnam,VN,,no,,,male,,0,0
KH10518,17485738,,,,,,,,,Vietnam,VN,,no,,,male,,425000,1
KH10519,17485739,,,,,,,,,,,,no,,,female,,2210000,3
KH10520,17485740,,,,,,,,,,,,no,,,female,,0,0
KH10521,17485741,,,,,,,,,Vietnam,VN,,no,,,male,,0,0
KH10522,17485742,,,,,,,,,Vietnam,VN,,no,,,male,,0,0
KH10523,17485743,,,,,,,,,,,,no,,,male,,0,0
KH10524,17485744,,,,,,,,,,,,no,,,male,,0,0
KH10525,17485745,,,,,,,,,,,,no,,,male,,0,0
KH10526,17485746,,,,,,,,,,,,no,,,male,,0,0
KH10527,17485747,,,,,,,,,Vietnam,VN,,no,,,male,,0,0
KH10528,17485748,,,,,,,,,,,,no,,,male,,0,0
KH10529,17485749,CÔNG TY TNHH SYNAPSE STUDIO VINA,,,,,,,,Vietnam,VN,,no,,,female,,0,0
KH10530,17485750,,,,,,,,,Vietnam,VN,,no,,,male,,0,0
KH10531,17485751,,,,,,,,,Vietnam,VN,,no,sapo_social,,female,,18467000,6
KH10532,17485752,,,,,,,,,,,,no,,,female,,0,0
KH10533,17485753,,,,,,,,,Vietnam,VN,,no,,,female,,0,0
KH10534,17485754,,,,,,,,,Vietnam,VN,,no,,,male,,0,0
KH10535,17485755,,,,,,,,,Vietnam,VN,,no,,,male,,0,0
KH10536,17485756,,,,,,,,,Vietnam,VN,,no,,,male,,890000,1
KH10537,17485757,,,,,,,,,Vietnam,VN,,no,,,female,,0,0
KH10538,17485758,,,,,,,,,Vietnam,VN,,no,,,female,,0,0
KH10539,17485759,,,,,,,,,Vietnam,VN,,no,,,female,,0,0
KH10540,17485760,,,,,,,,,Vietnam,VN,,no,,,male,,0,0
KH10541,17485761,,,,,,,,,Vietnam,VN,,no,,,male,,0,0
KH10542,17485762,,,,,,,,,Vietnam,VN,,no,,,male,,0,0
KH10543,17485763,,,,,,,,,Vietnam,VN,,no,,,male,,0,0
KH10544,17485764,,,,,,,,,,,,no,,,male,,0,0
KH10545,17485765,,,,,,,,,,,,no,,,male,,0,0
KH10546,17485766,,,,,,,,,Vietnam,VN,,no,,,female,,0,0
KH10547,17485767,,,,,,,,,,,,no,,,female,,0,0
KH10548,17485768,,,,,,,,,Vietnam,VN,,no,,,male,,0,0
KH10549,17485769,,,,,,,,,Vietnam,VN,,no,,,male,,0,0
KH10550,17485770,,,,,,,,,Vietnam,VN,,no,,,female,,0,0
KH10551,17485771,,,,,,,,,,,,no,,,female,,0,0
KH10552,17485772,,,,,,,,,,,,no,,,other,,0,0
KH10553,17485773,,,,,,,,,Vietnam,VN,,no,,,female,,0,0
KH10554,17485774,,,,,,,,,,,,no,,,male,,0,0
KH10555,17485775,,,,,,,,,,,,no,,,male,,0,0
KH10556,17485776,,,,,,,,,,,,no,,,female,,0,0
KH10557,17485777,,,,,,,,,Vietnam,VN,,no,,,male,,0,0
KH10558,17485778,,,,,,,,,,,,no,,,female,,6300000,1
KH10559,17485779,,,,,,,,,,,,no,,,female,,0,0
KH10560,17485780,,,,,,,,,,,,no,,,male,,0,0
KH10561,17485781,,,,,,,,,,,,no,,,female,,0,0
KH10562,17485782,,,,,,,,,Vietnam,VN,,no,,,male,,0,0
KH10563,17485783,,,,,,,,,Vietnam,VN,,no,,,male,,0,0
KH10564,17485784,,,,,,,,,Vietnam,VN,,no,,,male,,1350000,3
KH10565,17485785,,,,,,,,,,,,no,,,female,,0,0
KH10566,17485786,,,,,,,,,Vietnam,VN,,no,,,female,,0,0
KH10567,17485787,,,,,,,,,Vietnam,VN,,no,,,female,,0,0
KH10568,17485788,,,,,,,,,Vietnam,VN,,no,,,female,,0,0
KH10569,17485789,,,,,,,,,Vietnam,VN,,no,,,male,,0,0
KH10570,17485790,,,,,,,,,Vietnam,VN,,no,,,female,,0,0
KH10571,17485791,,,,,,,,,Vietnam,VN,,no,,,male,,0,0
KH10572,17485792,,,,,,,,,Vietnam,VN,,no,,,male,,0,0
KH10573,17485793,,,,,,,,,Vietnam,VN,,no,,,male,,0,0
KH10574,17485794,,,,,,,,,Vietnam,VN,,no,,,female,,0,0
KH10575,17485795,,,,,,,,,Vietnam,VN,,no,,,male,,0,0
KH10576,17485796,,,,,,,,,,,,no,,,male,,0,0
KH10577,17485797,,,,,,,,,,,,no,,,male,,0,0
KH10578,17485798,,,,,,,,,Vietnam,VN,,no,,,other,,0,0
KH10579,17485799,,,,,,,,,Vietnam,VN,,no,,,female,,0,0
KH10580,17485800,,,,,,,,,Vietnam,VN,,no,,,other,,0,0
KH10581,17485801,,TP Hồ Chí Minh,TP Hồ Chí Minh,2.0,Quận 3,32.0,Phường Võ Thị Sáu,107463.0,Vietnam,VN,,no,sapo_social,,female,,8810500,6
KH10582,17485802,,,,,,,,,Vietnam,VN,,no,,,male,,0,0
KH10583,17485803,,,,,,,,,,,,no,,,male,,0,0
KH10584,17485804,,,,,,,,,Vietnam,VN,,no,,,male,,0,0
KH10585,17485805,,,,,,,,,Vietnam,VN,,no,,,male,,0,0
KH10586,17485806,,,,,,,,,Vietnam,VN,,no,,,male,,0,0
KH10587,17485807,,,,,,,,,,,,no,,,male,,9428000,11
KH10588,17485808,,,,,,,,,Vietnam,VN,,no,,,male,,0,0
KH10589,17485809,,,,,,,,,Vietnam,VN,,no,,,female,,0,0
KH10590,17485810,,,,,,,,,Vietnam,VN,,no,,,male,,0,0
KH10591,17485811,,,,,,,,,Vietnam,VN,,no,,,other,,0,0
KH10592,17485812,,,,,,,,,Vietnam,VN,,no,,,male,,0,0
KH10593,17485813,,,,,,,,,,,,no,,,male,,0,0
KH10594,17485814,,,,,,,,,Vietnam,VN,,no,,,male,,0,0
KH10595,17485815,,,,,,,,,Vietnam,VN,,no,,,male,,630000,2
KH10596,17485816,,,,,,,,,Vietnam,VN,,no,,,male,,0,0
KH10597,17485817,,,,,,,,,Vietnam,VN,,no,,,male,,0,0
KH10598,17485818,,,,,,,,,Vietnam,VN,,no,,,male,,0,0
KH10599,17485819,,,,,,,,,Vietnam,VN,,no,,,female,,0,0
KH10600,17485820,,,,,,,,,Vietnam,VN,,no,,,male,,0,0
KH10601,17485821,,,,,,,,,Vietnam,VN,,no,,,male,,0,0
KH10602,17485822,,,,,,,,,Vietnam,VN,,no,,,female,,0,0
KH10603,17485823,,,,,,,,,Vietnam,VN,,no,,,other,,0,0
KH10604,17485824,,,,,,,,,Vietnam,VN,,no,,,male,,0,0
KH10605,17485825,,,,,,,,,Vietnam,VN,,no,,,male,,0,0
KH10606,17485826,,,,,,,,,Vietnam,VN,,no,,,male,,0,0
KH10607,17485827,,,,,,,,,Vietnam,VN,,no,,,male,,0,0
KH10608,17485828,,,,,,,,,Vietnam,VN,,no,,,male,,0,0
KH10609,17485829,,,,,,,,,Vietnam,VN,,no,,,male,,0,0
KH10610,17485830,,,,,,,,,Vietnam,VN,,no,,,male,,0,0
KH10611,17485831,,,,,,,,,Vietnam,VN,,no,,,female,,2908000,3
KH10612,17485832,,,,,,,,,Vietnam,VN,,no,,,male,,0,0
KH10613,17485833,,,,,,,,,Vietnam,VN,,no,,,male,,0,0
KH10614,17485834,,,,,,,,,Vietnam,VN,,no,,,male,,0,0
KH10615,17485835,,,,,,,,,Vietnam,VN,,no,,,female,,0,0
KH10616,17485836,,,,,,,,,Vietnam,VN,,no,,,male,,0,0
KH10617,17485837,,,,,,,,,,,,no,,"Tầng 18, Vincom Center, 72 Lê Thánh Tôn, Phường Bến Nghé, Quận 1, TP.HCM",female,,0,0
KH10618,17485838,,,,,,,,,Vietnam,VN,,no,,,male,,0,0
KH10619,17485839,,,,,,,,,Vietnam,VN,,no,,,male,,0,0
KH10620,17485840,,,,,,,,,Vietnam,VN,,no,,,male,,0,0
KH10621,17485841,,,,,,,,,,,,no,,,male,,0,0
KH10622,17485842,,,,,,,,,Vietnam,VN,,no,,,female,,0,0
KH10623,17485843,,,,,,,,,,,,no,,,male,,0,0
KH10624,17485844,,,,,,,,,Vietnam,VN,,no,,,male,,0,0
KH10625,17485845,,,,,,,,,Vietnam,VN,,no,,,male,,0,0
KH10626,17485846,,,,,,,,,Vietnam,VN,,no,,,female,,0,0
KH10627,17485847,,,,,,,,,Vietnam,VN,,no,,,male,,0,0
KH10628,17485848,,,,,,,,,,,,no,,,male,,0,0
KH10629,17485849,,,,,,,,,Vietnam,VN,,no,,,male,,0,0
KH10630,17485850,,,,,,,,,Vietnam,VN,,no,,,female,,0,0
KH10631,17485851,,,,,,,,,Vietnam,VN,,no,,,female,,0,0
KH10632,17485852,,,,,,,,,,,,no,,,female,,0,0
KH10633,17485853,,,,,,,,,,,,no,,,male,,0,0
KH10634,17485854,,,,,,,,,Vietnam,VN,,no,,,male,,0,0
KH10635,17485855,,,,,,,,,Vietnam,VN,,no,,,male,,0,0
KH10636,17485856,,,,,,,,,Vietnam,VN,,no,,,male,,0,0
KH10637,17485857,,,,,,,,,Vietnam,VN,,no,,,male,,0,0
KH10638,17485858,,,,,,,,,,,,no,,,male,,0,0
KH10639,17485859,,,,,,,,,Vietnam,VN,,no,,,male,,0,0
KH10640,17485860,,,,,,,,,Vietnam,VN,,no,,,male,,0,0
KH10641,17485861,,,,,,,,,,,,no,,,female,,0,0
KH10642,17485862,,,,,,,,,,,,no,,,other,,0,0
KH10643,17485863,,,,,,,,,,,,no,,,male,,0,0
KH10644,17485864,,,,,,,,,,,,no,,,male,,0,0
KH10645,17485865,,,,,,,,,,,,no,,,female,,0,0
KH10646,17485866,,,,,,,,,Vietnam,VN,,no,,,male,,0,0
KH10647,17485867,,,,,,,,,Vietnam,VN,,no,,,male,,0,0
KH10648,17485868,,,,,,,,,Vietnam,VN,,no,,,other,,0,0
KH10649,17485869,,,,,,,,,Vietnam,VN,,no,,,female,,0,0
KH10650,17485870,,,,,,,,,Vietnam,VN,,no,,,female,,0,0
KH10651,17485871,,,,,,,,,,,,no,,,female,,0,0
KH10652,17485872,,,,,,,,,,,,no,,,female,,0,0
KH10653,17485873,,,,,,,,,Vietnam,VN,,no,,,male,,0,0
KH10654,17485874,,,,,,,,,Vietnam,VN,,no,,,male,,0,0
KH10655,17485875,,,,,,,,,,,,no,,,female,,0,0
KH10656,17485876,,TP Hồ Chí Minh,TP Hồ Chí Minh,2.0,Quận Tân Phú,44.0,Phường Sơn Kỳ,9316.0,Vietnam,VN,,no,sapo_social,,male,,2150000,3
KH10657,17485877,,,,,,,,,Vietnam,VN,,no,,,male,,12385000,5
KH10658,17485878,,,,,,,,,Vietnam,VN,,no,,,male,,0,0
KH10659,17485879,,,,,,,,,Vietnam,VN,,no,,,male,,0,0
KH10660,17485880,,,,,,,,,,,,no,,,male,,0,0
KH10661,17485881,,,,,,,,,Vietnam,VN,,no,,,male,,0,0
KH10662,17485882,,,,,,,,,Vietnam,VN,,no,,,male,,0,0
KH10663,17485883,,,,,,,,,Vietnam,VN,,no,,,male,,360000,1
KH10664,17485884,,,,,,,,,Vietnam,VN,,no,,,female,,0,0
KH10665,17485885,,,,,,,,,Vietnam,VN,,no,,,female,,0,0
KH10666,17485886,,,,,,,,,Vietnam,VN,,no,,,female,,0,0
KH10667,17485887,,,,,,,,,Vietnam,VN,,no,,,male,,0,0
KH10668,17485888,,,,,,,,,Vietnam,VN,,no,,,female,,0,0
KH10669,17485889,,,,,,,,,Vietnam,VN,,no,,,male,,0,0
KH10670,17485890,,,,,,,,,Vietnam,VN,,no,,,male,,0,0
KH10671,17485891,,,,,,,,,Vietnam,VN,,no,,,male,,0,0
KH10672,17485892,,,,,,,,,,,,no,,,male,,0,0
KH10673,17485893,,,,,,,,,Vietnam,VN,,no,,,male,,0,0
KH10674,17485894,,,,,,,,,Vietnam,VN,,no,,,female,,0,0
KH10675,17485895,,,,,,,,,Vietnam,VN,,no,,,female,,0,0
KH10676,17485896,,,,,,,,,Vietnam,VN,,no,,,male,,0,0
KH10677,17485897,,,,,,,,,Vietnam,VN,,no,,,male,,475000,1
KH10678,17485898,,,,,,,,,,,,no,,,male,,0,0
KH10679,17485899,,,,,,,,,Vietnam,VN,,no,,,male,,0,0
KH10680,17485900,,,,,,,,,Vietnam,VN,,no,,,male,,0,0
KH10681,17485901,,,,,,,,,Vietnam,VN,,no,,,male,,0,0
KH10682,17485902,,,,,,,,,Vietnam,VN,,no,,,male,,0,0
KH10683,17485903,,,,,,,,,Vietnam,VN,,no,,,male,,0,0
KH10684,17485904,,,,,,,,,Vietnam,VN,,no,,,male,,0,0
KH10685,17485905,,,,,,,,,Vietnam,VN,,no,,,male,,0,0
KH10686,17485906,,,,,,,,,Vietnam,VN,,no,,,other,,0,0
KH10687,17485907,,,,,,,,,Vietnam,VN,,no,,,male,,0,0
KH10688,17485908,,,,,,,,,Vietnam,VN,,no,,,male,,0,0
KH10689,17485909,,,,,,,,,Vietnam,VN,,no,,,male,,0,0
KH10690,17485910,,,,,,,,,Vietnam,VN,,no,,,male,,0,0
KH10691,17485911,,,,,,,,,Vietnam,VN,,no,,,other,,0,0
KH10692,17485912,,,,,,,,,Vietnam,VN,,no,,,male,,0,0
KH10693,17485913,,,,,,,,,Vietnam,VN,,no,,,female,,0,0
KH10694,17485914,,,,,,,,,Vietnam,VN,,no,,,male,,0,0
KH10695,17485915,,,,,,,,,Vietnam,VN,,no,,,male,,0,0
KH10696,17485916,,,,,,,,,Vietnam,VN,,no,,,male,,2700000,1
KH10697,17485917,,,,,,,,,Vietnam,VN,,no,,,female,,0,0
KH10698,17485918,,,,,,,,,Vietnam,VN,,no,,,male,,0,0
KH10699,17485919,,,,,,,,,Vietnam,VN,,no,,,male,,0,0
KH10700,17485920,,,,,,,,,Vietnam,VN,,no,,,male,,0,0
KH10701,17485921,,,,,,,,,Vietnam,VN,,no,,,male,,0,0
KH10702,17485922,,,,,,,,,Vietnam,VN,,no,,,male,,0,0
KH10703,17485923,,,,,,,,,Vietnam,VN,,no,,,male,,0,0
KH10704,17485924,,,,,,,,,Vietnam,VN,,no,,,male,,0,0
KH10705,17485925,,,,,,,,,Vietnam,VN,,no,,,male,,0,0
KH10706,17485926,,,,,,,,,Vietnam,VN,,no,,,other,,0,0
KH10707,17485927,,,,,,,,,Vietnam,VN,,no,,,male,,0,0
KH10708,17485928,,,,,,,,,Vietnam,VN,,no,,,male,,3430000,2
KH10709,17485929,,,,,,,,,Vietnam,VN,,no,,,male,,0,0
KH10710,17485930,,,,,,,,,Vietnam,VN,,no,,,male,,0,0
KH10711,17485931,,,,,,,,,Vietnam,VN,,no,,,other,,0,0
KH10712,17485932,,,,,,,,,Vietnam,VN,,no,,,other,,0,0
KH10713,17485933,,,,,,,,,Vietnam,VN,,no,,,male,,0,0
KH10714,17485934,,,,,,,,,Vietnam,VN,,no,,,other,,1900000,1
KH10715,17485935,,,,,,,,,Vietnam,VN,,no,,,other,,1150000,2
KH10716,17485936,,,,,,,,,Vietnam,VN,,no,,,other,,0,0
KH10717,17485937,,,,,,,,,Vietnam,VN,,no,,,male,,0,0
KH10718,17485938,,,,,,,,,Vietnam,VN,,no,,,other,,0,0
KH10719,17485939,,,,,,,,,Vietnam,VN,,no,,,other,,0,0
KH10720,17485940,,,,,,,,,Vietnam,VN,,no,,,male,,0,0
KH10721,17485941,,,,,,,,,Vietnam,VN,,no,,,male,,0,0
KH10722,17485942,,,,,,,,,Vietnam,VN,,no,,,female,,0,0
KH10723,17485943,,,,,,,,,Vietnam,VN,,no,,,female,,0,0
KH10724,17485944,,,,,,,,,Vietnam,VN,,no,,,male,,0,0
KH10725,17485945,,,,,,,,,Vietnam,VN,,no,,,other,,0,0
KH10726,17485946,,,,,,,,,Vietnam,VN,,no,,,female,,0,0
KH10727,17485947,,,,,,,,,Vietnam,VN,,no,,,male,,0,0
KH10728,17485948,,,,,,,,,Vietnam,VN,,no,,,male,,0,0
KH10729,17485949,,,,,,,,,Vietnam,VN,,no,,,female,,0,0
KH10730,17485950,,,,,,,,,Vietnam,VN,,no,,,other,,0,0
KH10731,17485951,,,,,,,,,Vietnam,VN,,no,,,male,,0,0
KH10732,17485952,,,,,,,,,Vietnam,VN,,no,,,female,,0,0
KH10733,17485953,,,,,,,,,Vietnam,VN,,no,,,other,,0,0
KH10734,17485954,,,,,,,,,Vietnam,VN,,no,,,male,,0,0
KH10735,17485955,,,,,,,,,Vietnam,VN,,no,,,male,,0,0
KH10736,17485956,,,,,,,,,Vietnam,VN,,no,,,male,,0,0
KH10737,17485957,,,,,,,,,Vietnam,VN,,no,,,male,,0,0
KH10738,17485958,,,,,,,,,Vietnam,VN,,no,,,other,,0,0
KH10739,17485959,,,,,,,,,Vietnam,VN,,no,,,male,,0,0
KH10740,17485960,,,,,,,,,Vietnam,VN,,no,,,female,,0,0
KH10741,17485961,,,,,,,,,Vietnam,VN,,no,,,female,,0,0
KH10742,17485962,,,,,,,,,Vietnam,VN,,no,,,male,,0,0
KH10743,17485963,,,,,,,,,Vietnam,VN,,no,,,male,,0,0
KH10744,17485964,,,,,,,,,Vietnam,VN,,no,,,male,,0,0
KH10745,17485965,,,,,,,,,Vietnam,VN,,no,,,male,,0,0
KH10746,17485966,,,,,,,,,Vietnam,VN,,no,,,other,,0,0
KH10747,17485967,,,,,,,,,Vietnam,VN,,no,,,male,,0,0
KH10748,17485968,,,,,,,,,Vietnam,VN,,no,,,female,,260000,1
KH10749,17485969,,,,,,,,,Vietnam,VN,,no,,,male,,900000,1
KH10750,17485970,,,,,,,,,Vietnam,VN,,no,,,male,,0,0
KH10751,17485971,,,,,,,,,Vietnam,VN,,no,,,male,,0,0
KH10752,17485972,,,,,,,,,Vietnam,VN,,no,,,male,,0,0
KH10753,17485973,,,,,,,,,Vietnam,VN,,no,,,male,,2275000,2
KH10754,17485974,,,,,,,,,Vietnam,VN,,no,,,male,,0,0
KH10755,17485975,,,,,,,,,Vietnam,VN,,no,,,female,,0,0
KH10756,17485976,,,,,,,,,Vietnam,VN,,no,,,male,,0,0
KH10757,17485977,,,,,,,,,Vietnam,VN,,no,,,male,,0,0
KH10758,17485978,,,,,,,,,Vietnam,VN,,no,,,female,,0,0
KH10759,17485979,,,,,,,,,Vietnam,VN,,no,,,female,,0,0
KH10760,17485980,,,,,,,,,Vietnam,VN,,no,,,male,,0,0
KH10761,17485981,,,,,,,,,Vietnam,VN,,no,,,female,,0,0
KH10762,17485982,,,,,,,,,Vietnam,VN,,no,,,other,,0,0
KH10763,17485983,,,,,,,,,Vietnam,VN,,no,,,male,,900000,1
KH10764,17485984,,,,,,,,,Vietnam,VN,,no,,,male,,0,0
KH10765,17485985,,,,,,,,,Vietnam,VN,,no,,,male,,0,0
KH10766,17485986,,,,,,,,,Vietnam,VN,,no,,,male,,0,0
KH10767,17485987,,,,,,,,,Vietnam,VN,,no,,,male,,0,0
KH10768,17485988,,,,,,,,,Vietnam,VN,,no,,,male,,0,0
KH10769,17485989,,,,,,,,,Vietnam,VN,,no,,,female,,0,0
KH10770,17485990,,,,,,,,,Vietnam,VN,,no,,,male,,0,0
KH10771,17485991,,,,,,,,,Vietnam,VN,,no,,,male,,1225000,1
KH10772,17485992,,,,,,,,,Vietnam,VN,,no,,,male,,0,0
KH10773,17485993,,,,,,,,,Vietnam,VN,,no,,,female,,0,0
KH10774,17485994,,,,,,,,,Vietnam,VN,,no,,,male,,0,0
KH10775,17485995,,,,,,,,,Vietnam,VN,,no,,,female,,0,0
KH10776,17485996,,,,,,,,,Vietnam,VN,,no,,,female,,0,0
KH10777,17485997,,,,,,,,,Vietnam,VN,,no,,,male,,1430000,4
KH10778,17485998,,,,,,,,,Vietnam,VN,,no,,,female,,0,0
KH10779,17485999,,,,,,,,,Vietnam,VN,,no,,,other,,0,0
KH10780,17486000,,,,,,,,,Vietnam,VN,,no,,,male,,0,0
KH10781,17486001,,,,,,,,,Vietnam,VN,,no,,,male,,0,0
KH10782,17486002,,,,,,,,,Vietnam,VN,,no,,,male,,0,0
KH10783,17486003,,,,,,,,,Vietnam,VN,,no,,,female,,0,0
KH10784,17486004,,,,,,,,,Vietnam,VN,,no,,,male,,0,0
KH10785,17486005,,,,,,,,,Vietnam,VN,,no,,,male,,400000,1
KH10786,17486006,,,,,,,,,Vietnam,VN,,no,,,male,,0,0
KH10787,17486007,,,,,,,,,Vietnam,VN,,no,,,male,,0,0
KH10788,17486008,,,,,,,,,Vietnam,VN,,no,,,female,,0,0
KH10789,17486009,,,,,,,,,Vietnam,VN,,no,,,female,,0,0
KH10790,17486010,,,,,,,,,Vietnam,VN,,no,,,female,,0,0
KH10791,17486011,,,,,,,,,Vietnam,VN,,no,,,male,,0,0
KH10792,17486012,,,,,,,,,Vietnam,VN,,no,,,male,,0,0
KH10793,17486013,,,,,,,,,Vietnam,VN,,no,,,male,,0,0
KH10794,17486014,,,,,,,,,Vietnam,VN,,no,,,other,,0,0
KH10795,17486015,,,,,,,,,Vietnam,VN,,no,,,male,,0,0
KH10796,17486016,,,,,,,,,Vietnam,VN,,no,,,male,,0,0
KH10797,17486017,,,,,,,,,Vietnam,VN,,no,,,female,,0,0
KH10798,17486018,,,,,,,,,Vietnam,VN,,no,,,male,,0,0
KH10799,17486019,,,,,,,,,Vietnam,VN,,no,,,male,,0,0
KH10800,17486020,,,,,,,,,Vietnam,VN,,no,,,female,,0,0
KH10801,17486021,,,,,,,,,Vietnam,VN,,no,,,male,,0,0
KH10802,17486022,,,,,,,,,Vietnam,VN,,no,,,female,,0,0
KH10803,17486023,,,,,,,,,Vietnam,VN,,no,,,female,,0,0
KH10804,17486024,,,,,,,,,Vietnam,VN,,no,,,male,,0,0
KH10805,17486025,,,,,,,,,Vietnam,VN,,no,,,female,,0,0
KH10806,17486026,,,,,,,,,Vietnam,VN,,no,,,male,,0,0
KH10807,17486027,,,,,,,,,Vietnam,VN,,no,,,female,,0,0
KH10808,17486028,,,,,,,,,Vietnam,VN,,no,,,male,,0,0
KH10809,17486029,,,,,,,,,Vietnam,VN,,no,,"vang bịch Vella Moscato 620k, Fives Reserve Cabernet Sauvignon 3L 290k, Chardonany x 5L",male,,0,0
KH10810,17486030,,,,,,,,,Vietnam,VN,,no,,,other,,0,0
KH10811,17486031,,,,,,,,,Vietnam,VN,,no,,,male,,0,0
KH10812,17486032,,,,,,,,,Vietnam,VN,,no,,,female,,0,0
KH10813,17486033,,,,,,,,,Vietnam,VN,,no,,,male,,0,0
KH10814,17486034,,,,,,,,,Vietnam,VN,,no,,,male,,0,0
KH10815,17486035,,,,,,,,,Vietnam,VN,,no,,,male,,0,0
KH10816,17486036,,,,,,,,,Vietnam,VN,,no,,,other,,0,0
KH10817,17486037,,,,,,,,,Vietnam,VN,,no,,,male,,0,0
KH10818,17486038,,,,,,,,,Vietnam,VN,,no,,,male,,0,0
KH10819,17486039,,,,,,,,,Vietnam,VN,,no,,,male,,0,0
KH10820,17486040,,,,,,,,,Vietnam,VN,,no,,,male,,0,0
KH10821,17486041,,,,,,,,,Vietnam,VN,,no,,,male,,0,0
KH10822,17486042,,,,,,,,,Vietnam,VN,,no,,,male,,0,0
KH10823,17486043,,,,,,,,,Vietnam,VN,,no,,,male,,0,0
KH10824,17486044,,,,,,,,,Vietnam,VN,,no,,,male,,0,0
KH10825,17486045,,,,,,,,,Vietnam,VN,,no,,,female,,0,0
KH10826,17486046,,,,,,,,,Vietnam,VN,,no,,,female,,0,0
KH10827,17486047,,,,,,,,,Vietnam,VN,,no,,,other,,0,0
KH10828,17486048,,,,,,,,,Vietnam,VN,,no,,,other,,0,0
KH10829,17486049,,,,,,,,,Vietnam,VN,,no,,,male,,0,0
KH10830,17486050,,,,,,,,,Vietnam,VN,,no,,"CÔNG TY TNHH DART CHOCOLATE 
MST: 0312899047 
Đ/c: 131 Lê Thị Riêng, Bến Thành, Quận 01 
Email nhận hóa đơn: vat.dart@dartchocolate.com",male,,0,0
KH10831,17486051,,,,,,,,,Vietnam,VN,,no,,,male,,0,0
KH10832,17486052,,,,,,,,,Vietnam,VN,,no,,,female,,0,0
KH10833,17486053,,,,,,,,,Vietnam,VN,,no,,,male,,0,0
KH10834,17486054,,,,,,,,,Vietnam,VN,,no,,,male,,1921000,5
KH10835,17486055,,,,,,,,,Vietnam,VN,,no,,,female,,0,0
KH10836,17486056,,,,,,,,,Vietnam,VN,,no,,,male,,0,0
KH10837,17486057,,,,,,,,,Vietnam,VN,,no,,,male,,0,0
KH10838,17486058,,,,,,,,,Vietnam,VN,,no,,,male,,0,0
KH10839,17486059,,,,,,,,,Vietnam,VN,,no,,,male,,0,0
KH10840,17486060,,,,,,,,,Vietnam,VN,,no,,,female,,0,0
KH10841,17486061,,,,,,,,,Vietnam,VN,,no,,,female,,0,0
KH10842,17486062,,,,,,,,,Vietnam,VN,,no,,,other,,0,0
KH10843,17486063,,,,,,,,,Vietnam,VN,,no,,,male,,0,0
KH10844,17486064,,,,,,,,,Vietnam,VN,,no,,,male,,0,0
KH10845,17486065,,,,,,,,,Vietnam,VN,,no,,,male,,0,0
KH10846,17486066,,,,,,,,,Vietnam,VN,,no,,,male,,0,0
KH10847,17486067,,,,,,,,,Vietnam,VN,,no,,,female,,0,0
KH10848,17486068,,,,,,,,,Vietnam,VN,,no,,,male,,0,0
KH10849,17486069,,,,,,,,,Vietnam,VN,,no,,,female,,0,0
KH10850,17486070,,,,,,,,,Vietnam,VN,,no,,,male,,0,0
KH10851,17486071,,,,,,,,,Vietnam,VN,,no,,,male,,0,0
KH10852,17486072,,,,,,,,,Vietnam,VN,,no,,,male,,0,0
KH10853,17486073,,,,,,,,,Vietnam,VN,,no,,,male,,0,0
KH10854,17486074,,,,,,,,,Vietnam,VN,,no,,,other,,0,0
KH10855,17486075,,,,,,,,,Vietnam,VN,,no,,,female,,0,0
KH10856,17486076,,,,,,,,,Vietnam,VN,,no,,,male,,0,0
KH10857,17486077,,,,,,,,,Vietnam,VN,,no,,,other,,0,0
KH10858,17486078,,,,,,,,,Vietnam,VN,,no,,,other,,0,0
KH10859,17486079,,,,,,,,,Vietnam,VN,,no,,,male,,1772250,2
KH10860,17486080,,,,,,,,,Vietnam,VN,,no,,,female,,0,0
KH10861,17486081,,,,,,,,,Vietnam,VN,,no,,,male,,0,0
KH10862,17486082,,,,,,,,,Vietnam,VN,,no,,,male,,0,0
KH10863,17486083,,,,,,,,,Vietnam,VN,,no,,,male,,1430000,4
KH10864,17486084,,,,,,,,,Vietnam,VN,,no,,,male,,0,0
KH10865,17486085,,,,,,,,,Vietnam,VN,,no,,,male,,0,0
KH10866,17486086,,,,,,,,,Vietnam,VN,,no,,,other,,0,0
KH10867,17486087,,,,,,,,,Vietnam,VN,,no,,,male,,0,0
KH10868,17486088,,,,,,,,,Vietnam,VN,,no,,,male,,0,0
KH10869,17486089,,,,,,,,,Vietnam,VN,,no,,,female,,0,0
KH10870,17486090,,,,,,,,,Vietnam,VN,,no,,,male,,1245000,3
KH10871,17486091,,,,,,,,,Vietnam,VN,,no,,,male,,0,0
KH10872,17486092,,,,,,,,,Vietnam,VN,,no,,,male,,0,0
KH10873,17486093,,,,,,,,,Vietnam,VN,,yes,,,female,,3490000,4
KH10874,17486094,,,,,,,,,Vietnam,VN,,no,,,female,,0,0
KH10875,17486095,,,,,,,,,Vietnam,VN,,no,,,other,,0,0
KH10876,17486096,,,,,,,,,Vietnam,VN,,no,,,male,,0,0
KH10877,17486097,,,,,,,,,Vietnam,VN,,no,,,male,,0,0
KH10878,17486098,,,,,,,,,Vietnam,VN,,no,,,female,,0,0
KH10879,17486099,,,,,,,,,Vietnam,VN,,no,,,female,,0,0
KH10880,17486100,,,,,,,,,Vietnam,VN,,no,,,male,,0,0
KH10881,17486101,,,,,,,,,Vietnam,VN,,no,,,male,,0,0
KH10882,17486102,,,,,,,,,Vietnam,VN,,no,,,male,,0,0
KH10883,17486103,,,,,,,,,Vietnam,VN,,no,,,male,,0,0
KH10884,17486104,,,,,,,,,Vietnam,VN,,no,,,other,,0,0
KH10885,17486105,,,,,,,,,Vietnam,VN,,no,,,female,,0,0
KH10886,17486106,,,,,,,,,Vietnam,VN,,no,,,male,,0,0
KH10887,17486107,,,,,,,,,Vietnam,VN,,no,,,other,,0,0
KH10888,17486108,,,,,,,,,Vietnam,VN,,no,,,male,,0,0
KH10889,17486109,,,,,,,,,Vietnam,VN,,no,,,other,,0,0
KH10890,17486110,,,,,,,,,Vietnam,VN,,no,,,male,,0,0
KH10891,17486111,,,,,,,,,Vietnam,VN,,no,,,female,,0,0
KH10892,17486112,,,,,,,,,Vietnam,VN,,no,,,female,,0,0
KH10893,17486113,,,,,,,,,Vietnam,VN,,no,,,male,,0,0
KH10894,17486114,,,,,,,,,Vietnam,VN,,no,,,male,,0,0
KH10895,17486115,,,,,,,,,Vietnam,VN,,no,,,female,,0,0
KH10896,17486116,,,,,,,,,Vietnam,VN,,no,,,other,,0,0
KH10897,17486117,,,,,,,,,Vietnam,VN,,no,,,male,,0,0
KH10898,17486118,,,,,,,,,Vietnam,VN,,no,,,male,,0,0
KH10899,17486119,,,,,,,,,Vietnam,VN,,no,,,male,,0,0
KH10900,17486120,,,,,,,,,Vietnam,VN,,no,,,female,,0,0
KH10901,17486121,,,,,,,,,Vietnam,VN,,no,,,male,,0,0
KH10902,17486122,,,,,,,,,Vietnam,VN,,no,,,male,,0,0
KH10903,17486123,,,,,,,,,Vietnam,VN,,no,,,male,,0,0
KH10904,17486124,,,,,,,,,Vietnam,VN,,no,,,male,,0,0
KH10905,17486125,,,,,,,,,Vietnam,VN,,no,,,other,,0,0
KH10906,17486126,,,,,,,,,Vietnam,VN,,no,,,male,,0,0
KH10907,17486127,,,,,,,,,Vietnam,VN,,no,,,male,,0,0
KH10908,17486128,,,,,,,,,Vietnam,VN,,no,,,male,,0,0
KH10909,17486129,,,,,,,,,Vietnam,VN,,no,,,male,,0,0
KH10910,17486130,,,,,,,,,Vietnam,VN,,no,,,male,,0,0
KH10911,17486131,,,,,,,,,Vietnam,VN,,no,,,female,,0,0
KH10912,17486132,,,,,,,,,Vietnam,VN,,no,,,male,,770000,1
KH10913,17486133,ANH ĐĂNG KHOA,,,,,,,,Vietnam,VN,,no,,,male,,0,0
KH10914,17486134,,,,,,,,,Vietnam,VN,,no,,,male,,0,0
KH10915,17486135,,,,,,,,,Vietnam,VN,,no,,,male,,0,0
KH10916,17486136,,,,,,,,,Vietnam,VN,,no,,,female,,0,0
KH10917,17486137,,,,,,,,,Vietnam,VN,,no,,,male,,0,0
KH10918,17486138,,,,,,,,,Vietnam,VN,,no,,,male,,0,0
KH10919,17486139,,,,,,,,,Vietnam,VN,,no,,,male,,0,0
KH10920,17486140,,,,,,,,,Vietnam,VN,,no,,,male,,0,0
KH10921,17486141,,,,,,,,,Vietnam,VN,,no,,,male,,0,0
KH10922,17486142,,,,,,,,,Vietnam,VN,,no,,,female,,0,0
KH10923,17486143,,,,,,,,,Vietnam,VN,,no,,,male,,0,0
KH10924,17486144,,,,,,,,,Vietnam,VN,,no,,,male,,0,0
KH10925,17486145,,,,,,,,,Vietnam,VN,,no,,,other,,0,0
KH10926,17486146,,,,,,,,,Vietnam,VN,,no,,,other,,6000000,4
KH10927,17486147,,,,,,,,,Vietnam,VN,,no,,,female,,0,0
KH10928,17486148,,,,,,,,,Vietnam,VN,,no,,,male,,0,0
KH10929,17486149,,,,,,,,,Vietnam,VN,,no,,,male,,0,0
KH10930,17486150,,,,,,,,,Vietnam,VN,,no,sapo_social,,male,,5689000,3
KH10931,17486151,,,,,,,,,Vietnam,VN,,no,,,male,,0,0
KH10932,17486152,,,,,,,,,Vietnam,VN,,no,,,male,,0,0
KH10933,17486153,,,,,,,,,Vietnam,VN,,no,sapo_social,,female,,1273500,2
KH10934,17486154,,,,,,,,,Vietnam,VN,,no,,,male,,0,0
KH10935,17486155,,,,,,,,,Vietnam,VN,,no,,,male,,0,0
KH10936,17486156,,,,,,,,,Vietnam,VN,,no,,,male,,0,0
KH10937,17486157,,,,,,,,,Vietnam,VN,,no,,,female,,0,0
KH10938,17486158,,,,,,,,,Vietnam,VN,,no,,,female,,0,0
KH10939,17486159,,,,,,,,,Vietnam,VN,,no,,,female,,0,0
KH10940,17486160,,,,,,,,,Vietnam,VN,,no,,,male,,0,0
KH10941,17486161,,,,,,,,,Vietnam,VN,,no,,,female,,0,0
KH10942,17486162,,,,,,,,,Vietnam,VN,,no,,,male,,1329000,2
KH10943,17486163,,,,,,,,,Vietnam,VN,,no,,,male,,0,0
KH10944,17486164,,,,,,,,,Vietnam,VN,,no,,,male,,0,0
KH10945,17486165,,,,,,,,,Vietnam,VN,,no,,,female,,0,0
KH10946,17486166,,,,,,,,,Vietnam,VN,,no,,,male,,0,0
KH10947,17486167,,,,,,,,,Vietnam,VN,,no,,,other,,1190000,1
KH10948,17486168,,,,,,,,,Vietnam,VN,,no,,,other,,0,0
KH10949,17486169,,,,,,,,,Vietnam,VN,,no,,,other,,0,0
KH10950,17486170,,,,,,,,,Vietnam,VN,,no,,,male,,0,0
KH10951,17486171,,,,,,,,,Vietnam,VN,,no,,,male,,0,0
KH10952,17486172,,,,,,,,,Vietnam,VN,,no,,,other,,0,0
KH10953,17486173,,,,,,,,,Vietnam,VN,,no,,,male,,0,0
KH10954,17486174,,,,,,,,,Vietnam,VN,,no,,,other,,0,0
KH10955,17486175,,,,,,,,,Vietnam,VN,,no,,,male,,0,0
KH10956,17486176,,,,,,,,,Vietnam,VN,,no,,,other,,0,0
KH10957,17486177,,,,,,,,,Vietnam,VN,,no,,,female,,0,0
KH10958,17486178,,,,,,,,,Vietnam,VN,,no,,,female,,0,0
KH10959,17486179,,,,,,,,,Vietnam,VN,,no,,,male,,0,0
KH10960,17486180,,,,,,,,,Vietnam,VN,,no,,,male,,0,0
KH10961,17486181,,,,,,,,,Vietnam,VN,,no,,,female,,0,0
KH10962,17486182,,,,,,,,,Vietnam,VN,,no,,,male,,0,0
KH10963,17486183,,,,,,,,,Vietnam,VN,,no,,,other,,0,0
KH10964,17486184,,,,,,,,,Vietnam,VN,,no,,,male,,0,0
KH10965,17486185,,,,,,,,,Vietnam,VN,,no,,,female,,0,0
KH10966,17486186,,,,,,,,,Vietnam,VN,,no,,,male,,0,0
KH10967,17486187,,,,,,,,,Vietnam,VN,,no,,,female,,0,0
KH10968,17486188,,,,,,,,,Vietnam,VN,,no,,,male,,0,0
KH10969,17486189,,,,,,,,,Vietnam,VN,,no,,,female,,0,0
KH10970,17486190,,,,,,,,,Vietnam,VN,,no,,,male,,0,0
KH10971,17486191,,,,,,,,,Vietnam,VN,,no,,,male,,0,0
KH10972,17486192,,,,,,,,,Vietnam,VN,,no,,,other,,0,0
KH10973,17486193,,,,,,,,,Vietnam,VN,,no,,,male,,0,0
KH10974,17486194,,,,,,,,,Vietnam,VN,,no,,,female,,0,0
KH10975,17486195,,,,,,,,,Vietnam,VN,,no,,,male,,0,0
KH10976,17486196,,,,,,,,,Vietnam,VN,,no,,,male,,0,0
KH10977,17486197,,,,,,,,,Vietnam,VN,,no,,,male,,0,0
KH10978,17486198,,,,,,,,,Vietnam,VN,,no,,,male,,0,0
KH10979,17486199,,,,,,,,,Vietnam,VN,,no,,,other,,0,0
KH10980,17486200,,,,,,,,,Vietnam,VN,,no,,,female,,0,0
KH10981,17486201,,,,,,,,,Vietnam,VN,,no,,,male,,0,0
KH10982,17486202,,,,,,,,,Vietnam,VN,,no,,,male,,0,0
KH10983,17486203,,,,,,,,,Vietnam,VN,,no,,,female,,0,0
KH10984,17486204,,,,,,,,,Vietnam,VN,,no,,,male,,4636000,12
KH10985,17486205,,,,,,,,,Vietnam,VN,,no,,,male,,0,0
KH10986,17486206,,,,,,,,,Vietnam,VN,,no,,,male,,0,0
KH10987,17486207,,,,,,,,,Vietnam,VN,,no,,,male,,0,0
KH10988,17486208,,,,,,,,,Vietnam,VN,,no,,,male,,0,0
KH10989,17486209,,,,,,,,,Vietnam,VN,,no,,,female,,0,0
KH10990,17486210,,,,,,,,,Vietnam,VN,,no,,,male,,0,0
KH10991,17486211,,,,,,,,,Vietnam,VN,,no,,,female,,0,0
KH10992,17486212,,,,,,,,,Vietnam,VN,,no,,,male,,0,0
KH10993,17486213,,,,,,,,,Vietnam,VN,,no,,,male,,0,0
KH10994,17486214,,,,,,,,,Vietnam,VN,,no,,,male,,0,0
KH10995,17486215,,,,,,,,,Vietnam,VN,,no,,,male,,0,0
KH10996,17486216,,,,,,,,,Vietnam,VN,,no,,,female,,0,0
KH10997,17486217,,,,,,,,,Vietnam,VN,,no,,,male,,0,0
KH10998,17486218,,,,,,,,,Vietnam,VN,,no,,,male,,0,0
KH10999,17486219,,,,,,,,,Vietnam,VN,,no,,,male,,0,0
KH11000,17486220,,,,,,,,,Vietnam,VN,,no,,,female,,0,0
KH11001,17486221,,,,,,,,,Vietnam,VN,,no,,,female,,0,0
KH11002,17486222,,,,,,,,,Vietnam,VN,,no,,,female,,0,0
KH11003,17486223,,,,,,,,,Vietnam,VN,,no,,,male,,0,0
KH11004,17486224,,,,,,,,,Vietnam,VN,,no,,,male,,0,0
KH11005,17486225,,,,,,,,,Vietnam,VN,,no,,,female,,1740000,1
KH11006,17486226,,,,,,,,,Vietnam,VN,,no,,,male,,0,0
KH11007,17486227,,,,,,,,,Vietnam,VN,,no,,,other,,0,0
KH11008,17486228,,,,,,,,,Vietnam,VN,,no,,,other,,0,0
KH11009,17486229,,,,,,,,,Vietnam,VN,,no,,,male,,0,0
KH11010,17486230,,,,,,,,,Vietnam,VN,,no,,,female,,0,0
KH11011,17486231,,,,,,,,,Vietnam,VN,,no,,,male,,0,0
KH11012,17486232,,,,,,,,,Vietnam,VN,,no,,,male,,0,0
KH11013,17486233,,,,,,,,,Vietnam,VN,,no,,,male,,0,0
KH11014,17486234,,,,,,,,,Vietnam,VN,,no,,,female,,0,0
KH11015,17486235,,,,,,,,,Vietnam,VN,,no,,,female,,0,0
KH11016,17486236,,,,,,,,,Vietnam,VN,,no,,,female,,0,0
KH11017,17486237,,,,,,,,,Vietnam,VN,,no,,,male,,0,0
KH11018,17486238,,,,,,,,,Vietnam,VN,,no,,,other,,0,0
KH11019,17486239,,,,,,,,,Vietnam,VN,,no,,,male,,0,0
KH11020,17486240,,,,,,,,,Vietnam,VN,,no,,,other,,0,0
KH11021,17486241,,,,,,,,,Vietnam,VN,,no,,,male,,0,0
KH11022,17486242,,,,,,,,,Vietnam,VN,,no,,,male,,0,0
KH11023,17486243,,,,,,,,,Vietnam,VN,,no,,,female,,0,0
KH11024,17486244,,,,,,,,,Vietnam,VN,,no,,,male,,1030000,2
KH11025,17486245,,,,,,,,,Vietnam,VN,,no,,,female,,0,0
KH11026,17486246,,,,,,,,,,,,no,,,female,,0,0
KH11027,17486247,,,,,,,,,Vietnam,VN,,no,,,male,,0,0
KH11028,17486248,,,,,,,,,Vietnam,VN,,no,,,male,,0,0
KH11029,17486249,,,,,,,,,Vietnam,VN,,no,,,male,,0,0
KH11030,17486250,,,,,,,,,Vietnam,VN,,no,,,female,,0,0
KH11031,17486251,,,,,,,,,Vietnam,VN,,no,,,male,,0,0
KH11032,17486252,,,,,,,,,Vietnam,VN,,no,,,male,,0,0
KH11033,17486253,,,,,,,,,Vietnam,VN,,no,,,other,,0,0
KH11034,17486254,,,,,,,,,Vietnam,VN,,no,,,female,,0,0
KH11035,17486255,,,,,,,,,Vietnam,VN,,no,,,female,,0,0
KH11036,17486256,,,,,,,,,Vietnam,VN,,no,,,female,,0,0
KH11037,17486257,,,,,,,,,Vietnam,VN,,no,,,male,,0,0
KH11038,17486258,,,,,,,,,Vietnam,VN,,no,,,male,,0,0
KH11039,17486259,,,,,,,,,Vietnam,VN,,no,,,male,,0,0
KH11040,17486260,,,,,,,,,Vietnam,VN,,no,,,male,,0,0
KH11041,17486261,,,,,,,,,Vietnam,VN,,no,,,male,,0,0
KH11042,17486262,,,,,,,,,Vietnam,VN,,no,,,male,,0,0
KH11043,17486263,,,,,,,,,Vietnam,VN,,no,,,other,,0,0
KH11044,17486264,,,,,,,,,Vietnam,VN,,no,,,female,,0,0
KH11045,17486265,,,,,,,,,Vietnam,VN,,no,,,female,,0,0
KH11046,17486266,,,,,,,,,Vietnam,VN,,no,,,other,,0,0
KH11047,17486267,,,,,,,,,,,,no,,,male,,0,0
KH11048,17486268,,,,,,,,,Vietnam,VN,,no,,,male,,0,0
KH11049,17486269,,,,,,,,,Vietnam,VN,,no,,,male,,0,0
KH11050,17486270,,,,,,,,,Vietnam,VN,,no,,,female,,0,0
KH11051,17486271,,,,,,,,,Vietnam,VN,,no,,,male,,0,0
KH11052,17486272,,,,,,,,,Vietnam,VN,,no,,,other,,0,0
KH11053,17486273,,,,,,,,,Vietnam,VN,,no,,,female,,0,0
KH11054,17486274,,,,,,,,,Vietnam,VN,,no,,,female,,0,0
KH11055,17486275,,,,,,,,,Vietnam,VN,,no,,,male,,0,0
KH11056,17486276,,,,,,,,,Vietnam,VN,,no,,,male,,0,0
KH11057,17486277,,,,,,,,,Vietnam,VN,,no,,,male,,0,0
KH11058,17486278,,,,,,,,,Vietnam,VN,,no,,,female,,800000,1
KH11059,17486279,,,,,,,,,Vietnam,VN,,no,,,other,,0,0
KH11060,17486280,,,,,,,,,Vietnam,VN,,no,,,male,,0,0
KH11061,17486281,,,,,,,,,Vietnam,VN,,no,,,other,,0,0
KH11062,17486282,,,,,,,,,Vietnam,VN,,no,,,male,,0,0
KH11063,17486283,,,,,,,,,Vietnam,VN,,no,,,female,,0,0
KH11064,17486284,,,,,,,,,Vietnam,VN,,no,,,male,,0,0
KH11065,17486285,,,,,,,,,Vietnam,VN,,no,,laphroaig Bowmore,male,,0,0
KH11066,17486286,,,,,,,,,Vietnam,VN,,no,,,female,,0,0
KH11067,17486287,,,,,,,,,Vietnam,VN,,no,,,male,,0,0
KH11068,17486288,,,,,,,,,Vietnam,VN,,no,,,other,,0,0
KH11069,17486289,,,,,,,,,Vietnam,VN,,no,,,male,,0,0
KH11070,17486290,,,,,,,,,Vietnam,VN,,no,,,male,,0,0
KH11071,17486291,,,,,,,,,Vietnam,VN,,no,,,male,,3120000,1
KH11072,17486292,,,,,,,,,Vietnam,VN,,no,,,male,,0,0
KH11073,17486293,,,,,,,,,Vietnam,VN,,no,,,male,,0,0
KH11074,17486294,,,,,,,,,Vietnam,VN,,no,,,female,,0,0
KH11075,17486295,,,,,,,,,Vietnam,VN,,no,,,male,,0,0
KH11076,17486296,,,,,,,,,Vietnam,VN,,no,,,male,,0,0
KH11077,17486297,,,,,,,,,Vietnam,VN,,no,,,male,,0,0
KH11078,17486298,,,,,,,,,Vietnam,VN,,no,,,female,,0,0
KH11079,17486299,,,,,,,,,Vietnam,VN,,no,,,other,,0,0
KH11080,17486300,,,,,,,,,Vietnam,VN,,no,,,other,,0,0
KH11081,17486301,,,,,,,,,Vietnam,VN,,no,,,male,,0,0
KH11082,17486302,,,,,,,,,Vietnam,VN,,no,,,male,,0,0
KH11083,17486303,,,,,,,,,Vietnam,VN,,no,,,female,,0,0
KH11084,17486304,,,,,,,,,Vietnam,VN,,no,,,other,,0,0
KH11085,17486305,,,,,,,,,Vietnam,VN,,no,,,other,,0,0
KH11086,17486306,,,,,,,,,Vietnam,VN,,no,,,other,,0,0
KH11087,17486307,,,,,,,,,Vietnam,VN,,no,,,other,,0,0
KH11088,17486308,,,,,,,,,Vietnam,VN,,no,,,other,,1025000,2
KH11089,17486309,,,,,,,,,Vietnam,VN,,no,,,female,,0,0
KH11090,17486310,,,,,,,,,Vietnam,VN,,no,,,male,,0,0
KH11091,17486311,,,,,,,,,Vietnam,VN,,no,,,male,,0,0
KH11092,17486312,,,,,,,,,Vietnam,VN,,no,,,male,,0,0
KH11093,17486313,,,,,,,,,Vietnam,VN,,no,,,female,,0,0
KH11094,17486314,,,,,,,,,Vietnam,VN,,no,,,male,,0,0
KH11095,17486315,,,,,,,,,Vietnam,VN,,no,,,male,,1500000,1
KH11096,17486316,,,,,,,,,Vietnam,VN,,no,,,male,,475000,1
KH11097,17486317,,,,,,,,,Vietnam,VN,,no,,,female,,0,0
KH11098,17486318,,,,,,,,,Vietnam,VN,,no,,,female,,0,0
KH11099,17486319,,,,,,,,,Vietnam,VN,,no,,,female,,0,0
KH11100,17486320,,,,,,,,,Vietnam,VN,,no,,,other,,0,0
KH11101,17486321,,,,,,,,,Vietnam,VN,,no,,,other,,0,0
KH11102,17486322,,,,,,,,,Vietnam,VN,,no,,,female,,0,0
KH11103,17486323,,,,,,,,,Vietnam,VN,,no,sapo_social,,male,,2340000,2
KH11104,17486324,,,,,,,,,Vietnam,VN,,no,,,female,,0,0
KH11105,17486325,,,,,,,,,Vietnam,VN,,no,,,male,,0,0
KH11106,17486326,,,,,,,,,Vietnam,VN,,no,,,male,,0,0
KH11107,17486327,,,,,,,,,Vietnam,VN,,no,,,male,,0,0
KH11108,17486328,,,,,,,,,Vietnam,VN,,no,,,male,,0,0
KH11109,17486329,,,,,,,,,Vietnam,VN,,no,,,other,,0,0
KH11110,17486330,,,,,,,,,Vietnam,VN,,no,,,female,,0,0
KH11111,17486331,,,,,,,,,Vietnam,VN,,no,,,male,,0,0
KH11112,17486332,,,,,,,,,Vietnam,VN,,no,,,male,,0,0
KH11113,17486333,,,,,,,,,Vietnam,VN,,no,,,female,,0,0
KH11114,17486334,,,,,,,,,Vietnam,VN,,no,,,male,,7516400,3
KH11115,17486335,,,,,,,,,Vietnam,VN,,no,,,male,,0,0
KH11116,17486336,,,,,,,,,Vietnam,VN,,no,,,male,,0,0
KH11117,17486337,,,,,,,,,Vietnam,VN,,no,,,male,,0,0
KH11118,17486338,,,,,,,,,Vietnam,VN,,no,,,male,,0,0
KH11119,17486339,,,,,,,,,Vietnam,VN,,no,,,male,,0,0
KH11120,17486340,,,,,,,,,Vietnam,VN,,no,,,male,,0,0
KH11121,17486341,,,,,,,,,Vietnam,VN,,no,,,female,,0,0
KH11122,17486342,,,,,,,,,Vietnam,VN,,no,,,male,,0,0
KH11123,17486343,,,,,,,,,Vietnam,VN,,no,,,male,,0,0
KH11124,17486344,,,,,,,,,Vietnam,VN,,no,,,male,,0,0
KH11125,17486345,,,,,,,,,Vietnam,VN,,no,,,male,,0,0
KH11126,17486346,,,,,,,,,Vietnam,VN,,no,,,female,,0,0
KH11127,17486347,,,,,,,,,Vietnam,VN,,no,,,female,,0,0
KH11128,17486348,,,,,,,,,Vietnam,VN,,no,,,female,,0,0
KH11129,17486349,,,,,,,,,Vietnam,VN,,no,,,male,,0,0
KH11130,17486350,,,,,,,,,Vietnam,VN,,no,,,female,,0,0
KH11131,17486351,,,,,,,,,Vietnam,VN,,no,,,male,,0,0
KH11132,17486352,,,,,,,,,Vietnam,VN,,no,,,female,,0,0
KH11133,17486353,,,,,,,,,Vietnam,VN,,no,,,female,,0,0
KH11134,17486354,,,,,,,,,Vietnam,VN,,no,,,male,,0,0
KH11135,17486355,,,,,,,,,Vietnam,VN,,no,,,male,,0,0
KH11136,17486356,,,,,,,,,Vietnam,VN,,no,,,female,,0,0
KH11137,17486357,,,,,,,,,Vietnam,VN,,no,,,female,,0,0
KH11138,17486358,,,,,,,,,Vietnam,VN,,no,,,male,,0,0
KH11139,17486359,,,,,,,,,Vietnam,VN,,no,,,female,,0,0
KH11140,17486360,,,,,,,,,Vietnam,VN,,no,,,other,,0,0
KH11141,17486361,,,,,,,,,Vietnam,VN,,no,,,male,,0,0
KH11142,17486362,,,,,,,,,Vietnam,VN,,no,,,male,,0,0
KH11143,17486363,,,,,,,,,Vietnam,VN,,no,,,male,,616000,1
KH11144,17486364,,,,,,,,,Vietnam,VN,,no,,,female,,0,0
KH11145,17486365,,,,,,,,,Vietnam,VN,,no,,,other,,0,0
KH11146,17486366,,,,,,,,,Vietnam,VN,,no,,,other,,0,0
KH11147,17486367,,,,,,,,,Vietnam,VN,,no,,,female,,425000,2
KH11148,17486368,,,,,,,,,Vietnam,VN,,no,,,female,,0,0
KH11149,17486369,,,,,,,,,Vietnam,VN,,no,,,female,,0,0
KH11150,17486370,,,,,,,,,Vietnam,VN,,no,,,other,,0,0
KH11151,17486371,,,,,,,,,Vietnam,VN,,no,,,female,,0,0
KH11152,17486372,,,,,,,,,Vietnam,VN,,no,,,male,,1210000,1
KH11153,17486373,,,,,,,,,Vietnam,VN,,no,,,male,,0,0
KH11154,17486374,,,,,,,,,Vietnam,VN,,no,,,male,,0,0
KH11155,17486375,,,,,,,,,Vietnam,VN,,no,,,other,,0,0
KH11156,17486376,,,,,,,,,Vietnam,VN,,no,,,other,,0,0
KH11157,17486377,,,,,,,,,Vietnam,VN,,no,,,female,,0,0
KH11158,17486378,,,,,,,,,Vietnam,VN,,no,,,male,,0,0
KH11159,17486379,,,,,,,,,Vietnam,VN,,no,,,female,,0,0
KH11160,17486380,,,,,,,,,Vietnam,VN,,no,,,other,,4026000,3
KH11161,17486381,,,,,,,,,Vietnam,VN,,no,,,other,,0,0
KH11162,17486382,,,,,,,,,Vietnam,VN,,no,,,male,,0,0
KH11163,17486383,,,,,,,,,Vietnam,VN,,no,,,other,,0,0
KH11164,17486384,,,,,,,,,Vietnam,VN,,no,,,male,,0,0
KH11165,17486385,,,,,,,,,Vietnam,VN,,no,,,female,,0,0
KH11166,17486386,,,,,,,,,Vietnam,VN,,no,,,male,,0,0
KH11167,17486387,,,,,,,,,Vietnam,VN,,no,,,female,,0,0
KH11168,17486388,,,,,,,,,Vietnam,VN,,no,,,male,,0,0
KH11169,17486389,,,,,,,,,Vietnam,VN,,no,,,male,,3030000,3
KH11170,17486390,,,,,,,,,Vietnam,VN,,no,,,female,,0,0
KH11171,17486391,,,,,,,,,Vietnam,VN,,no,,,other,,0,0
KH11172,17486392,,,,,,,,,Vietnam,VN,,no,,,other,,0,0
KH11173,17486393,,,,,,,,,Vietnam,VN,,no,,,other,,0,0
KH11174,17486394,,,,,,,,,Vietnam,VN,,no,,,other,,0,0
KH11175,17486395,,,,,,,,,Vietnam,VN,,no,,,other,,0,0
KH11176,17486396,,,,,,,,,Vietnam,VN,,no,,,male,,0,0
KH11177,17486397,,,,,,,,,Vietnam,VN,,no,,,other,,0,0
KH11178,17486398,,,,,,,,,Vietnam,VN,,no,,,female,,0,0
KH11179,17486399,,,,,,,,,Vietnam,VN,,no,,,other,,0,0
KH11180,17486400,,,,,,,,,Vietnam,VN,,no,,,other,,0,0
KH11181,17486401,,,,,,,,,Vietnam,VN,,no,,,other,,0,0
KH11182,17486402,,,,,,,,,Vietnam,VN,,no,,,male,,0,0
KH11183,17486403,,,,,,,,,Vietnam,VN,,no,,,female,,0,0
KH11184,17486404,,,,,,,,,Vietnam,VN,,no,,,male,,0,0
KH11185,17486405,,,,,,,,,Vietnam,VN,,no,,,male,,0,0
KH11186,17486406,,,,,,,,,Vietnam,VN,,no,,,female,,0,0
KH11187,17486407,,,,,,,,,Vietnam,VN,,no,,,male,,0,0
KH11188,17486408,,,,,,,,,Vietnam,VN,,no,,,male,,0,0
KH11189,17486409,,,,,,,,,Vietnam,VN,,no,,,male,,0,0
KH11190,17486410,,,,,,,,,Vietnam,VN,,no,,,male,,0,0
KH11191,17486411,,,,,,,,,Vietnam,VN,,no,,,female,,0,0
KH11192,17486412,,,,,,,,,Vietnam,VN,,no,,,female,,0,0
KH11193,17486413,,,,,,,,,Vietnam,VN,,no,,,female,,0,0
KH11194,17486414,,,,,,,,,Vietnam,VN,,no,,,female,,0,0
KH11195,17486415,,,,,,,,,Vietnam,VN,,no,,,male,,0,0
KH11196,17486416,,,,,,,,,Vietnam,VN,,no,,,other,,0,0
KH11197,17486417,,,,,,,,,Vietnam,VN,,no,,,female,,0,0
KH11198,17486418,,,,,,,,,Vietnam,VN,,no,,,other,,0,0
KH11199,17486419,,,,,,,,,Vietnam,VN,,no,,,male,,0,0
KH11200,17486420,,,,,,,,,Vietnam,VN,,no,,,male,,0,0
KH11201,17486421,,,,,,,,,Vietnam,VN,,no,,,female,,0,0
KH11202,17486422,,,,,,,,,Vietnam,VN,,no,,,male,,0,0
KH11203,17486423,,,,,,,,,Vietnam,VN,,no,,,male,,0,0
KH11204,17486424,,,,,,,,,Vietnam,VN,,no,,,other,,0,0
KH11205,17486425,,,,,,,,,Vietnam,VN,,no,,,other,,0,0
KH11206,17486426,,,,,,,,,Vietnam,VN,,no,,,male,,0,0
KH11207,17486427,,,,,,,,,Vietnam,VN,,no,,,female,,0,0
KH11208,17486428,,,,,,,,,Vietnam,VN,,no,,,female,,0,0
KH11209,17486429,,,,,,,,,Vietnam,VN,,no,,,male,,0,0
KH11210,17486430,,,,,,,,,Vietnam,VN,,no,,,male,,0,0
KH11211,17486431,,,,,,,,,Vietnam,VN,,no,,,male,,0,0
KH11212,17486432,,,,,,,,,Vietnam,VN,,no,,,female,,0,0
KH11213,17486433,,,,,,,,,Vietnam,VN,,no,,,male,,0,0
KH11214,17486434,,,,,,,,,Vietnam,VN,,no,,,other,,0,0
KH11215,17486435,,,,,,,,,Vietnam,VN,,no,,,other,,0,0
KH11216,17486436,,,,,,,,,Vietnam,VN,,no,,,male,,0,0
KH11217,17486437,,,,,,,,,Vietnam,VN,,no,,,female,,0,0
KH11218,17486438,,,,,,,,,Vietnam,VN,,no,,,female,,0,0
KH11219,17486439,,,,,,,,,Vietnam,VN,,no,,,male,,0,0
KH11220,17486440,,,,,,,,,Vietnam,VN,,no,,,other,,0,0
KH11221,17486441,,,,,,,,,Vietnam,VN,,no,,,male,,0,0
KH11222,17486442,,,,,,,,,Vietnam,VN,,no,,,male,,0,0
KH11223,17486443,,,,,,,,,Vietnam,VN,,no,,,female,,0,0
KH11224,17486444,,,,,,,,,Vietnam,VN,,no,,,other,,0,0
KH11225,17486445,,,,,,,,,Vietnam,VN,,no,,,other,,0,0
KH11226,17486446,,,,,,,,,Vietnam,VN,,no,,,other,,0,0
KH11227,17486447,,,,,,,,,Vietnam,VN,,no,,,other,,0,0
KH11228,17486448,,,,,,,,,Vietnam,VN,,no,,,male,,0,0
KH11229,17486449,,,,,,,,,Vietnam,VN,,no,,,female,,0,0
KH11230,17486450,,,,,,,,,Vietnam,VN,,no,,,female,,0,0
KH11231,17486451,,,,,,,,,Vietnam,VN,,no,,,male,,0,0
KH11232,17486452,,,,,,,,,Vietnam,VN,,no,,,female,,0,0
KH11233,17486454,,,,,,,,,Vietnam,VN,,no,,,other,,18710000,3
KH11234,17486455,,,,,,,,,Vietnam,VN,,no,,,male,,0,0
KH11235,17486456,,,,,,,,,Vietnam,VN,,no,,,female,,0,0
KH11236,17486457,,,,,,,,,Vietnam,VN,,no,,,male,,0,0
KH11237,17486458,,,,,,,,,Vietnam,VN,,no,,,female,,0,0
KH11238,17486459,,,,,,,,,Vietnam,VN,,no,,,female,,0,0
KH11239,17486460,,,,,,,,,Vietnam,VN,,no,,,female,,0,0
KH11240,17486461,,,,,,,,,Vietnam,VN,,no,,,other,,0,0
KH11241,17486462,,,,,,,,,Vietnam,VN,,no,,,female,,0,0
KH11242,17486463,,,,,,,,,Vietnam,VN,,no,,,male,,0,0
KH11243,17486464,,,,,,,,,Vietnam,VN,,no,,,male,,0,0
KH11244,17486465,,,,,,,,,Vietnam,VN,,no,,,male,,0,0
KH11245,17486466,,,,,,,,,Vietnam,VN,,no,,,other,,0,0
KH11246,17486467,,,,,,,,,Vietnam,VN,,no,,,other,,0,0
KH11247,17486468,,,,,,,,,Vietnam,VN,,no,,,female,,0,0
KH11248,17486469,,,,,,,,,Vietnam,VN,,no,,,other,,0,0
KH11249,17486470,,,,,,,,,Vietnam,VN,,no,,,male,,0,0
KH11250,17486471,,,,,,,,,Vietnam,VN,,no,,,female,,0,0
KH11251,17486472,,,,,,,,,,,,no,,,female,,0,0
KH11252,17486473,,,,,,,,,Vietnam,VN,,no,,,male,,0,0
KH11253,17486474,,,,,,,,,Vietnam,VN,,no,,,male,,0,0
KH11254,17486475,,,,,,,,,Vietnam,VN,,no,,,female,,0,0
KH11255,17486476,,,,,,,,,Vietnam,VN,,no,,,male,,0,0
KH11256,17486477,,,,,,,,,Vietnam,VN,,no,,,male,,0,0
KH11257,17486478,,,,,,,,,Vietnam,VN,,no,,,other,,0,0
KH11258,17486479,,,,,,,,,Vietnam,VN,,no,,,female,,0,0
KH11259,17486480,,,,,,,,,Vietnam,VN,,no,,,female,,0,0
KH11260,17486481,,,,,,,,,Vietnam,VN,,no,,,female,,0,0
KH11261,17486482,,,,,,,,,Vietnam,VN,,no,,,other,,0,0
KH11262,17486483,,,,,,,,,Vietnam,VN,,no,,,female,,0,0
KH11263,17486484,,,,,,,,,Vietnam,VN,,no,,,female,,0,0
KH11264,17486485,,,,,,,,,Vietnam,VN,,no,,,female,,0,0
KH11265,17486486,,,,,,,,,Vietnam,VN,,no,,,female,,0,0
KH11266,17486487,,,,,,,,,Vietnam,VN,,no,,,female,,0,0
KH11267,17486488,,,,,,,,,Vietnam,VN,,no,,,other,,0,0
KH11268,17486489,,,,,,,,,Vietnam,VN,,no,,,other,,820000,1
KH11269,17486490,,,,,,,,,Vietnam,VN,,no,,,male,,0,0
KH11270,17486491,,,,,,,,,Vietnam,VN,,no,,,female,,0,0
KH11271,17486492,,,,,,,,,Vietnam,VN,,no,,,female,,1290000,3
KH11272,17486493,,,,,,,,,Vietnam,VN,,no,,,female,,0,0
KH11273,17486494,,,,,,,,,Vietnam,VN,,no,,,other,,15785000,2
KH11274,17486495,,,,,,,,,Vietnam,VN,,no,,,male,,2555000,4
KH11275,17486496,,,,,,,,,Vietnam,VN,,no,,,female,,0,0
KH11276,17486497,,,,,,,,,Vietnam,VN,,no,,,male,,0,0
KH11277,17486498,,,,,,,,,Vietnam,VN,,no,,,male,,0,0
KH11278,17486499,,,,,,,,,Vietnam,VN,,no,,,male,,0,0
KH11279,17486500,,,,,,,,,Vietnam,VN,,no,,,male,,0,0
KH11280,17486501,,,,,,,,,Vietnam,VN,,no,,,male,,3100000,1
KH11281,17486502,,,,,,,,,Vietnam,VN,,no,,,male,,47570000,2
KH11282,17486503,,,,,,,,,Vietnam,VN,,no,,,other,,0,0
KH11283,17486504,,,,,,,,,Vietnam,VN,,no,,,male,,0,0
KH11284,17486505,,,,,,,,,Vietnam,VN,,no,,,female,,0,0
KH11285,17486506,,,,,,,,,Vietnam,VN,,no,,,female,,0,0
KH11286,17486507,,,,,,,,,Vietnam,VN,,no,,,other,,0,0
KH11287,17486508,,,,,,,,,Vietnam,VN,,no,,,male,,0,0
KH11288,17486509,,,,,,,,,Vietnam,VN,,no,,,other,,0,0
KH11289,17486510,,,,,,,,,Vietnam,VN,,no,,,other,,0,0
KH11290,17486511,,,,,,,,,Vietnam,VN,,no,,,other,,3350000,1
KH11291,17486512,,,,,,,,,Vietnam,VN,,no,,,male,,0,0
KH11292,17486513,,,,,,,,,Vietnam,VN,,no,,,male,,0,0
KH11293,17486514,,,,,,,,,Vietnam,VN,,no,,,male,,0,0
KH11294,17486515,,,,,,,,,Vietnam,VN,,no,,,male,,0,0
KH11295,17486516,,,,,,,,,Vietnam,VN,,no,,,male,,0,0
KH11296,17486517,,,,,,,,,Vietnam,VN,,no,,,male,,0,0
KH11297,17486518,,,,,,,,,Vietnam,VN,,no,,,other,,0,0
KH11298,17486519,,,,,,,,,Vietnam,VN,,no,,,other,,0,0
KH11299,17486520,,,,,,,,,Vietnam,VN,,no,,,male,,1680000,1
KH11300,17486521,,,,,,,,,Vietnam,VN,,no,,,other,,0,0
KH11301,17486522,,,,,,,,,Vietnam,VN,,no,,,other,,2080000,2
KH11302,17486523,,,,,,,,,Vietnam,VN,,no,,,other,,0,0
KH11303,17486524,,,,,,,,,Vietnam,VN,,no,,,female,,0,0
KH11304,17486525,,,,,,,,,Vietnam,VN,,no,,,male,,0,0
KH11305,17486526,,,,,,,,,Vietnam,VN,,no,,,male,,0,0
KH11306,17486527,,,,,,,,,Vietnam,VN,,no,,,male,,0,0
KH11307,17486528,,,,,,,,,Vietnam,VN,,no,,,male,,0,0
KH11308,17486529,,,,,,,,,Vietnam,VN,,no,,,other,,0,0
KH11309,17486530,,,,,,,,,Vietnam,VN,,no,,,other,,0,0
KH11310,17486531,,,,,,,,,Vietnam,VN,,no,,,other,,0,0
KH11311,17486532,,,,,,,,,Vietnam,VN,,no,,,other,,0,0
KH11312,17486533,,,,,,,,,Vietnam,VN,,no,,,other,,0,0
KH11313,17486534,,,,,,,,,Vietnam,VN,,no,,,other,,0,0
KH11314,17486535,,,,,,,,,Vietnam,VN,,no,,,other,,0,0
KH11315,17486536,,,,,,,,,Vietnam,VN,,no,,,other,,0,0
KH11316,17486537,,,,,,,,,Vietnam,VN,,no,,,male,,0,0
KH11317,17486538,,,,,,,,,Vietnam,VN,,no,,,male,,0,0
KH11318,17486539,,,,,,,,,Vietnam,VN,,no,,,male,,0,0
KH11319,17486540,,,,,,,,,Vietnam,VN,,no,,Khách của chị Trang,male,,0,0
KH11320,17486541,,,,,,,,,Vietnam,VN,,no,,,male,,0,0
KH11321,17486542,,,,,,,,,Vietnam,VN,,no,,,other,,0,0
KH11322,17486543,,,,,,,,,Vietnam,VN,,no,,,female,,0,0
KH11323,17486544,,,,,,,,,Vietnam,VN,,no,,,male,,0,0
KH11324,17486545,,,,,,,,,Vietnam,VN,,no,,,male,,880000,1
KH11325,17486546,,,,,,,,,Vietnam,VN,,no,,,male,,1050000,1
KH11326,17486547,,,,,,,,,Vietnam,VN,,no,,,male,,0,0
KH11327,17486548,,,,,,,,,Vietnam,VN,,no,,,male,,0,0
KH11328,17486549,,,,,,,,,Vietnam,VN,,no,,,other,,0,0
KH11329,17486550,,,,,,,,,Vietnam,VN,,no,sapo_social,,female,,0,0
KH11330,17486551,,,,,,,,,Vietnam,VN,,no,,,other,,0,0
KH11331,17486552,,,,,,,,,Vietnam,VN,,no,,,other,,0,0
KH11332,17486553,,,,,,,,,Vietnam,VN,,no,,,other,,0,0
KH11333,17486554,,,,,,,,,Vietnam,VN,,no,,,male,,0,0
KH11334,17486555,,,,,,,,,Vietnam,VN,,no,,,female,,0,0
KH11335,17486556,,,,,,,,,Vietnam,VN,,no,,,female,,0,0
KH11336,17486557,,,,,,,,,Vietnam,VN,,no,,,male,,0,0
KH11337,17486558,,,,,,,,,Vietnam,VN,,no,,,female,,0,0
KH11338,17486559,,,,,,,,,Vietnam,VN,,no,,,male,,0,0
KH11339,17486560,,,,,,,,,Vietnam,VN,,no,,,male,,0,0
KH11340,17486561,,,,,,,,,Vietnam,VN,,no,,,female,,0,0
KH11341,17486562,,,,,,,,,Vietnam,VN,,no,,,other,,0,0
KH11342,17486563,,,,,,,,,Vietnam,VN,,no,,,other,,0,0
KH11343,17486564,,,,,,,,,Vietnam,VN,,no,,,other,,2500000,1
KH11344,17486565,,,,,,,,,Vietnam,VN,,no,,,male,,0,0
KH11345,17486566,,,,,,,,,Vietnam,VN,,no,,,other,,0,0
KH11346,17486567,,,,,,,,,Vietnam,VN,,no,,,female,,0,0
KH11347,17486568,,,,,,,,,Vietnam,VN,,no,,,female,,0,0
KH11348,17486569,,,,,,,,,Vietnam,VN,,no,,,female,,0,0
KH11349,17486570,,,,,,,,,Vietnam,VN,,no,,,male,,0,0
KH11350,17486571,,,,,,,,,Vietnam,VN,,no,,,other,,0,0
KH11351,17486572,,,,,,,,,Vietnam,VN,,no,,,other,,0,0
KH11352,17486573,,,,,,,,,Vietnam,VN,,no,,,other,,0,0
KH11353,17486574,,,,,,,,,Vietnam,VN,,no,,,male,,0,0
KH11354,17486575,,,,,,,,,Vietnam,VN,,no,,,male,,0,0
KH11355,17486576,,,,,,,,,Vietnam,VN,,no,,,male,,0,0
KH11356,17486577,,,,,,,,,Vietnam,VN,,no,,,male,,0,0
KH11357,17486578,,,,,,,,,Vietnam,VN,,no,,,other,,0,0
KH11358,17486579,,,,,,,,,Vietnam,VN,,no,,,male,,0,0
KH11359,17486580,,,,,,,,,Vietnam,VN,,no,,,male,,0,0
KH11360,17486581,,,,,,,,,Vietnam,VN,,no,,,male,,0,0
KH11361,17486582,,,,,,,,,Vietnam,VN,,no,,,male,,0,0
KH11362,17486583,,,,,,,,,Vietnam,VN,,no,,,male,,0,0
KH11363,17486584,,,,,,,,,Vietnam,VN,,no,,,other,,0,0
KH11364,17486585,,,,,,,,,Vietnam,VN,,no,,,other,,0,0
KH11365,17486586,,,,,,,,,Vietnam,VN,,no,,,male,,0,0
KH11366,17486587,,,,,,,,,Vietnam,VN,,no,,,other,,2120000,1
KH11367,17486588,,,,,,,,,Vietnam,VN,,no,,,female,,0,0
KH11368,17486589,,,,,,,,,Vietnam,VN,,no,,,female,,0,0
KH11369,17486590,,,,,,,,,Vietnam,VN,,no,,,male,,0,0
KH11370,17486591,,,,,,,,,Vietnam,VN,,no,,,male,,600000,1
KH11371,17486592,,,,,,,,,Vietnam,VN,,no,,,female,,0,0
KH11372,17486593,,,,,,,,,Vietnam,VN,,no,,,female,,0,0
KH11373,17486594,,,,,,,,,Vietnam,VN,,no,,,male,,0,0
KH11374,17486595,,,,,,,,,Vietnam,VN,,no,,,male,,0,0
KH11375,17486596,,,,,,,,,Vietnam,VN,,no,,,male,,0,0
KH11376,17486597,,,,,,,,,Vietnam,VN,,no,,,other,,0,0
KH11377,17486598,,,,,,,,,Vietnam,VN,,no,,,other,,0,0
KH11378,17486599,,,,,,,,,Vietnam,VN,,no,,,other,,0,0
KH11379,17486600,,,,,,,,,Vietnam,VN,,no,,,other,,0,0
KH11380,17486601,,,,,,,,,Vietnam,VN,,no,,,male,,0,0
KH11381,17486602,,,,,,,,,Vietnam,VN,,no,,,other,,0,0
KH11382,17486603,,,,,,,,,Vietnam,VN,,no,,,male,,0,0
KH11383,17486604,,,,,,,,,Vietnam,VN,,no,,,female,,0,0
KH11384,17486605,,,,,,,,,Vietnam,VN,,no,,,male,,0,0
KH11385,17486606,,,,,,,,,Vietnam,VN,,no,,,female,,0,0
KH11386,17486607,,,,,,,,,Vietnam,VN,,no,,,female,,0,0
KH11387,17486608,,,,,,,,,Vietnam,VN,,no,,,male,,0,0
KH11388,17486609,,,,,,,,,Vietnam,VN,,no,,,male,,0,0
KH11389,17486610,,,,,,,,,Vietnam,VN,,no,,,female,,0,0
KH11390,17486611,,,,,,,,,Vietnam,VN,,no,,,male,,0,0
KH11391,17486612,,,,,,,,,Vietnam,VN,,no,,,male,,0,0
KH11392,17486613,,,,,,,,,Vietnam,VN,,no,,,male,,0,0
KH11393,17486614,,,,,,,,,Vietnam,VN,,no,,,male,,0,0
KH11394,17486615,,,,,,,,,Vietnam,VN,,no,,,female,,0,0
KH11395,17486616,,,,,,,,,Vietnam,VN,,no,,,male,,0,0
KH11396,17486617,,,,,,,,,Vietnam,VN,,no,,,female,,0,0
KH11397,17486618,,,,,,,,,Vietnam,VN,,no,,,female,,5178800,1
KH11398,17486619,,,,,,,,,Vietnam,VN,,no,,,male,,0,0
KH11399,17486620,,,,,,,,,Vietnam,VN,,no,,,male,,0,0
KH11400,17486621,,,,,,,,,Vietnam,VN,,no,,,other,,0,0
KH11401,17486622,,,,,,,,,Vietnam,VN,,no,,,other,,0,0
KH11402,17486623,,,,,,,,,Vietnam,VN,,no,,,male,,3130000,2
KH11403,17486624,,,,,,,,,Vietnam,VN,,no,,,female,,0,0
KH11404,17486625,,,,,,,,,Vietnam,VN,,no,,,male,,0,0
KH11405,17486626,,,,,,,,,Vietnam,VN,,no,,,other,,0,0
KH11406,17486627,,,,,,,,,Vietnam,VN,,no,,,other,,700000,2
KH11407,17486628,,,,,,,,,Vietnam,VN,,no,,,male,,0,0
KH11408,17486629,,,,,,,,,Vietnam,VN,,no,,,male,,0,0
KH11409,17486630,,,,,,,,,Vietnam,VN,,no,,,female,,0,0
KH11410,17486631,,,,,,,,,Vietnam,VN,,no,,,other,,0,0
KH11411,17486632,,,,,,,,,Vietnam,VN,,no,,,other,,0,0
KH11412,17486633,,,,,,,,,Vietnam,VN,,no,,,other,,0,0
KH11413,17486634,,,,,,,,,Vietnam,VN,,no,,,male,,1050000,1
KH11414,17486635,,,,,,,,,Vietnam,VN,,no,,,other,,0,0
KH11415,17486636,,,,,,,,,Vietnam,VN,,no,,,other,,0,0
KH11416,17486637,,,,,,,,,Vietnam,VN,,no,,,other,,1600000,1
KH11417,17486638,,,,,,,,,Vietnam,VN,,no,,,other,,0,0
KH11418,17486639,,,,,,,,,Vietnam,VN,,no,,,other,,0,0
KH11419,17486640,,,,,,,,,Vietnam,VN,,no,,,other,,0,0
KH11420,17486641,,,,,,,,,Vietnam,VN,,no,,,other,,0,0
KH11421,17486642,,,,,,,,,Vietnam,VN,,no,,,male,,0,0
KH11422,17486643,,,,,,,,,Vietnam,VN,,no,,,male,,0,0
KH11423,17486644,,,,,,,,,Vietnam,VN,,no,,,other,,0,0
KH11424,17486645,,,,,,,,,Vietnam,VN,,no,,,other,,0,0
KH11425,17486646,,,,,,,,,Vietnam,VN,,no,,,other,,0,0
KH11426,17486647,,,,,,,,,Vietnam,VN,,no,,,male,,0,0
KH11427,17486648,,,,,,,,,Vietnam,VN,,no,,,male,,0,0
KH11428,17486649,,,,,,,,,Vietnam,VN,,no,,,male,,0,0
KH11429,17486650,,,,,,,,,Vietnam,VN,,no,,,male,,0,0
KH11430,17486651,,,,,,,,,Vietnam,VN,,no,,,male,,0,0
KH11431,17486652,,,,,,,,,Vietnam,VN,,no,,,male,,0,0
KH11432,17486653,,,,,,,,,Vietnam,VN,,no,,,male,,0,0
KH11433,17486654,,,,,,,,,Vietnam,VN,,no,,,female,,0,0
KH11434,17486655,,,,,,,,,Vietnam,VN,,no,,,male,,0,0
KH11435,17486656,,,,,,,,,Vietnam,VN,,no,,,other,,1045000,1
KH11436,17486657,,,,,,,,,Vietnam,VN,,no,,,other,,0,0
KH11437,17486658,,,,,,,,,Vietnam,VN,,no,,,other,,0,0
KH11438,17486659,,,,,,,,,Vietnam,VN,,no,,,male,,0,0
KH11439,17486660,,,,,,,,,Vietnam,VN,,no,,,other,,0,0
KH11440,17486661,,,,,,,,,Vietnam,VN,,no,,,male,,0,0
KH11441,17486662,,,,,,,,,Vietnam,VN,,no,,,female,,0,0
KH11442,17486663,,,,,,,,,Vietnam,VN,,no,,,female,,0,0
KH11443,17486664,,,,,,,,,Vietnam,VN,,no,,,male,,0,0
KH11444,17486665,,,,,,,,,Vietnam,VN,,no,,,female,,0,0
KH11445,17486666,,,,,,,,,Vietnam,VN,,no,,,male,,0,0
KH11446,17486667,,,,,,,,,Vietnam,VN,,no,,,male,,0,0
KH11447,17486668,,,,,,,,,Vietnam,VN,,no,,,male,,0,0
KH11448,17486669,,,,,,,,,Vietnam,VN,,no,,,male,,0,0
KH11449,17486670,,,,,,,,,Vietnam,VN,,no,,,female,,0,0
KH11450,17486671,,,,,,,,,Vietnam,VN,,no,,,female,,0,0
KH11451,17486672,,,,,,,,,Vietnam,VN,,no,,,male,,0,0
KH11452,17486673,,,,,,,,,Vietnam,VN,,no,,,female,,0,0
KH11453,17486674,,,,,,,,,Vietnam,VN,,no,,,female,,0,0
KH11454,17486675,,,,,,,,,Vietnam,VN,,no,,,male,,0,0
KH11455,17486676,,,,,,,,,Vietnam,VN,,no,,,male,,0,0
KH11456,17486677,,,,,,,,,Vietnam,VN,,no,,,female,,0,0
KH11457,17486678,,,,,,,,,Vietnam,VN,,no,,,male,,0,0
KH11458,17486679,,,,,,,,,Vietnam,VN,,no,,,male,,0,0
KH11459,17486680,,,,,,,,,Vietnam,VN,,no,,,female,,0,0
KH11460,17486681,,,,,,,,,Vietnam,VN,,no,,,male,,0,0
KH11461,17486682,,,,,,,,,Vietnam,VN,,no,,,male,,0,0
KH11462,17486683,,,,,,,,,Vietnam,VN,,no,,,female,,1480000,1
KH11463,17486684,,,,,,,,,Vietnam,VN,,no,,,male,,0,0
KH11464,17486685,,,,,,,,,Vietnam,VN,,no,,,male,,0,0
KH11465,17486686,,,,,,,,,Vietnam,VN,,no,,,other,,0,0
KH11466,17486687,,,,,,,,,Vietnam,VN,,no,,,other,,0,0
KH11467,17486688,,,,,,,,,Vietnam,VN,,no,,,male,,0,0
KH11468,17486689,,,,,,,,,Vietnam,VN,,no,,,male,,490000,1
KH11469,17486690,,,,,,,,,Vietnam,VN,,no,,,female,,0,0
KH11470,17486691,,,,,,,,,Vietnam,VN,,no,,,male,,1800000,1
KH11471,17486692,,,,,,,,,Vietnam,VN,,no,,,male,,0,0
KH11472,17486693,,,,,,,,,Vietnam,VN,,no,,,male,,0,0
KH11473,17486694,,,,,,,,,Vietnam,VN,,no,,,female,,0,0
KH11474,17486695,,,,,,,,,Vietnam,VN,,no,,,male,,0,0
KH11475,17486696,,,,,,,,,Vietnam,VN,,yes,,,male,1993-09-23,8910000,2
KH11476,17486697,,,,,,,,,Vietnam,VN,,no,,,male,,0,0
KH11477,17486698,,,,,,,,,Vietnam,VN,,no,,,male,,0,0
KH11478,17486699,,,,,,,,,Vietnam,VN,,no,,,female,,0,0
KH11479,17486700,,,,,,,,,Vietnam,VN,,no,,,female,,0,0
KH11480,17486701,,,,,,,,,Vietnam,VN,,no,,,male,,0,0
KH11481,17486702,,,,,,,,,Vietnam,VN,,no,,,male,,0,0
KH11482,17486703,,,,,,,,,Vietnam,VN,,no,,,other,,0,0
KH11483,17486704,,,,,,,,,Vietnam,VN,,no,,,female,,0,0
KH11484,17486705,,,,,,,,,Vietnam,VN,,no,,,male,,0,0
KH11485,17486706,,,,,,,,,Vietnam,VN,,no,,,female,,270000,1
KH11486,17486707,,,,,,,,,Vietnam,VN,,no,,,female,,335000,1
KH11487,17486708,,,,,,,,,Vietnam,VN,,no,,,male,,0,0
KH11488,17486709,,,,,,,,,Vietnam,VN,,no,,,other,,0,0
KH11489,17486710,,,,,,,,,Vietnam,VN,,no,,,other,,0,0
KH11490,17486711,,,,,,,,,Vietnam,VN,,no,,,other,,0,0
KH11491,17486712,,,,,,,,,Vietnam,VN,,no,,,female,,0,0
KH11492,17486713,,,,,,,,,Vietnam,VN,,no,,,other,,0,0
KH11493,17486714,,,,,,,,,Vietnam,VN,,no,,,female,,0,0
KH11494,17486715,,,,,,,,,Vietnam,VN,,no,,,other,,0,0
KH11495,17486716,,,,,,,,,Vietnam,VN,,no,,,other,,0,0
KH11496,17486717,,,,,,,,,Vietnam,VN,,no,,,female,,0,0
KH11497,17486718,,,,,,,,,Vietnam,VN,,no,,,male,,0,0
KH11498,17486719,,,,,,,,,Vietnam,VN,,no,,,male,,0,0
KH11499,17486720,,,,,,,,,Vietnam,VN,,no,,,female,,0,0
KH11500,17486721,,,,,,,,,Vietnam,VN,,no,,,male,,0,0
KH11501,17486722,,,,,,,,,Vietnam,VN,,no,,,female,,0,0
KH11502,17486723,,,,,,,,,Vietnam,VN,,no,,,female,,0,0
KH11503,17486724,,,,,,,,,Vietnam,VN,,no,,,other,,0,0
KH11504,17486725,,,,,,,,,Vietnam,VN,,no,,,other,,0,0
KH11505,17486726,,,,,,,,,Vietnam,VN,,no,,,other,,260000,1
KH11506,17486727,,,,,,,,,Vietnam,VN,,no,,,female,,0,0
KH11507,17486728,,,,,,,,,Vietnam,VN,,no,,,male,,0,0
KH11508,17486729,,,,,,,,,Vietnam,VN,,no,,,other,,0,0
KH11509,17486730,,,,,,,,,Vietnam,VN,,no,,,male,,0,0
KH11510,17486731,,,,,,,,,Vietnam,VN,,no,,,male,,0,0
KH11511,17486732,,,,,,,,,Vietnam,VN,,no,,,male,,0,0
KH11512,17486733,,,,,,,,,Vietnam,VN,,no,,,male,,0,0
KH11513,17486734,,,,,,,,,Vietnam,VN,,no,,,male,,0,0
KH11514,17486735,,,,,,,,,Vietnam,VN,,no,,,male,,0,0
KH11515,17486736,,,,,,,,,Vietnam,VN,,no,,,other,,0,0
KH11516,17486737,,,,,,,,,Vietnam,VN,,no,,,other,,0,0
KH11517,17486738,,,,,,,,,Vietnam,VN,,no,,,male,,0,0
KH11518,17486739,,,,,,,,,Vietnam,VN,,no,,,other,,0,0
KH11519,17486740,,,,,,,,,Vietnam,VN,,no,,,other,,0,0
KH11520,17486741,,,,,,,,,Vietnam,VN,,no,,,female,,2065000,4
KH11521,17486742,,,,,,,,,Vietnam,VN,,no,,,female,,0,0
KH11522,17486743,,,,,,,,,Vietnam,VN,,no,,,other,,0,0
KH11523,17486744,,,,,,,,,Vietnam,VN,,no,,,male,,1530000,3
KH11524,17486745,,,,,,,,,Vietnam,VN,,no,,,other,,0,0
KH11525,17486746,,,,,,,,,Vietnam,VN,,no,,,male,,0,0
KH11526,17486747,,,,,,,,,Vietnam,VN,,no,,,other,,0,0
KH11527,17486748,,,,,,,,,Vietnam,VN,,no,,,other,,0,0
KH11528,17486749,,,,,,,,,Vietnam,VN,,no,,,female,,0,0
KH11529,17486750,,,,,,,,,Vietnam,VN,,no,,,male,,0,0
KH11530,17486751,,,,,,,,,Vietnam,VN,,no,,,male,,0,0
KH11531,17486752,,,,,,,,,Vietnam,VN,,no,,,male,,0,0
KH11532,17486753,,,,,,,,,Vietnam,VN,,no,,,male,,300000,1
KH11533,17486754,,,,,,,,,Vietnam,VN,,no,,,other,,0,0
KH11534,17486755,,,,,,,,,Vietnam,VN,,no,,,male,,0,0
KH11535,17486756,,,,,,,,,Vietnam,VN,,no,,,female,,0,0
KH11536,17486757,,,,,,,,,Vietnam,VN,,no,,,male,,0,0
KH11537,17486758,,,,,,,,,Vietnam,VN,,no,,,female,,0,0
KH11538,17486759,,,,,,,,,Vietnam,VN,,no,,,male,,0,0
KH11539,17486760,,,,,,,,,Vietnam,VN,,no,,,male,,0,0
KH11540,17486761,,,,,,,,,Vietnam,VN,,no,,,male,,0,0
KH11541,17486762,,,,,,,,,Vietnam,VN,,no,,,male,,0,0
KH11542,17486763,,,,,,,,,Vietnam,VN,,no,,,other,,0,0
KH11543,17486764,,,,,,,,,Vietnam,VN,,no,,,male,,0,0
KH11544,17486765,,,,,,,,,Vietnam,VN,,no,,,male,,0,0
KH11545,17486766,,,,,,,,,Vietnam,VN,,no,,,female,,0,0
KH11546,17486767,,,,,,,,,Vietnam,VN,,no,,,female,,0,0
KH11547,17486768,,,,,,,,,Vietnam,VN,,no,,,other,,0,0
KH11548,17486769,,,,,,,,,Vietnam,VN,,no,,,male,,0,0
KH11549,17486770,,,,,,,,,Vietnam,VN,,no,,,female,,0,0
KH11550,17486771,,,,,,,,,Vietnam,VN,,no,,,other,,520000,1
KH11551,17486772,,,,,,,,,Vietnam,VN,,no,,,female,,0,0
KH11552,17486773,,,,,,,,,Vietnam,VN,,no,,,male,,0,0
KH11553,17486774,,,,,,,,,Vietnam,VN,,no,,,female,,0,0
KH11554,17486775,,,,,,,,,Vietnam,VN,,no,,,other,,0,0
KH11555,17486776,,,,,,,,,Vietnam,VN,,no,,,male,,0,0
KH11556,17486777,,,,,,,,,Vietnam,VN,,no,,,other,,0,0
KH11557,17486778,,,,,,,,,Vietnam,VN,,no,,,male,,0,0
KH11558,17486779,,,,,,,,,Vietnam,VN,,no,,,female,,0,1
KH11559,17486780,,,,,,,,,Vietnam,VN,,no,,,other,,0,0
KH11560,17486781,,,,,,,,,Vietnam,VN,,no,,,male,,0,0
KH11561,17486782,,,,,,,,,Vietnam,VN,,no,,,male,,490000,1
KH11562,17486783,,,,,,,,,Vietnam,VN,,no,,,female,,0,0
KH11563,17486784,,,,,,,,,Vietnam,VN,,no,,,other,,0,0
KH11564,17486785,,,,,,,,,Vietnam,VN,,no,,,other,,0,0
KH11565,17486786,,,,,,,,,Vietnam,VN,,no,,,other,,2750000,1
KH11566,17486787,,,,,,,,,Vietnam,VN,,no,,,male,,0,0
KH11567,17486788,,,,,,,,,Vietnam,VN,,no,,,female,,0,0
KH11568,17486789,,,,,,,,,Vietnam,VN,,no,,,male,,0,0
KH11569,17486790,,,,,,,,,Vietnam,VN,,no,,,male,,0,0
KH11570,17486791,,,,,,,,,Vietnam,VN,,no,,,other,,0,0
KH11571,17486792,,,,,,,,,Vietnam,VN,,no,,,other,,0,0
KH11572,17486793,,,,,,,,,Vietnam,VN,,no,,,other,,0,0
KH11573,17486794,,,,,,,,,Vietnam,VN,,no,,,female,,0,0
KH11574,17486795,,,,,,,,,Vietnam,VN,,no,,,male,,0,0
KH11575,17486796,,,,,,,,,Vietnam,VN,,no,,,other,,0,0
KH11576,17486797,,,,,,,,,Vietnam,VN,,no,,,other,,0,0
KH11577,17486798,,,,,,,,,Vietnam,VN,,no,,,male,,0,0
KH11578,17486799,,,,,,,,,Vietnam,VN,,no,,,male,,0,0
KH11579,17486800,,,,,,,,,Vietnam,VN,,no,,,male,,8464500,3
KH11580,17486801,,,,,,,,,Vietnam,VN,,no,,,other,,0,0
KH11581,17486802,,,,,,,,,Vietnam,VN,,no,,,male,,0,0
KH11582,17486803,,,,,,,,,Vietnam,VN,,no,,,other,,0,0
KH11583,17486804,,,,,,,,,Vietnam,VN,,no,,,female,,0,0
KH11584,17486805,,,,,,,,,Vietnam,VN,,no,,,male,,0,0
KH11585,17486806,,,,,,,,,Vietnam,VN,,no,,,other,,0,0
KH11586,17486807,,,,,,,,,Vietnam,VN,,no,,,other,,0,0
KH11587,17486808,,,,,,,,,Vietnam,VN,,no,,,male,,0,0
KH11588,17486809,,,,,,,,,Vietnam,VN,,no,,,male,,0,0
KH11589,17486810,,,,,,,,,Vietnam,VN,,no,,,male,,0,0
KH11590,17486811,,,,,,,,,Vietnam,VN,,no,,,male,,0,0
KH11591,17486812,,,,,,,,,Vietnam,VN,,no,,,other,,0,0
KH11592,17486813,,,,,,,,,Vietnam,VN,,no,,,female,,0,0
KH11593,17486814,,,,,,,,,Vietnam,VN,,no,,,male,,0,0
KH11594,17486815,,,,,,,,,Vietnam,VN,,no,,,male,,0,0
KH11595,17486816,,,,,,,,,Vietnam,VN,,no,,,female,,0,0
KH11596,17486817,,,,,,,,,Vietnam,VN,,no,,,male,,0,0
KH11597,17486818,,,,,,,,,Vietnam,VN,,no,,,male,,0,0
KH11598,17486819,,,,,,,,,Vietnam,VN,,no,,,female,,330000,1
KH11599,17486820,,,,,,,,,Vietnam,VN,,no,,,other,,0,0
KH11600,17486821,,,,,,,,,Vietnam,VN,,no,,,male,,0,0
KH11601,17486822,,,,,,,,,Vietnam,VN,,no,,,male,,0,0
KH11602,17486823,,,,,,,,,Vietnam,VN,,no,,,male,,350000,1
KH11603,17486824,,,,,,,,,Vietnam,VN,,no,,,female,,0,0
KH11604,17486825,,,,,,,,,Vietnam,VN,,no,,,female,,0,0
KH11605,17486826,,,,,,,,,Vietnam,VN,,no,,,male,,0,0
KH11606,17486827,,,,,,,,,Vietnam,VN,,no,,,other,,0,0
KH11607,17486828,,,,,,,,,Vietnam,VN,,no,,,male,,0,0
KH11608,17486829,,,,,,,,,Vietnam,VN,,no,,,other,,0,0
KH11609,17486830,,,,,,,,,Vietnam,VN,,no,,,other,,0,0
KH11610,17486831,,,,,,,,,Vietnam,VN,,no,,,other,,0,0
KH11611,17486832,,,,,,,,,Vietnam,VN,,no,,,male,,0,0
KH11612,17486833,,,,,,,,,Vietnam,VN,,no,,,male,,0,0
KH11613,17486834,,,,,,,,,Vietnam,VN,,no,,,male,,0,0
KH11614,17486835,,,,,,,,,Vietnam,VN,,no,,,other,,0,0
KH11615,17486836,,,,,,,,,Vietnam,VN,,no,,,other,,0,0
KH11616,17486837,,,,,,,,,Vietnam,VN,,no,,,other,,0,0
KH11617,17486838,,,,,,,,,Vietnam,VN,,no,,,female,,0,0
KH11618,17486839,,,,,,,,,Vietnam,VN,,no,,,female,,0,0
KH11619,17486840,,,,,,,,,Vietnam,VN,,no,,,other,,0,0
KH11620,17486841,,,,,,,,,Vietnam,VN,,no,,,other,,0,0
KH11621,17486842,,,,,,,,,Vietnam,VN,,no,,,male,,0,0
KH11622,17486843,,,,,,,,,Vietnam,VN,,no,,,female,,756000,1
KH11623,17486844,,,,,,,,,Vietnam,VN,,no,,,female,,0,0
KH11624,17486845,,,,,,,,,Vietnam,VN,,no,,,other,,0,0
KH11625,17486846,,,,,,,,,Vietnam,VN,,no,,,male,,0,0
KH11626,17486847,,TP Hồ Chí Minh,TP Hồ Chí Minh,2.0,Quận 8,37.0,Phường 6,9452.0,Vietnam,VN,,no,,,female,,1800000,3
KH11627,17486848,,,,,,,,,Vietnam,VN,,no,,,other,,0,0
KH11628,17486849,,,,,,,,,Vietnam,VN,,no,,,other,,0,0
KH11629,17486850,,,,,,,,,,,,no,,,female,,0,0
KH11630,17486851,,,,,,,,,Vietnam,VN,,no,,,other,,0,0
KH11631,17486852,,,,,,,,,Vietnam,VN,,no,,,male,,0,0
KH11632,17486853,,,,,,,,,Vietnam,VN,,no,,,male,,0,0
KH11633,17486854,,,,,,,,,Vietnam,VN,,no,,,male,,0,0
KH11634,17486855,,,,,,,,,Vietnam,VN,,no,,,female,,0,0
KH11635,17486856,,,,,,,,,Vietnam,VN,,no,,,other,,0,0
KH11636,17486857,,,,,,,,,Vietnam,VN,,no,,,male,,0,0
KH11637,17486858,,,,,,,,,Vietnam,VN,,no,,,male,,0,0
KH11638,17486859,,,,,,,,,Vietnam,VN,,no,,,female,,0,0
KH11639,17486860,,,,,,,,,Vietnam,VN,,no,,,other,,0,0
KH11640,17486861,,,,,,,,,Vietnam,VN,,no,,,other,,0,0
KH11641,17486862,,,,,,,,,Vietnam,VN,,no,,,other,,0,0
KH11642,17486863,,,,,,,,,Vietnam,VN,,no,,,other,,1187000,2
KH11643,17486864,,,,,,,,,Vietnam,VN,,no,,,other,,0,0
KH11644,17486865,,,,,,,,,Vietnam,VN,,no,,,other,,0,0
KH11645,17486866,,,,,,,,,Vietnam,VN,,no,,,male,,0,0
KH11646,17486867,,,,,,,,,Vietnam,VN,,no,,,male,,0,0
KH11647,17486868,,,,,,,,,Vietnam,VN,,no,,,male,,0,0
KH11648,17486869,,,,,,,,,Vietnam,VN,,no,,,other,,0,0
KH11649,17486870,,,,,,,,,Vietnam,VN,,no,,,other,,0,0
KH11650,17486871,,,,,,,,,Vietnam,VN,,no,,,other,,0,0
KH11651,17486872,,,,,,,,,Vietnam,VN,,no,,,female,,0,0
KH11652,17486873,,,,,,,,,Vietnam,VN,,no,,,male,,0,0
KH11653,17486874,,,,,,,,,Vietnam,VN,,no,,,male,,0,0
KH11654,17486875,,,,,,,,,Vietnam,VN,,no,,,male,,0,0
KH11655,17486876,,,,,,,,,Vietnam,VN,,no,,,female,,0,0
KH11656,17486877,,,,,,,,,Vietnam,VN,,no,,,other,,1100000,1
KH11657,17486878,,,,,,,,,Vietnam,VN,,no,,,other,,0,0
KH11658,17486879,,,,,,,,,Vietnam,VN,,no,,,other,,0,0
KH11659,17486880,,,,,,,,,Vietnam,VN,,no,,,other,,0,0
KH11660,17486881,,,,,,,,,Vietnam,VN,,no,,,other,,0,0
KH11661,17486882,,,,,,,,,Vietnam,VN,,no,,,male,,0,0
KH11662,17486883,,,,,,,,,Vietnam,VN,,no,,,female,,0,0
KH11663,17486884,,,,,,,,,Vietnam,VN,,no,,,other,,0,0
KH11664,17486885,,,,,,,,,Vietnam,VN,,no,,,female,,0,0
KH11665,17486886,,,,,,,,,Vietnam,VN,,no,,,male,,0,0
KH11666,17486887,,,,,,,,,Vietnam,VN,,no,,,male,,0,0
KH11667,17486888,,,,,,,,,Vietnam,VN,,no,,,other,,0,0
KH11668,17486889,,,,,,,,,Vietnam,VN,,no,,,female,,0,0
KH11669,17486890,,,,,,,,,Vietnam,VN,,no,,,other,,0,0
KH11670,17486891,,,,,,,,,Vietnam,VN,,no,,,female,,0,0
KH11671,17486892,,,,,,,,,Vietnam,VN,,no,,,male,,0,0
KH11672,17486893,,,,,,,,,Vietnam,VN,,no,,,male,,0,0
KH11673,17486894,,,,,,,,,Vietnam,VN,,no,,,male,,0,0
KH11674,17486895,,,,,,,,,Vietnam,VN,,no,,,male,,0,0
KH11675,17486896,,,,,,,,,Vietnam,VN,,no,,,male,,0,0
KH11676,17486897,,,,,,,,,Vietnam,VN,,no,,,other,,0,0
KH11677,17486898,,,,,,,,,Vietnam,VN,,no,,,other,,357000,1
KH11678,17486899,,,,,,,,,Vietnam,VN,,no,,,other,,0,0
KH11679,17486900,,,,,,,,,Vietnam,VN,,no,,,other,,0,0
KH11680,17486901,,,,,,,,,Vietnam,VN,,no,,,other,,0,0
KH11681,17486902,,,,,,,,,Vietnam,VN,,no,,,other,,0,0
KH11682,17486903,,,,,,,,,Vietnam,VN,,no,,,other,,425000,1
KH11683,17486904,,,,,,,,,Vietnam,VN,,no,,,other,,0,0
KH11684,17486905,,,,,,,,,Vietnam,VN,,no,,,other,,0,0
KH11685,17486906,,,,,,,,,Vietnam,VN,,no,,,other,,0,0
KH11686,17486907,,,,,,,,,Vietnam,VN,,no,,,other,,0,0
KH11687,17486908,,,,,,,,,Vietnam,VN,,no,,,other,,0,0
KH11688,17486909,,,,,,,,,Vietnam,VN,,no,,,other,,0,0
KH11689,17486910,,,,,,,,,Vietnam,VN,,no,,,female,,0,0
KH11690,17486911,,,,,,,,,Vietnam,VN,,no,,,other,,0,0
KH11691,17486912,,,,,,,,,Vietnam,VN,,no,,,female,,0,0
KH11692,17486913,,,,,,,,,Vietnam,VN,,no,,,other,,0,0
KH11693,17486914,,,,,,,,,Vietnam,VN,,no,,,other,,0,0
KH11694,17486915,,,,,,,,,Vietnam,VN,,no,,,other,,0,0
KH11695,17486916,,,,,,,,,Vietnam,VN,,no,,,other,,0,0
KH11696,17486917,,,,,,,,,Vietnam,VN,,no,,,other,,450000,1
KH11697,17486918,,,,,,,,,Vietnam,VN,,no,,,other,,0,0
KH11698,17486919,,,,,,,,,Vietnam,VN,,no,,,other,,0,0
KH11699,17486920,,,,,,,,,Vietnam,VN,,no,,,other,,0,0
KH11700,17486921,,,,,,,,,Vietnam,VN,,no,,,other,,0,0
KH11701,17486922,,,,,,,,,Vietnam,VN,,no,,,other,,5954000,3
KH11702,17486923,,,,,,,,,Vietnam,VN,,no,,,other,,0,0
KH11703,17486924,,,,,,,,,Vietnam,VN,,no,,,other,,0,0
KH11704,17486925,,,,,,,,,Vietnam,VN,,no,,,other,,0,0
KH11705,17486926,,,,,,,,,Vietnam,VN,,no,,,other,,0,0
KH11706,17486927,,,,,,,,,Vietnam,VN,,no,,,male,,0,0
KH11707,17486928,,,,,,,,,Vietnam,VN,,no,,,other,,0,0
KH11708,17486929,,,,,,,,,,,,no,,,male,,0,0
KH11709,17486930,,,,,,,,,Vietnam,VN,,no,,,other,,0,0
KH11710,17486931,,,,,,,,,Vietnam,VN,,no,,,male,,17000000,1
KH11711,17486932,,,,,,,,,Vietnam,VN,,no,,,other,,0,0
KH11712,17486933,,,,,,,,,Vietnam,VN,,no,,,other,,0,0
KH11713,17486934,,,,,,,,,Vietnam,VN,,no,,,male,,0,0
KH11714,17486935,,,,,,,,,Vietnam,VN,,no,,,female,,0,0
KH11715,17486936,,,,,,,,,Vietnam,VN,,no,,,female,,0,0
KH11716,17486937,,,,,,,,,Vietnam,VN,,no,,,other,,1005000,1
KH11717,17486938,,,,,,,,,Vietnam,VN,,no,,,other,,0,0
KH11718,17486939,,,,,,,,,Vietnam,VN,,no,,,other,,0,0
KH11719,17486940,,,,,,,,,Vietnam,VN,,no,,,other,,0,0
KH11720,17486941,,,,,,,,,Vietnam,VN,,no,,,male,,0,0
KH11721,17486942,,,,,,,,,Vietnam,VN,,no,,,other,,0,0
KH11722,17486943,,,,,,,,,Vietnam,VN,,no,,,other,,0,0
KH11723,17486944,,,,,,,,,Vietnam,VN,,no,,,other,,0,0
KH11724,17486945,,,,,,,,,Vietnam,VN,,no,,,other,,0,0
KH11725,17486946,,,,,,,,,Vietnam,VN,,no,,,other,,0,0
KH11726,17486947,,,,,,,,,Vietnam,VN,,no,,,other,,0,0
KH11727,17486948,,,,,,,,,Vietnam,VN,,no,,,other,,4734000,2
KH11728,17486949,,,,,,,,,Vietnam,VN,,no,,,female,,1600000,1
KH11729,17486950,,,,,,,,,Vietnam,VN,,no,,,other,,0,0
KH11730,17486951,,,,,,,,,Vietnam,VN,,no,,,other,,0,0
KH11731,17486952,,,,,,,,,Vietnam,VN,,no,,,other,,0,0
KH11732,17486953,,,,,,,,,Vietnam,VN,,no,,,other,,0,0
KH11733,17486954,,,,,,,,,Vietnam,VN,,no,,,other,,0,0
KH11734,17486955,,,,,,,,,Vietnam,VN,,no,,,other,,0,0
KH11735,17486956,,,,,,,,,Vietnam,VN,,no,,,other,,0,0
KH11736,17486957,Anh Đạt Vietjet,,,,,,,,Vietnam,VN,,no,,Mua cho công ty,male,,0,0
KH11737,17486958,,,,,,,,,Vietnam,VN,,no,,,other,,0,0
KH11738,17486959,,,,,,,,,Vietnam,VN,,no,,,other,,610000,1
KH11739,17486960,,,,,,,,,Vietnam,VN,,no,,,other,,0,0
KH11740,17486961,,,,,,,,,Vietnam,VN,,no,,,male,,0,0
KH11741,17486962,,,,,,,,,Vietnam,VN,,no,,,other,,0,0
KH11742,17486963,,TP Hồ Chí Minh,TP Hồ Chí Minh,2.0,Quận 3,32.0,Phường 12,9354.0,Vietnam,VN,,no,sapo_social,,other,,1800000,1
KH11743,17486964,,,,,,,,,Vietnam,VN,,no,,,other,,0,0
KH11744,17486965,,,,,,,,,Vietnam,VN,,no,,,other,,0,0
KH11745,17486966,,,,,,,,,Vietnam,VN,,no,sapo_social,,other,,382000,1
KH11746,17486967,,,,,,,,,Vietnam,VN,,no,,,other,,0,0
KH11747,17486968,,,,,,,,,Vietnam,VN,,no,,,other,,0,0
KH11748,17486969,,,,,,,,,Vietnam,VN,,no,,,other,,0,0
KH11749,17486970,,,,,,,,,Vietnam,VN,,no,,,other,,0,0
KH11750,17486971,,,,,,,,,Vietnam,VN,,no,,,other,,0,0
KH11751,17486972,,,,,,,,,Vietnam,VN,,no,,,other,,0,0
KH11752,17486973,,,,,,,,,Vietnam,VN,,no,,,other,,0,0
KH11753,17486974,,,,,,,,,Vietnam,VN,,no,,,other,,0,0
KH11754,17486975,,,,,,,,,Vietnam,VN,,no,,,other,,0,0
KH11755,17486976,,,,,,,,,Vietnam,VN,,no,,,other,,0,0
KH11756,17486977,,,,,,,,,Vietnam,VN,,no,,,other,,0,0
KH11757,17486978,,,,,,,,,Vietnam,VN,,no,,,other,,440000,1
KH11758,17486979,,,,,,,,,Vietnam,VN,,no,,,other,,0,0
KH11759,17486980,,,,,,,,,Vietnam,VN,,no,,,other,,0,0
KH11760,17486981,,,,,,,,,Vietnam,VN,,no,,,other,,0,0
KH11761,17486982,,,,,,,,,Vietnam,VN,,no,,,other,,0,0
KH11762,17486983,,,,,,,,,Vietnam,VN,,no,,,other,,0,0
KH11763,17486984,,,,,,,,,Vietnam,VN,,no,,,other,,0,0
KH11764,17486985,,,,,,,,,Vietnam,VN,,no,,,other,,0,0
KH11765,17486986,,,,,,,,,Vietnam,VN,,no,,,other,,0,0
KH11766,17486987,,,,,,,,,Vietnam,VN,,no,,,male,,0,0
KH11767,17486988,,,,,,,,,Vietnam,VN,,no,,,other,,0,0
KH11768,17486989,,,,,,,,,Vietnam,VN,,no,,,other,,0,0
KH11769,17486990,,,,,,,,,Vietnam,VN,,no,,,male,,0,0
KH11770,17486991,,,,,,,,,Vietnam,VN,,no,,,other,,0,0
KH11771,17486992,,,,,,,,,Vietnam,VN,,no,,,other,,0,0
KH11772,17486993,,,,,,,,,Vietnam,VN,,no,,,male,,0,0
KH11773,17486994,,,,,,,,,,,,no,,,female,,0,0
KH11774,17486995,,,,,,,,,Vietnam,VN,,no,,,male,,0,0
KH11775,17486996,,,,,,,,,Vietnam,VN,,no,,,other,,0,0
KH11776,17486997,,,,,,,,,Vietnam,VN,,no,,,other,,0,0
KH11777,17486998,,,,,,,,,Vietnam,VN,,no,,,male,,0,0
KH11778,17486999,,,,,,,,,Vietnam,VN,,no,,,other,,0,0
KH11779,17487000,,,,,,,,,Vietnam,VN,,no,,,male,,0,0
KH11780,17487001,,,,,,,,,Vietnam,VN,,no,,,other,,0,0
KH11781,17487002,,,,,,,,,Vietnam,VN,,no,,,other,,907000,3
KH11782,17487003,,,,,,,,,Vietnam,VN,,no,,,female,,0,0
KH11783,17487004,,,,,,,,,Vietnam,VN,,no,,,other,,0,0
KH11784,17487005,,,,,,,,,Vietnam,VN,,no,,,female,,0,0
KH11785,17487006,,TP Hồ Chí Minh,TP Hồ Chí Minh,2.0,Quận 1,30.0,Phường Bến Nghé,9219.0,Vietnam,VN,,no,,,female,,940000,2
KH11786,17487007,,,,,,,,,Vietnam,VN,,no,,,female,,0,0
KH11787,17487008,,,,,,,,,Vietnam,VN,,no,,,other,,0,0
KH11788,17487009,,,,,,,,,Vietnam,VN,,no,,,other,,0,0
KH11789,17487010,,,,,,,,,Vietnam,VN,,no,,,other,,0,0
KH11790,17487011,,,,,,,,,Vietnam,VN,,no,,,male,,0,0
KH11791,17487012,,,,,,,,,Vietnam,VN,,no,,,male,,0,0
KH11792,17487013,,,,,,,,,Vietnam,VN,,no,,,female,,0,0
KH11793,17487014,,,,,,,,,Vietnam,VN,,no,,,other,,0,0
KH11794,17487015,,,,,,,,,Vietnam,VN,,no,,,other,,900000,1
KH11795,17487016,,,,,,,,,Vietnam,VN,,no,,,other,,0,0
KH11796,17487017,,,,,,,,,Vietnam,VN,,no,,,other,,4080000,2
KH11797,17487018,,,,,,,,,Vietnam,VN,,no,,,female,,0,0
KH11798,17487019,,,,,,,,,Vietnam,VN,,no,,,other,,0,0
KH11799,17487020,,,,,,,,,Vietnam,VN,,no,,,other,,0,0
KH11800,17487021,,,,,,,,,Vietnam,VN,,no,,,male,,0,0
KH11801,17487022,,,,,,,,,Vietnam,VN,,no,,,other,,0,0
KH11802,17487023,,,,,,,,,Vietnam,VN,,no,,,other,,0,0
KH11803,17487024,,,,,,,,,Vietnam,VN,,no,,,other,,0,0
KH11804,17487025,,,,,,,,,Vietnam,VN,,no,,,other,,0,0
KH11805,17487026,,,,,,,,,Vietnam,VN,,no,,,other,,0,0
KH11806,17487027,,,,,,,,,Vietnam,VN,,no,,,other,,0,0
KH11807,17487028,,,,,,,,,Vietnam,VN,,no,,,other,,0,0
KH11808,17487029,,,,,,,,,Vietnam,VN,,no,,,female,,0,0
KH11809,17487030,,,,,,,,,Vietnam,VN,,no,,,male,,0,0
KH11810,17487031,,,,,,,,,Vietnam,VN,,no,,,other,,730000,1
KH11811,17487032,,,,,,,,,Vietnam,VN,,no,,,other,,0,0
KH11812,17487033,,,,,,,,,Vietnam,VN,,no,,,other,,0,0
KH11813,17487034,,,,,,,,,Vietnam,VN,,no,,,other,,0,0
KH11814,17487035,,,,,,,,,Vietnam,VN,,no,,,female,,0,0
KH11815,17487036,,,,,,,,,Vietnam,VN,,no,,,female,,0,0
KH11816,17487037,,,,,,,,,Vietnam,VN,,no,,,other,,0,0
KH11817,17487038,,,,,,,,,Vietnam,VN,,no,,,male,,0,0
KH11818,17487039,,,,,,,,,Vietnam,VN,,no,,,other,,0,0
KH11819,17487040,,,,,,,,,Vietnam,VN,,no,,,male,,0,0
KH11820,17487041,,,,,,,,,Vietnam,VN,,no,,,other,,0,0
KH11821,17487042,,,,,,,,,Vietnam,VN,,no,,,male,,0,0
KH11822,17487043,,,,,,,,,Vietnam,VN,,no,,,other,,0,0
KH11823,17487044,,,,,,,,,Vietnam,VN,,no,,,female,,0,0
KH11824,17487045,,,,,,,,,Vietnam,VN,,no,,,other,,0,0
KH11825,17487046,,,,,,,,,Vietnam,VN,,no,,,female,,4480000,4
KH11826,17487047,,,,,,,,,Vietnam,VN,,no,,,other,,1022000,2
KH11827,17487048,,,,,,,,,Vietnam,VN,,no,,,other,,0,0
KH11828,17487049,,,,,,,,,Vietnam,VN,,no,,,other,,0,0
KH11829,17487050,,,,,,,,,Vietnam,VN,,no,,,other,,0,0
KH11830,17487051,,,,,,,,,Vietnam,VN,,no,,,other,,0,0
KH11831,17487052,,,,,,,,,Vietnam,VN,,no,,,male,,0,0
KH11832,17487053,,,,,,,,,Vietnam,VN,,no,,,male,,0,0
KH11833,17487054,,,,,,,,,Vietnam,VN,,no,,,female,,0,0
KH11834,17487055,,,,,,,,,Vietnam,VN,,no,,,female,,0,0
KH11835,17487056,,,,,,,,,Vietnam,VN,,no,,,other,,0,0
KH11836,17487057,,,,,,,,,Vietnam,VN,,no,,,other,,0,0
KH11837,17487058,,,,,,,,,Vietnam,VN,,no,,,other,,0,0
KH11838,17487059,,,,,,,,,Vietnam,VN,,no,,,other,,0,0
KH11839,17487060,,,,,,,,,Vietnam,VN,,no,,,female,,0,0
KH11840,17487061,,,,,,,,,Vietnam,VN,,no,,,other,,0,0
KH11841,17487062,,,,,,,,,Vietnam,VN,,no,,,other,,0,0
KH11842,17487063,,,,,,,,,Vietnam,VN,,no,,,female,,0,0
KH11843,17487064,,,,,,,,,Vietnam,VN,,no,,,other,,2602000,2
KH11844,17487065,,,,,,,,,Vietnam,VN,,no,,,female,,0,0
KH11845,17487066,,,,,,,,,Vietnam,VN,,no,,,other,,0,0
KH11846,17487067,,,,,,,,,Vietnam,VN,,no,,,other,,0,0
KH11847,17487068,,,,,,,,,Vietnam,VN,,no,,,female,,0,0
KH11848,17487069,,,,,,,,,Vietnam,VN,,no,,,other,,0,0
KH11849,17487070,,,,,,,,,Vietnam,VN,,no,,,other,,0,0
KH11850,17487071,,,,,,,,,Vietnam,VN,,no,,,other,,0,0
KH11851,17487072,,,,,,,,,Vietnam,VN,,no,,,female,,0,0
KH11852,17487073,,,,,,,,,Vietnam,VN,,no,,,male,,0,0
KH11853,17487074,,,,,,,,,Vietnam,VN,,no,,,other,,0,0
KH11854,17487075,,,,,,,,,Vietnam,VN,,no,,,other,,0,0
KH11855,17487076,,,,,,,,,Vietnam,VN,,no,,,male,,0,0
KH11856,17487077,,,,,,,,,Vietnam,VN,,no,,,female,,0,0
KH11857,17487078,,,,,,,,,Vietnam,VN,,no,,,other,,0,0
KH11858,17487079,,,,,,,,,Vietnam,VN,,no,,,other,,0,0
KH11859,17487080,,,,,,,,,Vietnam,VN,,no,,,female,,0,0
KH11860,17487081,,,,,,,,,Vietnam,VN,,no,,,male,,0,0
KH11861,17487082,,,,,,,,,Vietnam,VN,,no,,,other,,0,0
KH11862,17487083,,,,,,,,,Vietnam,VN,,no,,,other,,0,0
KH11863,17487084,,,,,,,,,Vietnam,VN,,no,,,male,,0,0
KH11864,17487085,,,,,,,,,Vietnam,VN,,no,,,male,1991-12-20,4760000,3
KH11865,17487086,,,,,,,,,Vietnam,VN,,no,,,male,,0,0
KH11866,17487087,,,,,,,,,Vietnam,VN,,no,,,female,,0,0
KH11867,17487088,,,,,,,,,Vietnam,VN,,no,,,other,,0,0
KH11868,17487089,,,,,,,,,Vietnam,VN,,no,,,other,,0,0
KH11869,17487090,,,,,,,,,Vietnam,VN,,no,,,other,,0,0
KH11870,17487091,,,,,,,,,Vietnam,VN,,no,,,female,,0,0
KH11871,17487092,,,,,,,,,Vietnam,VN,,no,,,female,,280000,2
KH11872,17487093,,,,,,,,,Vietnam,VN,,no,,,male,,0,0
KH11873,17487094,,,,,,,,,Vietnam,VN,,no,,,female,,0,0
KH11874,17487095,,,,,,,,,Vietnam,VN,,no,,,other,,0,0
KH11875,17487096,,,,,,,,,Vietnam,VN,,no,,,other,,0,0
KH11876,17487097,,,,,,,,,Vietnam,VN,,no,,,female,,0,0
KH11877,17487098,,,,,,,,,Vietnam,VN,,no,,,male,,0,0
KH11878,17487099,,,,,,,,,Vietnam,VN,,no,,,other,,0,0
KH11879,17487100,,,,,,,,,Vietnam,VN,,no,,,male,,0,0
KH11880,17487101,,,,,,,,,Vietnam,VN,,no,,,other,,4180000,1
KH11881,17487102,,,,,,,,,Vietnam,VN,,no,,,other,,0,0
KH11882,17487103,,,,,,,,,Vietnam,VN,,no,,,other,,0,0
KH11883,17487104,,,,,,,,,Vietnam,VN,,no,,,male,,0,0
KH11884,17487105,,,,,,,,,Vietnam,VN,,no,,,other,,0,0
KH11885,17487106,,,,,,,,,Vietnam,VN,,no,,,male,,0,0
KH11886,17487107,,,,,,,,,Vietnam,VN,,no,,,female,,0,0
KH11887,17487108,,,,,,,,,Vietnam,VN,,no,,,male,,0,0
KH11888,17487109,,,,,,,,,Vietnam,VN,,no,,,other,,1600000,1
KH11889,17487110,,,,,,,,,Vietnam,VN,,no,,,other,,0,0
KH11890,17487111,,,,,,,,,Vietnam,VN,,no,,,male,,1005000,3
KH11891,17487112,,,,,,,,,Vietnam,VN,,no,,,male,,0,0
KH11892,17487113,,,,,,,,,Vietnam,VN,,no,,,other,,0,0
KH11893,17487114,,,,,,,,,Vietnam,VN,,no,,,male,,0,0
KH11894,17487115,,,,,,,,,Vietnam,VN,,no,,,male,,0,0
KH11895,17487116,,,,,,,,,Vietnam,VN,,no,,,other,,0,0
KH11896,17487117,,,,,,,,,Vietnam,VN,,no,,,other,,0,0
KH11897,17487118,,,,,,,,,Vietnam,VN,,no,,,other,,0,0
KH11898,17487119,,,,,,,,,Vietnam,VN,,no,,,male,,0,0
KH11899,17487120,,,,,,,,,Vietnam,VN,,no,,,female,,0,0
KH11900,17487121,,,,,,,,,Vietnam,VN,,no,,,other,,0,0
KH11901,17487122,,,,,,,,,Vietnam,VN,,no,,,other,,0,0
KH11902,17487123,,,,,,,,,Vietnam,VN,,no,,,other,,0,0
KH11903,17487124,,,,,,,,,Vietnam,VN,,no,,,other,,0,0
KH11904,17487125,,,,,,,,,Vietnam,VN,,no,,,other,,0,0
KH11905,17487126,,,,,,,,,Vietnam,VN,,no,,,other,,425000,1
KH11906,17487127,,,,,,,,,Vietnam,VN,,no,,,other,,0,0
KH11907,17487128,,,,,,,,,Vietnam,VN,,no,,,other,,0,0
KH11908,17487129,,,,,,,,,Vietnam,VN,,no,,,other,,0,0
KH11909,17487130,,,,,,,,,Vietnam,VN,,no,,,other,,0,0
KH11910,17487131,,,,,,,,,Vietnam,VN,,no,,,other,,0,0
KH11911,17487132,,,,,,,,,Vietnam,VN,,no,,,other,,0,0
KH11912,17487133,,,,,,,,,Vietnam,VN,,no,,,other,,0,0
KH11913,17487134,,,,,,,,,Vietnam,VN,,no,,,other,,0,0
KH11914,17487135,,,,,,,,,Vietnam,VN,,no,,,other,,0,0
KH11915,17487136,,,,,,,,,Vietnam,VN,,no,,,other,,0,0
KH11916,17487137,,,,,,,,,Vietnam,VN,,no,,,other,,0,0
KH11917,17487138,,,,,,,,,Vietnam,VN,,no,,,other,,0,0
KH11918,17487139,,,,,,,,,Vietnam,VN,,no,,,other,,0,0
KH11919,17487140,,,,,,,,,Vietnam,VN,,no,,,other,,0,0
KH11920,17487141,,,,,,,,,Vietnam,VN,,no,,,other,,0,0
KH11921,17487142,,,,,,,,,Vietnam,VN,,no,,,male,,0,0
KH11922,17487143,,,,,,,,,Vietnam,VN,,no,,,other,,0,0
KH11923,17487144,,,,,,,,,Vietnam,VN,,no,,,other,,0,0
KH11924,17487145,,,,,,,,,Vietnam,VN,,no,,,other,,0,0
KH11925,17487146,,,,,,,,,Vietnam,VN,,no,,,other,,0,0
KH11926,17487147,,,,,,,,,Vietnam,VN,,no,,,other,,0,0
KH11927,17487148,,,,,,,,,Vietnam,VN,,no,,,other,,3930000,4
KH11928,17487149,,,,,,,,,Vietnam,VN,,no,,,other,,1100000,1
KH11929,17487150,,,,,,,,,Vietnam,VN,,no,,,other,,0,0
KH11930,17487151,,,,,,,,,Vietnam,VN,,no,,,other,,0,0
KH11931,17487152,,,,,,,,,Vietnam,VN,,no,,,other,,0,0
KH11932,17487153,,,,,,,,,Vietnam,VN,,no,,,other,,0,0
KH11933,17487154,,,,,,,,,Vietnam,VN,,no,,,other,,0,0
KH11934,17487155,,,,,,,,,Vietnam,VN,,no,,,other,,0,0
KH11935,17487156,,,,,,,,,Vietnam,VN,,no,,,other,,1625000,4
KH11936,17487157,,,,,,,,,Vietnam,VN,,no,,,other,,0,0
KH11937,17487158,,,,,,,,,Vietnam,VN,,no,,,other,,1005000,1
KH11938,17487159,,,,,,,,,Vietnam,VN,,no,,,other,,0,0
KH11939,17487160,,,,,,,,,Vietnam,VN,,no,,,other,,0,0
KH11940,17487161,,,,,,,,,Vietnam,VN,,no,,,other,,0,0
KH11941,17487162,,,,,,,,,Vietnam,VN,,no,,,other,,0,0
KH11942,17487163,,,,,,,,,Vietnam,VN,,no,,,other,,1840000,1
KH11943,17487164,,,,,,,,,Vietnam,VN,,yes,,,female,,0,1
KH11944,17487165,,,,,,,,,Vietnam,VN,,no,,,other,,0,0
KH11945,17487166,,,,,,,,,Vietnam,VN,,no,,,other,,0,0
KH11946,17487167,,,,,,,,,Vietnam,VN,,no,,,other,,3398000,9
KH11947,17487168,,,,,,,,,Vietnam,VN,,no,,,female,,0,0
KH11948,17487169,,TP Hồ Chí Minh,TP Hồ Chí Minh,2.0,Quận Tân Bình,43.0,Phường 10,9308.0,Vietnam,VN,,no,sapo_social,,male,,4040000,1
KH11949,17487170,,,,,,,,,Vietnam,VN,,no,,,other,,0,0
KH11950,17487171,,,,,,,,,Vietnam,VN,,no,,,other,,0,0
KH11951,17487172,,,,,,,,,Vietnam,VN,,no,,,other,,0,0
KH11952,17487173,,,,,,,,,Vietnam,VN,,no,,,other,,0,0
KH11953,17487174,,,,,,,,,Vietnam,VN,,no,,,other,,450000,1
KH11954,17487175,,,,,,,,,Vietnam,VN,,no,,,other,,0,0
KH11955,17487176,,,,,,,,,Vietnam,VN,,no,,,other,,0,0
KH11956,17487177,,,,,,,,,Vietnam,VN,,no,,,other,,0,0
KH11957,17487178,,,,,,,,,Vietnam,VN,,no,,,other,,0,0
KH11958,17487179,,,,,,,,,Vietnam,VN,,no,,,other,,0,0
KH11959,17487180,,,,,,,,,Vietnam,VN,,no,,,other,,0,0
KH11960,17487181,,,,,,,,,Vietnam,VN,,no,,,other,,4430000,3
KH11961,17487182,,,,,,,,,Vietnam,VN,,no,,,male,,0,0
KH11962,17487183,,,,,,,,,Vietnam,VN,,no,sapo_social,,male,,29414000,3
KH11963,17487184,,,,,,,,,Vietnam,VN,,no,,,other,,0,0
KH11964,17487185,,,,,,,,,Vietnam,VN,,no,,,other,,0,0
KH11965,17487186,,,,,,,,,Vietnam,VN,,no,,,other,,0,0
KH11966,17487187,,,,,,,,,Vietnam,VN,,no,,,other,,342000,1
KH11967,17487188,,,,,,,,,Vietnam,VN,,no,,,other,,330000,1
KH11968,17487189,,,,,,,,,Vietnam,VN,,no,,,other,,0,0
KH11969,17487190,,,,,,,,,Vietnam,VN,,no,,,female,,0,0
KH11970,17487191,,,,,,,,,Vietnam,VN,,no,,,other,,0,0
KH11971,17487192,,,,,,,,,Vietnam,VN,,no,,,male,,0,0
KH11972,17487193,,,,,,,,,Vietnam,VN,,no,,,male,,0,0
KH11973,17487194,,,,,,,,,Vietnam,VN,,no,,,female,,0,0
KH11974,17487195,,,,,,,,,Vietnam,VN,,no,,,other,,0,0
KH11975,17487196,,,,,,,,,Vietnam,VN,,no,,,male,,0,0
KH11976,17487197,,,,,,,,,Vietnam,VN,,no,,,other,,0,0
KH11977,17487198,,,,,,,,,Vietnam,VN,,no,,,other,,0,0
KH11978,17487199,,,,,,,,,Vietnam,VN,,no,sapo_social,,other,,155529000,9
KH11979,17487200,,,,,,,,,Vietnam,VN,,no,,,male,,1412000,3
KH11980,17487201,,,,,,,,,Vietnam,VN,,no,,,other,,0,0
KH11981,17487202,,,,,,,,,Vietnam,VN,,no,,,other,,0,0
KH11982,17487203,,,,,,,,,Vietnam,VN,,no,,,other,,0,0
KH11983,17487204,,,,,,,,,Vietnam,VN,,no,sapo_social,,other,,9264000,4
KH11984,17487205,,,,,,,,,Vietnam,VN,,no,sapo_social,,other,,1001000,2
KH11985,17487206,,TP Hồ Chí Minh,TP Hồ Chí Minh,2.0,Thành phố Thủ Đức,10924.0,Phường An Lợi Đông,107428.0,Vietnam,VN,,no,sapo_social,,male,,1900000,1
KH11986,17487207,,,,,,,,,Vietnam,VN,,no,,,other,,0,0
KH11987,17487208,,,,,,,,,Vietnam,VN,,no,,,other,,0,0
KH11988,17487209,,,,,,,,,Vietnam,VN,,no,sapo_social,,other,,0,3
KH11989,17487210,,,,,,,,,Vietnam,VN,,no,,,other,,0,0
KH11990,17487211,,,,,,,,,Vietnam,VN,,no,,,other,,400000,1
KH11991,17487212,,,,,,,,,Vietnam,VN,,no,,,other,,0,0
KH11992,17487213,,,,,,,,,Vietnam,VN,,no,,,other,,0,0
KH11993,17487214,,,,,,,,,Vietnam,VN,,no,,,other,,0,0
KH11994,17487215,,,,,,,,,Vietnam,VN,,no,,,other,,0,0
KH11995,17487216,,,,,,,,,Vietnam,VN,,no,,,other,,0,0
KH11996,17487217,,,,,,,,,Vietnam,VN,,no,,,other,,0,0
KH11997,17487218,,,,,,,,,Vietnam,VN,,no,,,other,,0,0
KH11998,17487219,,,,,,,,,Vietnam,VN,,no,,,other,,0,0
KH11999,17487220,,,,,,,,,Vietnam,VN,,no,,,other,,0,0
KH12000,17487221,,,,,,,,,Vietnam,VN,,no,,,other,,0,0
KH12001,17487222,,,,,,,,,Vietnam,VN,,no,,,other,,0,0
KH12002,17487223,,,,,,,,,Vietnam,VN,,no,,,other,,0,0
KH12003,17487224,,,,,,,,,Vietnam,VN,,no,,,other,,39545000,5
KH12004,17487225,,,,,,,,,Vietnam,VN,,no,,,other,,0,0
KH12005,17487226,,,,,,,,,Vietnam,VN,,no,,,other,,0,0
KH12006,17487227,,,,,,,,,Vietnam,VN,,no,,,other,,0,0
KH12007,17487228,,,,,,,,,Vietnam,VN,,no,,,other,,0,0
KH12008,17487229,,,,,,,,,Vietnam,VN,,no,,,other,,464000,1
KH12009,17487230,,,,,,,,,Vietnam,VN,,no,,,other,,0,0
KH12010,17487231,,,,,,,,,Vietnam,VN,,no,,,other,,0,0
KH12011,17487232,,,,,,,,,Vietnam,VN,,no,,,other,,0,0
KH12012,17487233,,,,,,,,,Vietnam,VN,,no,,,other,,950000,2
KH12013,17487234,,,,,,,,,Vietnam,VN,,no,,,other,,450000,1
KH12014,17487235,,,,,,,,,Vietnam,VN,,no,,,other,,0,0
KH12015,17487236,,,,,,,,,Vietnam,VN,,no,,,other,,0,0
KH12016,17487237,,,,,,,,,Vietnam,VN,,no,,,other,,0,0
KH12017,17487238,,,,,,,,,Vietnam,VN,,no,,,other,,0,0
KH12018,17487239,,,,,,,,,Vietnam,VN,,no,,,other,,0,0
KH12019,17487240,,,,,,,,,Vietnam,VN,,no,,,other,,0,0
KH12020,17487241,,,,,,,,,Vietnam,VN,,no,,,other,,500000,2
KH12021,17487242,,,,,,,,,Vietnam,VN,,no,,,other,,0,0
KH12022,17487243,,,,,,,,,Vietnam,VN,,no,,,other,,0,0
KH12023,17487244,,,,,,,,,Vietnam,VN,,no,sapo_social,,other,,37703400,6
KH12024,17487245,,,,,,,,,Vietnam,VN,,no,,,other,,1350000,1
KH12025,17487246,,,,,,,,,Vietnam,VN,,no,,,other,,0,0
KH12026,17487247,,,,,,,,,Vietnam,VN,,no,,,other,,0,0
KH12027,17487248,,,,,,,,,Vietnam,VN,,no,,,other,,0,1
KH12028,17487249,,,,,,,,,Vietnam,VN,,no,,,other,,0,0
KH12029,17487250,,,,,,,,,Vietnam,VN,,no,,,other,,0,0
KH12030,17487251,,,,,,,,,Vietnam,VN,,no,,,other,,0,0
KH12031,17487252,,,,,,,,,Vietnam,VN,,no,,,other,,0,0
KH12032,17487253,,,,,,,,,Vietnam,VN,,no,,,other,,0,0
KH12033,17487254,,,,,,,,,Vietnam,VN,,no,,,other,,0,0
KH12034,17487255,,,,,,,,,Vietnam,VN,,no,,,other,,0,0
KH12035,17487256,,,,,,,,,Vietnam,VN,,no,,,other,,0,0
KH12036,17487257,,,,,,,,,Vietnam,VN,,no,,,other,,0,0
KH12037,17487258,,,,,,,,,Vietnam,VN,,no,sapo_social,,other,,1034000,1
KH12038,17487259,,,,,,,,,Vietnam,VN,,no,,,other,,0,0
KH12039,17487260,,,,,,,,,Vietnam,VN,,no,,,other,,0,0
KH12040,17487261,,,,,,,,,Vietnam,VN,,no,,,other,,0,0
KH12041,17487262,,,,,,,,,Vietnam,VN,,no,,,other,,0,0
KH12042,17487263,,,,,,,,,Vietnam,VN,,no,,,other,,0,0
KH12043,17487264,,,,,,,,,Vietnam,VN,,no,,,male,,0,0
KH12044,17487265,,,,,,,,,Vietnam,VN,,no,,,other,,450000,1
KH12045,17487266,,,,,,,,,Vietnam,VN,,no,,,other,,1480000,1
KH12046,17487267,,,,,,,,,Vietnam,VN,,no,,,other,,0,0
KH12047,17487268,,,,,,,,,Vietnam,VN,,no,,,other,,0,0
KH12048,17487269,,,,,,,,,Vietnam,VN,,no,,,other,,0,0
KH12049,17487270,,,,,,,,,Vietnam,VN,,no,,,other,,0,0
KH12050,17487271,,,,,,,,,Vietnam,VN,,no,,,other,,0,0
KH12051,17487272,,,,,,,,,Vietnam,VN,,no,,,other,,0,0
KH12052,17487273,,,,,,,,,Vietnam,VN,,no,,,other,,0,0
KH12053,17487274,,,,,,,,,Vietnam,VN,,no,,,other,,0,0
KH12054,17487275,,,,,,,,,Vietnam,VN,,no,,,other,,0,0
KH12055,17487276,,,,,,,,,Vietnam,VN,,no,,,other,,0,0
KH12056,17487277,,,,,,,,,Vietnam,VN,,no,,,other,,0,0
KH12057,17487278,,,,,,,,,Vietnam,VN,,no,,,other,,0,0
KH12058,17487279,,,,,,,,,Vietnam,VN,,no,,,other,,0,0
KH12059,17487280,,,,,,,,,Vietnam,VN,,no,,,male,,0,0
KH12060,17487281,,,,,,,,,Vietnam,VN,,no,,,other,,0,0
KH12061,17487282,,,,,,,,,Vietnam,VN,,no,,,other,,0,0
KH12062,17487283,,,,,,,,,Vietnam,VN,,no,,,other,,0,0
KH12063,17487284,,,,,,,,,Vietnam,VN,,no,,,other,,0,0
KH12064,17487285,,,,,,,,,Vietnam,VN,,no,,,other,,0,0
KH12065,17487286,,,,,,,,,Vietnam,VN,,no,,,other,,0,0
KH12066,17487287,,,,,,,,,Vietnam,VN,,no,,,other,,0,0
KH12067,17487288,,,,,,,,,Vietnam,VN,,no,,,other,,0,0
KH12068,17487289,,,,,,,,,Vietnam,VN,,no,,,other,,0,0
KH12069,17487290,,,,,,,,,Vietnam,VN,,no,,,other,,0,0
KH12070,17487291,,,,,,,,,Vietnam,VN,,no,,,other,,0,0
KH12071,17487292,,,,,,,,,Vietnam,VN,,no,,,other,,0,0
KH12072,17487293,,,,,,,,,Vietnam,VN,,no,,,other,,0,0
KH12073,17487294,,,,,,,,,Vietnam,VN,,no,,,other,,0,0
KH12074,17487295,,,,,,,,,Vietnam,VN,,no,,,other,,0,0
KH12075,17487296,,,,,,,,,Vietnam,VN,,no,,,other,,0,0
KH12076,17487297,,,,,,,,,Vietnam,VN,,no,,,other,,0,0
KH12077,17487298,,,,,,,,,Vietnam,VN,,no,,,other,,0,0
KH12078,17487299,,,,,,,,,Vietnam,VN,,no,,,other,,0,0
KH12079,17487300,,,,,,,,,Vietnam,VN,,no,,,other,,0,0
KH12080,17487301,,,,,,,,,Vietnam,VN,,no,,,other,,0,0
KH12081,17487302,,,,,,,,,Vietnam,VN,,no,,,other,,825000,1
KH12082,17487303,,,,,,,,,Vietnam,VN,,no,,,other,,990000,1
KH12083,17487304,,,,,,,,,Vietnam,VN,,no,,,other,,1410000,2
KH12084,17487305,,,,,,,,,Vietnam,VN,,no,sapo_social,,other,,8714000,1
KH12085,17487306,,,,,,,,,Vietnam,VN,,no,,,other,,0,0
KH12086,17487307,,,,,,,,,Vietnam,VN,,no,,,female,,0,0
KH12087,17487308,,,,,,,,,Vietnam,VN,,no,,,other,,0,0
KH12088,17487309,,,,,,,,,Vietnam,VN,,no,,,other,,590000,1
KH12089,17487310,,,,,,,,,Vietnam,VN,,no,,,other,,0,0
KH12090,17487311,,,,,,,,,Vietnam,VN,,no,,,other,,0,0
KH12091,17487312,,,,,,,,,Vietnam,VN,,no,,,other,,0,0
KH12092,17487313,,,,,,,,,Vietnam,VN,,no,,,other,,0,0
KH12093,17487314,,,,,,,,,Vietnam,VN,,no,,,other,,0,0
KH12094,17487315,,,,,,,,,Vietnam,VN,,no,,,other,,0,0
KH12095,17487316,,,,,,,,,Vietnam,VN,,no,,,other,,0,0
KH12096,17487317,,,,,,,,,Vietnam,VN,,no,,,other,,0,0
KH12097,17487318,,,,,,,,,Vietnam,VN,,no,,,other,,0,0
KH12098,17487319,,,,,,,,,Vietnam,VN,,no,,,other,,0,0
KH12099,17487320,,,,,,,,,Vietnam,VN,,no,,,other,,0,0
KH12100,17487321,,,,,,,,,Vietnam,VN,,no,,,other,,0,0
KH12101,17487322,,,,,,,,,Vietnam,VN,,no,,,other,,0,0
KH12102,17487323,,,,,,,,,Vietnam,VN,,no,,,male,,0,0
KH12103,17487324,,,,,,,,,Vietnam,VN,,no,,,female,,0,0
KH12104,17487325,,,,,,,,,Vietnam,VN,,no,,,other,,295000,1
KH12105,17487326,,,,,,,,,Vietnam,VN,,no,,,other,,0,0
KH12106,17487327,,,,,,,,,Vietnam,VN,,no,sapo_social,,other,,9437500,9
KH12107,17487328,,,,,,,,,Vietnam,VN,,no,,,other,,0,0
KH12108,17487329,,,,,,,,,Vietnam,VN,,no,,,other,,0,0
KH12109,17487330,,,,,,,,,Vietnam,VN,,no,,,female,,0,0
KH12110,17487331,,,,,,,,,Vietnam,VN,,no,,,other,,0,0
KH12111,17487332,,,,,,,,,Vietnam,VN,,no,,,other,,1870000,1
KH12112,17487333,,,,,,,,,Vietnam,VN,,no,,,other,,0,0
KH12113,17487334,,,,,,,,,Vietnam,VN,,no,,,other,,0,0
KH12114,17487335,,,,,,,,,Vietnam,VN,,no,,,male,,0,0
KH12115,17487336,,,,,,,,,Vietnam,VN,,no,,,other,,0,0
KH12116,17487337,,,,,,,,,Vietnam,VN,,no,,,other,,0,0
KH12117,17487338,,,,,,,,,Vietnam,VN,,no,,,other,,1606000,1
KH12118,17487339,,,,,,,,,Vietnam,VN,,no,,,male,,8077700,13
KH12119,17487340,,,,,,,,,Vietnam,VN,,no,,,other,,0,0
KH12120,17487341,,,,,,,,,Vietnam,VN,,no,,,other,,0,0
KH12121,17487342,,,,,,,,,Vietnam,VN,,no,,,other,,0,0
KH12122,17487343,,,,,,,,,Vietnam,VN,,no,,,other,,0,0
KH12123,17487344,,,,,,,,,Vietnam,VN,,no,sapo_social,,other,,2443670,3
KH12124,17487345,,,,,,,,,Vietnam,VN,,no,,,other,,0,0
KH12125,17487346,,,,,,,,,Vietnam,VN,,no,,,other,,0,0
KH12126,17487347,,,,,,,,,Vietnam,VN,,no,,,other,,0,0
KH12127,17487348,,,,,,,,,Vietnam,VN,,no,,,other,,0,0
KH12128,17487349,,,,,,,,,Vietnam,VN,,no,,,other,,0,0
KH12129,17487350,,,,,,,,,Vietnam,VN,,no,,,other,,0,0
KH12130,17487351,,,,,,,,,Vietnam,VN,,no,,,other,,0,0
KH12131,17487352,,,,,,,,,Vietnam,VN,,no,,,other,,0,0
KH12132,17487353,,,,,,,,,Vietnam,VN,,no,,,other,,0,0
KH12133,17487354,,,,,,,,,Vietnam,VN,,no,,,other,,0,0
KH12134,17487355,,,,,,,,,Vietnam,VN,,no,,,other,,0,0
KH12135,17487356,,,,,,,,,Vietnam,VN,,no,,,other,,0,0
KH12136,17487357,,,,,,,,,Vietnam,VN,,no,sapo_social,,other,,482500,1
KH12137,17487358,,,,,,,,,Vietnam,VN,,no,,,other,,0,0
KH12138,17487359,,,,,,,,,Vietnam,VN,,no,,,other,,0,0
KH12139,17487360,,,,,,,,,Vietnam,VN,,no,,,other,,750000,1
KH12140,17487361,,,,,,,,,Vietnam,VN,,no,,,other,,0,0
KH12141,17487362,,,,,,,,,Vietnam,VN,,no,,,other,,0,0
KH12142,17487363,,,,,,,,,Vietnam,VN,,no,,,other,,0,0
KH12143,17487364,,,,,,,,,Vietnam,VN,,no,,,other,,0,0
KH12144,17487365,,,,,,,,,Vietnam,VN,,no,,,other,,0,0
KH12145,17487366,,,,,,,,,Vietnam,VN,,no,,,other,,0,0
KH12146,17487367,,,,,,,,,Vietnam,VN,,no,sapo_social,,other,,5945000,1
KH12147,17487368,,,,,,,,,Vietnam,VN,,no,sapo_social,,other,,3216000,3
KH12148,17487369,,,,,,,,,Vietnam,VN,,no,,,other,,7980000,3
KH12149,17487370,,,,,,,,,Vietnam,VN,,no,,,other,,0,0
KH12150,17487371,,,,,,,,,Vietnam,VN,,no,,,other,,600000,1
KH12151,17487372,,,,,,,,,Vietnam,VN,,no,,,other,,0,0
KH12152,17487373,,,,,,,,,Vietnam,VN,,no,,,other,,0,0
KH12153,17487374,,,,,,,,,Vietnam,VN,,no,,,other,,0,0
KH12154,17487375,,,,,,,,,Vietnam,VN,,no,,,other,,0,0
KH12155,17487376,,,,,,,,,Vietnam,VN,,no,,,other,,0,0
KH12156,17487377,,,,,,,,,Vietnam,VN,,no,,,other,,3123400,1
KH12157,17487378,,,,,,,,,Vietnam,VN,,no,,,other,,0,0
KH12158,17487379,,,,,,,,,Vietnam,VN,,no,,,other,,1700000,1
KH12159,17487380,,,,,,,,,Vietnam,VN,,no,,,other,,0,0
KH12160,17487381,,,,,,,,,Vietnam,VN,,no,,,other,,0,0
KH12161,17487382,,,,,,,,,Vietnam,VN,,no,,,other,,707000,2
KH12162,17487383,,,,,,,,,Vietnam,VN,,no,,,other,,0,0
KH12163,17487384,,,,,,,,,Vietnam,VN,,no,,,other,,0,0
KH12164,17487385,,,,,,,,,Vietnam,VN,,no,,,other,,0,0
KH12165,17487386,,,,,,,,,Vietnam,VN,,no,,,other,,0,0
KH12166,17487387,,,,,,,,,Vietnam,VN,,no,,,other,,0,0
KH12167,17487388,,,,,,,,,Vietnam,VN,,no,,,other,,430000,1
KH12168,17487389,,,,,,,,,Vietnam,VN,,no,,,other,,0,1
KH12169,17487390,,,,,,,,,Vietnam,VN,,no,,,male,,1371100,2
KH12170,17487391,,,,,,,,,Vietnam,VN,,no,,,other,,0,0
KH12171,17487392,,,,,,,,,Vietnam,VN,,no,,,other,,0,0
KH12172,17487393,,,,,,,,,Vietnam,VN,,no,,,other,,0,0
KH12173,17487394,,,,,,,,,Vietnam,VN,,no,,,other,,0,0
KH12174,17487395,,,,,,,,,Vietnam,VN,,no,,,male,,0,0
KH12175,17487396,,,,,,,,,Vietnam,VN,,no,,,other,,0,0
KH12176,17487397,,,,,,,,,Vietnam,VN,,no,,,other,,0,0
KH12177,17487398,,,,,,,,,Vietnam,VN,,no,,,other,,1307000,1
KH12178,17487399,,,,,,,,,Vietnam,VN,,no,,,other,,0,0
KH12179,17487400,,,,,,,,,Vietnam,VN,,no,,,other,,0,0
KH12180,17487401,,,,,,,,,Vietnam,VN,,no,,,other,,63580000,1
KH12181,17487402,,,,,,,,,Vietnam,VN,,no,sapo_social,,male,,0,1
KH12182,17487403,,,,,,,,,Vietnam,VN,,no,,,other,,0,0
KH12183,17487404,,,,,,,,,Vietnam,VN,,no,,,other,,0,0
KH12184,17487406,,,,,,,,,Vietnam,VN,,no,,,other,,0,0
KH12185,17487407,,,,,,,,,Vietnam,VN,,no,,,other,,0,0
KH12186,17487408,,,,,,,,,Vietnam,VN,,no,,,other,,0,0
KH12187,17487409,,,,,,,,,Vietnam,VN,,no,,,other,,0,0
KH12188,17487410,,,,,,,,,Vietnam,VN,,no,,,female,,55000000,1
KH12189,17487411,,,,,,,,,Vietnam,VN,,no,,,other,,0,0
KH12190,17487412,,,,,,,,,Vietnam,VN,,no,,,other,,0,0
KH12191,17487413,,,,,,,,,Vietnam,VN,,no,sapo_social,,other,,2553100,2
KH12192,17487414,,,,,,,,,Vietnam,VN,,no,,,other,,0,0
KH12193,17487415,,,,,,,,,Vietnam,VN,,no,,,other,,0,0
KH12194,17487416,,,,,,,,,Vietnam,VN,,no,,,other,,0,0
KH12195,17487417,,,,,,,,,Vietnam,VN,,no,,,other,,0,0
KH12196,17487418,,,,,,,,,Vietnam,VN,,no,,,other,,0,0
KH12197,17487419,,,,,,,,,Vietnam,VN,,no,,,other,,0,0
KH12198,17487420,,,,,,,,,Vietnam,VN,,no,,,other,,0,0
KH12199,17487421,,,,,,,,,Vietnam,VN,,no,,,other,,0,0
KH12200,17487422,,,,,,,,,Vietnam,VN,,no,,,other,,0,0
KH12201,17487423,,,,,,,,,Vietnam,VN,,no,,,other,,786000,1
KH12202,17487424,,,,,,,,,Vietnam,VN,,no,,,other,,0,0
KH12203,17487425,,,,,,,,,Vietnam,VN,,no,,,other,,0,0
KH12204,17487426,,,,,,,,,Vietnam,VN,,no,,,other,,2700000,1
KH12205,17487427,,,,,,,,,Vietnam,VN,,no,,,other,,0,0
KH12206,17487428,,,,,,,,,Vietnam,VN,,no,,,other,,0,0
KH12207,17487429,,,,,,,,,Vietnam,VN,,no,,,other,,270000,1
KH12208,17487430,,,,,,,,,Vietnam,VN,,no,,,other,,0,0
KH12209,17487431,,,,,,,,,Vietnam,VN,,no,,,other,,0,0
KH12210,17487432,,,,,,,,,Vietnam,VN,,no,,,other,,3770000,2
KH12211,17487433,,,,,,,,,Vietnam,VN,,no,,,other,,0,0
KH12212,17487434,,,,,,,,,Vietnam,VN,,no,,,other,,0,0
KH12213,17487435,,,,,,,,,Vietnam,VN,,no,,,other,,0,0
KH12214,17487436,,,,,,,,,Vietnam,VN,,no,,,other,,0,0
KH12215,17487437,,,,,,,,,Vietnam,VN,,no,,,other,,0,0
KH12216,17487438,,,,,,,,,Vietnam,VN,,no,,,other,,0,0
KH12217,17487439,,,,,,,,,Vietnam,VN,,no,,,other,,0,0
KH12218,17487440,,,,,,,,,Vietnam,VN,,no,,,other,,0,0
KH12219,17487441,,,,,,,,,Vietnam,VN,,no,,,other,,520000,1
KH12220,17487442,,,,,,,,,Vietnam,VN,,no,,,other,,0,0
KH12221,17487443,,An Giang,An Giang,3.0,Thành phố Long Xuyên,54.0,Phường Bình Khánh,10432.0,Vietnam,VN,,no,sapo_social,,other,,53100000,1
KH12222,17487444,,,,,,,,,Vietnam,VN,,no,,,other,,0,0
KH12223,17487445,,,,,,,,,Vietnam,VN,,no,,,other,,0,0
KH12224,17487446,,,,,,,,,Vietnam,VN,,no,,,female,,0,0
KH12225,17487447,,,,,,,,,Vietnam,VN,,no,,,other,,0,0
KH12226,17487448,,,,,,,,,Vietnam,VN,,no,,,other,,0,0
KH12227,17487449,,,,,,,,,Vietnam,VN,,no,,,other,,300000,1
KH12228,17487450,,,,,,,,,Vietnam,VN,,no,,,other,,0,0
KH12229,17487451,,,,,,,,,Vietnam,VN,,no,,,other,,0,0
KH12230,17487452,,,,,,,,,Vietnam,VN,,no,,,other,,0,0
KH12231,17487453,,,,,,,,,Vietnam,VN,,no,,,other,,0,0
KH12232,17487454,,,,,,,,,Vietnam,VN,,no,,,other,,0,0
KH12233,17487455,,,,,,,,,Vietnam,VN,,no,,,other,,0,0
KH12234,17487456,,,,,,,,,Vietnam,VN,,no,,,other,,0,0
KH12235,17487457,,,,,,,,,Vietnam,VN,,no,,,other,,0,0
KH12236,17487458,,,,,,,,,Vietnam,VN,,no,,,other,,2728000,1
KH12237,17487459,,,,,,,,,Vietnam,VN,,no,,,other,,0,0
KH12238,17487460,,,,,,,,,Vietnam,VN,,no,,,other,,0,0
KH12239,17487461,,,,,,,,,Vietnam,VN,,no,,,other,,0,0
KH12240,17487462,,,,,,,,,Vietnam,VN,,no,,,other,,0,0
KH12241,17487463,,,,,,,,,Vietnam,VN,,no,,,other,,0,0
KH12242,17487464,,,,,,,,,Vietnam,VN,,no,,,other,,0,0
KH12243,17487465,,,,,,,,,Vietnam,VN,,no,,,other,,0,0
KH12244,17487466,,,,,,,,,Vietnam,VN,,no,,,other,,0,0
KH12245,17487467,,,,,,,,,Vietnam,VN,,no,,,other,,0,0
KH12246,17487468,,,,,,,,,Vietnam,VN,,no,,,other,,0,0
KH12247,17487469,,,,,,,,,Vietnam,VN,,no,,,other,,0,0
KH12248,17487470,,,,,,,,,,,,no,,,male,,0,0
KH12249,17487471,,,,,,,,,Vietnam,VN,,no,,,other,,0,0
KH12250,17487472,,,,,,,,,Vietnam,VN,,no,,,other,,0,0
KH12251,17487473,,,,,,,,,Vietnam,VN,,no,,,other,,0,0
KH12252,17487474,,,,,,,,,Vietnam,VN,,no,,,other,,0,0
KH12253,17487475,,,,,,,,,Vietnam,VN,,no,,,other,,0,0
KH12254,17487476,,,,,,,,,Vietnam,VN,,no,,,other,,0,0
KH12255,17487477,,,,,,,,,Vietnam,VN,,no,,,female,,0,0
KH12256,17487478,,,,,,,,,Vietnam,VN,,no,,,other,,9156500,4
KH12257,17487479,,,,,,,,,Vietnam,VN,,no,,,other,,0,0
KH12258,17487480,,,,,,,,,Vietnam,VN,,no,,,other,,0,0
KH12259,17487481,,,,,,,,,Vietnam,VN,,no,,,other,,0,0
KH12260,17487482,,,,,,,,,Vietnam,VN,,no,,,other,,0,0
KH12261,17487483,,,,,,,,,Vietnam,VN,,no,,,other,,0,0
KH12262,17487484,,,,,,,,,Vietnam,VN,,no,,,other,,0,0
KH12263,17487485,,,,,,,,,Vietnam,VN,,no,,,other,,0,0
KH12264,17487486,,,,,,,,,Vietnam,VN,,no,,,other,,0,0
KH12265,17487487,,,,,,,,,Vietnam,VN,,no,,,other,,0,0
KH12266,17487488,,,,,,,,,Vietnam,VN,,no,,,other,,0,0
KH12267,17487489,,,,,,,,,Vietnam,VN,,no,,,other,,0,0
KH12268,17487490,,,,,,,,,Vietnam,VN,,no,,,other,,1200000,1
KH12269,17487491,,,,,,,,,Vietnam,VN,,no,,,other,,0,0
KH12270,17487492,,,,,,,,,Vietnam,VN,,no,,,other,,0,0
KH12271,17487493,,,,,,,,,Vietnam,VN,,no,,,other,,31447900,1
KH12272,17487494,,,,,,,,,Vietnam,VN,,no,,,other,,5295000,1
KH12273,17487495,,,,,,,,,Vietnam,VN,,no,,,other,,0,0
KH12274,17487496,,,,,,,,,Vietnam,VN,,no,,,other,,1500000,1
KH12275,17487497,,,,,,,,,Vietnam,VN,,no,,,other,,0,0
KH12276,17487498,,,,,,,,,Vietnam,VN,,no,,,other,,0,0
KH12277,17487499,,,,,,,,,Vietnam,VN,,no,,,other,,0,0
KH12278,17487500,,,,,,,,,Vietnam,VN,,no,,,other,,0,0
KH12279,17487501,,,,,,,,,Vietnam,VN,,no,,,other,,0,0
KH12280,17487502,,,,,,,,,Vietnam,VN,,no,,,other,,5450000,1
KH12281,17487503,,,,,,,,,Vietnam,VN,,no,,,other,,0,0
KH12282,17487504,,,,,,,,,Vietnam,VN,,no,,,other,,1600000,2
KH12283,17487505,,,,,,,,,Vietnam,VN,,no,,,other,,0,0
KH12284,17487506,,,,,,,,,Vietnam,VN,,no,,,other,,0,0
KH12285,17487507,,,,,,,,,Vietnam,VN,,no,,,other,,0,0
KH12286,17487508,,,,,,,,,Vietnam,VN,,no,,,male,,0,0
KH12287,17487509,,,,,,,,,Vietnam,VN,,no,,,other,,0,0
KH12288,17487510,,,,,,,,,Vietnam,VN,,no,,,other,,6480000,2
KH12289,17487511,,,,,,,,,Vietnam,VN,,no,,,other,,0,0
KH12290,17487512,,,,,,,,,Vietnam,VN,,no,,,other,,0,0
KH12291,17487513,,,,,,,,,Vietnam,VN,,no,,,other,,0,0
KH12292,17487514,,,,,,,,,Vietnam,VN,,no,,,other,,0,0
KH12293,17487515,,,,,,,,,Vietnam,VN,,no,,,other,,0,0
KH12294,17487516,,,,,,,,,Vietnam,VN,,no,,,other,,0,0
KH12295,17487517,,,,,,,,,Vietnam,VN,,no,,,other,,5623250,4
KH12296,17487518,,,,,,,,,Vietnam,VN,,no,,,other,,0,0
KH12297,17487519,,,,,,,,,Vietnam,VN,,no,,,other,,0,0
KH12298,17487520,,,,,,,,,Vietnam,VN,,no,,,other,,0,0
KH12299,17487521,,,,,,,,,Vietnam,VN,,no,,,other,,0,0
KH12300,17487522,,,,,,,,,Vietnam,VN,,no,,,other,,0,0
KH12301,17487523,,,,,,,,,Vietnam,VN,,no,sapo_social,,other,,630000,1
KH12302,17487524,,,,,,,,,Vietnam,VN,,no,,,other,,0,0
KH12303,17487525,,,,,,,,,Vietnam,VN,,no,,,other,,0,0
KH12304,17487526,,,,,,,,,Vietnam,VN,,no,sapo_social,,other,,5200000,2
KH12305,17487527,,,,,,,,,Vietnam,VN,,no,,,other,,0,0
KH12306,17487528,,,,,,,,,Vietnam,VN,,no,,,other,,2529000,1
KH12307,17487529,,,,,,,,,Vietnam,VN,,no,,,other,,0,0
KH12308,17487530,,,,,,,,,Vietnam,VN,,no,,,other,,0,0
KH12309,17487531,,,,,,,,,Vietnam,VN,,no,,,other,,772000,2
KH12310,17487532,,,,,,,,,Vietnam,VN,,no,,,other,,0,0
KH12311,17487533,,,,,,,,,Vietnam,VN,,no,,,other,,0,0
KH12312,17487534,,,,,,,,,Vietnam,VN,,no,,,other,,0,0
KH12313,17487535,,,,,,,,,Vietnam,VN,,no,,,other,,0,0
KH12314,17487536,,,,,,,,,Vietnam,VN,,no,,,other,,0,0
KH12315,17487537,,,,,,,,,Vietnam,VN,,no,,,other,,0,0
KH12316,17487538,,,,,,,,,Vietnam,VN,,no,,,other,,0,0
KH12317,17487539,,,,,,,,,Vietnam,VN,,no,,,other,,0,0
KH12318,17487540,,,,,,,,,Vietnam,VN,,no,,,other,,0,0
KH12319,17487541,,,,,,,,,Vietnam,VN,,no,,,other,,0,0
KH12320,17487542,,,,,,,,,Vietnam,VN,,no,,,other,,0,0
KH12321,17487543,,,,,,,,,Vietnam,VN,,no,,,other,,750000,1
KH12322,17487544,,,,,,,,,Vietnam,VN,,no,,,other,,0,0
KH12323,17487545,,,,,,,,,Vietnam,VN,,no,,,other,,0,0
KH12324,17487546,,,,,,,,,Vietnam,VN,,no,,,other,,0,0
KH12325,17487547,,,,,,,,,Vietnam,VN,,no,,,other,,25370000,1
KH12326,17487548,,,,,,,,,Vietnam,VN,,no,,,other,,0,0
KH12327,17487549,,,,,,,,,Vietnam,VN,,no,,,other,,0,0
KH12328,17487550,,,,,,,,,Vietnam,VN,,no,,,other,,0,0
KH12329,17487551,,,,,,,,,Vietnam,VN,,no,,,other,,0,0
KH12330,17487552,,,,,,,,,Vietnam,VN,,no,,,other,,0,0
KH12331,17487553,,,,,,,,,Vietnam,VN,,no,,,other,,0,0
KH12332,17487554,,,,,,,,,Vietnam,VN,,no,,,other,,1880000,1
KH12333,17487555,,,,,,,,,Vietnam,VN,,no,,,other,,0,0
KH12334,17487556,,,,,,,,,Vietnam,VN,,no,,,other,,0,0
KH12335,17487557,,,,,,,,,Vietnam,VN,,no,,,other,,0,0
KH12336,17487558,,,,,,,,,Vietnam,VN,,no,,,other,,0,0
KH12337,17487559,,,,,,,,,Vietnam,VN,,no,,,other,,6500000,1
KH12338,17487560,,,,,,,,,Vietnam,VN,,no,,,other,,4000000,1
KH12339,17487561,,,,,,,,,Vietnam,VN,,no,,,other,,3365000,2
KH12340,17487562,,,,,,,,,Vietnam,VN,,no,,,other,,0,0
KH12341,17487563,,,,,,,,,Vietnam,VN,,no,,,other,,0,0
KH12342,17487564,,,,,,,,,Vietnam,VN,,no,,,other,,0,0
KH12343,17487565,,,,,,,,,Vietnam,VN,,no,,,other,,0,0
KH12344,17487566,,,,,,,,,Vietnam,VN,,no,,,other,,0,0
KH12345,17487567,,,,,,,,,Vietnam,VN,,no,sapo_social,,other,,3100000,4
KH12346,17487568,,,,,,,,,Vietnam,VN,,no,,,other,,0,0
KH12347,17487569,,,,,,,,,Vietnam,VN,,no,,,other,,0,0
KH12348,17487570,,,,,,,,,Vietnam,VN,,no,,,other,,0,0
KH12349,17487571,,,,,,,,,Vietnam,VN,,no,,,other,,0,0
KH12350,17487572,,,,,,,,,Vietnam,VN,,no,,,other,,0,0
KH12351,17487573,,,,,,,,,Vietnam,VN,,no,,,other,,2882000,1
KH12352,17487574,,,,,,,,,Vietnam,VN,,no,,,other,,2145000,1
KH12353,17487575,,,,,,,,,Vietnam,VN,,no,,,other,,0,0
KH12354,17487576,,,,,,,,,Vietnam,VN,,no,,,other,,0,0
KH12355,17487577,,,,,,,,,Vietnam,VN,,no,,,other,,0,0
KH12356,17487578,,,,,,,,,Vietnam,VN,,no,,,other,,0,0
KH12357,17487579,,,,,,,,,Vietnam,VN,,no,,,other,,0,0
KH12358,17487580,,,,,,,,,Vietnam,VN,,no,,,other,,0,0
KH12359,17487581,,,,,,,,,Vietnam,VN,,no,,,other,,1305000,3
KH12360,17487582,,,,,,,,,Vietnam,VN,,no,,,other,,0,0
KH12361,17487583,,,,,,,,,Vietnam,VN,,no,,,other,,0,0
KH12362,17487584,,,,,,,,,Vietnam,VN,,no,,website,other,,0,0
KH12363,17487585,,,,,,,,,Vietnam,VN,,no,,,other,,810000,1
KH12364,17487586,,,,,,,,,Vietnam,VN,,no,,,other,,0,0
KH12365,17487587,,,,,,,,,Vietnam,VN,,no,,,other,,0,0
KH12366,17487588,,,,,,,,,Vietnam,VN,,no,,,other,,0,0
KH12367,17487589,,,,,,,,,Vietnam,VN,,no,,,other,,0,0
KH12368,17487590,,,,,,,,,Vietnam,VN,,no,,,other,,0,0
KH12369,17487591,,,,,,,,,Vietnam,VN,,no,,,other,,98000,1
KH12370,17487592,,,,,,,,,Vietnam,VN,,no,,,other,,0,0
KH12371,17487593,,,,,,,,,Vietnam,VN,,no,,,other,,0,0
KH12372,17487594,,,,,,,,,Vietnam,VN,,no,,,other,,0,0
KH12373,17487595,,,,,,,,,Vietnam,VN,,no,,,other,,0,0
KH12374,17487596,,,,,,,,,Vietnam,VN,,no,,,other,,0,0
KH12375,17487597,,,,,,,,,Vietnam,VN,,no,,,other,,0,0
KH12376,17487598,,TP Hồ Chí Minh,TP Hồ Chí Minh,2.0,Quận 2,31.0,Phường Thạnh Mỹ Lợi,9348.0,Vietnam,VN,,yes,sapo_social,,other,2002-12-25,3583000,14
KH12377,17487599,,,,,,,,,Vietnam,VN,,no,,,other,,0,0
KH12378,17487600,,,,,,,,,Vietnam,VN,,no,,,other,,0,0
KH12379,17487601,,,,,,,,,Vietnam,VN,,no,,,other,,0,0
KH12380,17487602,,,,,,,,,Vietnam,VN,,no,,,other,,0,0
KH12381,17487603,,,,,,,,,Vietnam,VN,,no,,,other,,0,0
KH12382,17487604,,,,,,,,,Vietnam,VN,,no,,,other,,0,0
KH12383,17487605,,,,,,,,,Vietnam,VN,,no,,,other,,0,0
KH12384,17487606,,,,,,,,,Vietnam,VN,,no,,,other,,0,0
KH12385,17487607,,,,,,,,,Vietnam,VN,,no,,,other,,0,0
KH12386,17487608,,,,,,,,,Vietnam,VN,,no,,,other,,0,0
KH12387,17487609,,,,,,,,,Vietnam,VN,,no,,,other,,0,0
KH12388,17487610,,,,,,,,,Vietnam,VN,,no,,,other,,0,0
KH12389,17487611,,,,,,,,,Vietnam,VN,,no,,,other,,0,0
KH12390,17487612,,,,,,,,,Vietnam,VN,,no,,,other,,0,0
KH12391,17489066,,,,,,,,,Vietnam,VN,,no,,,other,,418000,1
KH12392,17489277,,,,,,,,,Vietnam,VN,,no,,,other,,4500000,1
KH12393,17489742,,,,,,,,,Vietnam,VN,,no,,,other,,505000,1
KH12394,17489900,,,,,,,,,Vietnam,VN,,no,,,other,,437000,1
KH12395,17489915,,,,,,,,,Vietnam,VN,,no,,,other,,1655200,1
KH12396,17489928,,,,,,,,,Vietnam,VN,,no,,,other,,1564500,1
KH12397,17489936,,,,,,,,,Vietnam,VN,,no,sapo_social,,other,,4704600,4
KH12398,17489978,,,,,,,,,Vietnam,VN,,no,,,other,,635000,1
KH12399,17490166,,,,,,,,,Vietnam,VN,,no,,,other,,1450000,1
KH12400,17507193,,,,,,,,,Vietnam,VN,,no,,,other,,2930000,1
KH12401,17507204,,,,,,,,,Vietnam,VN,,no,,,other,,1000000,1
KH12402,17507217,,,,,,,,,Vietnam,VN,,no,,,other,,120000,1
KH12403,17507320,,,,,,,,,Vietnam,VN,,no,,,other,,1750000,1
KH12404,17552056,,TP Hồ Chí Minh,TP Hồ Chí Minh,2.0,Quận Bình Thạnh,45.0,Phường 13,9279.0,Vietnam,VN,,no,sapo_social,,other,,1250000,1
KH12405,17552447,CTG,TP Hồ Chí Minh,TP Hồ Chí Minh,2.0,Quận 3,32.0,Phường Võ Thị Sáu,107463.0,Vietnam,VN,700000.0,no,,,other,,0,0
KH12406,17554438,,,,,,,,,Vietnam,VN,,no,,,other,,425000,1
KH12407,17555752,,TP Hồ Chí Minh,TP Hồ Chí Minh,2.0,Quận 3,32.0,Phường Võ Thị Sáu,107463.0,Vietnam,VN,,no,sapo_social,,female,2025-02-19,13546500,5
KH12408,17556414,,,,,,,,,Vietnam,VN,,no,,,other,,1200000,1
KH12409,17561869,,,,,,,,,Vietnam,VN,,no,,,male,,0,0
KH12410,17562635,CTG,TP Hồ Chí Minh,TP Hồ Chí Minh,2.0,Thành phố Thủ Đức,10924.0,Phường Thạnh Mỹ Lợi,107456.0,Vietnam,VN,700000.0,no,,,other,,0,0
KH12411,17569676,,Bình Định,Bình Định,11.0,Thành phố Quy Nhơn,121.0,Phường Nguyễn Văn Cừ,7352.0,Vietnam,VN,,no,sapo_social,,other,,1850000,1
KH12412,17571851,,,,,,,,,Vietnam,VN,,no,,,other,,2850000,1
KH12413,17575564,,,,,,,,,Vietnam,VN,,no,,,other,,900000,1
KH12414,17576733,sapo web,TP Hồ Chí Minh,TP Hồ Chí Minh,2.0,Quận 11,40.0,Phường 15,9380.0,Vietnam,VN,630000.0,no,,,other,,0,0
KH12415,17576945,,,,,,,,,Vietnam,VN,,no,sapo_social,,other,,451000,1
KH12416,17579311,,,,,,,,,Vietnam,VN,,no,,,other,,3135000,7
KH12417,17582908,,TP Hồ Chí Minh,TP Hồ Chí Minh,2.0,Thành phố Thủ Đức,10924.0,Phường Thạnh Mỹ Lợi,107456.0,Vietnam,VN,,no,sapo_social,,other,,4668500,2
KH12418,17583421,,,,,,,,,Vietnam,VN,,no,,,other,,850000,1
KH12419,17584700,,TP Hồ Chí Minh,TP Hồ Chí Minh,2.0,Quận Phú Nhuận,46.0,Phường 7,9328.0,Vietnam,VN,,no,sapo_social,,other,,580000,1
KH12420,17584847,,TP Hồ Chí Minh,TP Hồ Chí Minh,2.0,Quận Tân Phú,44.0,Phường Sơn Kỳ,9316.0,Vietnam,VN,,no,sapo_social,,other,,888000,1
KH12421,17585321,,TP Hồ Chí Minh,TP Hồ Chí Minh,2.0,Quận 3,32.0,Phường Võ Thị Sáu,107463.0,Vietnam,VN,,no,sapo_social,,other,,347000,1
KH12422,17585594,,Hà Nội,Hà Nội,1.0,Quận Hà Đông,5.0,Phường Quang Trung,3281.0,Vietnam,VN,,no,,,other,,0,0
KH12423,17585734,,,,,,,,,Vietnam,VN,,no,,,other,,550000,1
KH12424,17598565,,,,,,,,,Vietnam,VN,,no,sapo_social,,other,,1726000,1
KH12425,17615621,,,,,,,,,,,,no,,,other,,0,0
KH12426,17617119,,,,,,,,,Vietnam,VN,,no,,,other,,350000,1
KH12427,17632675,,,,,,,,,Vietnam,VN,,no,,,other,,490000,1
KH12428,17693712,,,,,,,,,Vietnam,VN,,no,,,other,,2105000,3
KH12429,17739247,,TP Hồ Chí Minh,TP Hồ Chí Minh,2.0,Quận 4,33.0,Phường 13,9397.0,Vietnam,VN,,no,,,other,,0,0
KH12430,17739285,,Hải Phòng,Hải Phòng,28.0,Quận Ngô Quyền,310.0,Phường Đổng Quốc Bình,3888.0,Vietnam,VN,,no,,,other,,0,0
KH12431,17739412,,,,,,,,,Vietnam,VN,,no,sapo_social,,other,,0,0
KH12432,17740089,,,,,,,,,Vietnam,VN,,no,,,other,,425000,1
KH12433,17752573,,,,,,,,,Vietnam,VN,,no,,,other,,1920000,1
KH12434,17861798,,,,,,,,,Vietnam,VN,,no,,,other,,1890000,1
KH12435,17867977,,,,,,,,,,,,no,,,other,,0,0
KH12436,17869837,,TP Hồ Chí Minh,TP Hồ Chí Minh,2.0,Quận Gò Vấp,42.0,Phường 10,9270.0,Vietnam,VN,,no,sapo_social,,other,,840000,2
KH12437,17871444,,,,,,,,,Vietnam,VN,,no,,,other,,1500000,1
KH12438,17877783,,TP Hồ Chí Minh,TP Hồ Chí Minh,2.0,Quận 3,32.0,Phường 6,9357.0,Vietnam,VN,,no,sapo_social,,other,,9010000,3
KH12439,17878095,,,,,,,,,,,,no,,,other,,0,0
KH12440,17894752,,,,,,,,,Vietnam,VN,,no,,,other,,2840000,1
KH12441,17904071,,,,,,,,,,,,no,,,other,,0,0
KH12442,17904457,,,,,,,,,,,,no,,,other,,0,0
KH12443,17905565,,,,,,,,,,,,no,,,other,,0,0
KH12444,17924142,,,,,,,,,,,,no,,,other,,0,0
KH12445,17924188,,,,,,,,,,,,no,,,other,,0,0
KH12446,17925192,,,,,,,,,,,,no,,,other,,0,0
KH12447,17925776,,,,,,,,,,,,no,,,other,,0,0
KH12448,17927513,,,,,,,,,,,,no,,,other,,0,0
KH12449,17928510,,,,,,,,,,,,no,,,other,,0,0
KH12450,17930457,,TP Hồ Chí Minh,TP Hồ Chí Minh,2.0,Quận 7,36.0,Phường Tân Hưng,9469.0,Vietnam,VN,,no,,,female,,425000,1
KH12451,17930831,,,,,,,,,,,,no,,,other,,0,0
KH12452,17956300,,,,,,,,,,,,no,,,other,,0,0
KH12453,17957166,,,,,,,,,,,,no,,,other,,0,0
KH12454,17957181,,,,,,,,,,,,no,,,other,,0,0
KH12455,17957408,,,,,,,,,,,,no,,,other,,0,0
KH12456,17961524,,,,,,,,,,,,no,,,other,,0,0
KH12457,17962019,,,,,,,,,,,,no,,,other,,0,0
KH12458,17962047,,Hải Dương,Hải Dương,27.0,Thành phố Hải Dương,293.0,Phường Tân Bình,3610.0,Vietnam,VN,,no,sapo_social,,other,,3390000,2
KH12459,17962621,,,,,,,,,Vietnam,VN,,no,,,other,,425000,1
KH12460,17962865,,,,,,,,,Vietnam,VN,,no,,,other,,1130000,1
KH12461,17962894,,TP Hồ Chí Minh,TP Hồ Chí Minh,2.0,Quận Bình Thạnh,45.0,Phường 5,9285.0,Vietnam,VN,,no,sapo_social,,female,2025-03-06,13143900,11
KH12462,17965167,,,,,,,,,,,,no,,,other,,0,0
KH12463,17965459,,,,,,,,,,,,no,,,other,,0,0
KH12464,17979275,,,,,,,,,,,,no,,,other,,0,0
KH12465,17985857,,,,,,,,,,,,no,,,other,,0,0
KH12466,17985860,,TP Hồ Chí Minh,TP Hồ Chí Minh,2.0,Quận Bình Thạnh,45.0,Phường 22,9296.0,Vietnam,VN,,no,,,other,,803000,2
KH12467,17997197,,,,,,,,,,,,no,,,other,,0,0
KH12468,17998812,,,,,,,,,,,,no,,,other,,0,0
KH12469,18002083,,,,,,,,,,,,no,,,other,,0,0
KH12470,18002424,,,,,,,,,Vietnam,VN,,no,sapo_social,,other,,0,1
KH12471,18010276,,,,,,,,,,,,no,,,other,,0,0
KH12472,18010373,,,,,,,,,,,,no,,,other,,0,0
KH12473,18010636,,,,,,,,,Vietnam,VN,,no,,,other,,850000,1
KH12474,18010902,,TP Hồ Chí Minh,TP Hồ Chí Minh,2.0,Quận Gò Vấp,42.0,Phường 10,9270.0,Vietnam,VN,,no,sapo_social,,female,2000-02-12,763000,1
KH12475,18010990,,,,,,,,,,,,no,,,other,,57000,1
KH12476,18011389,,,,,,,,,Vietnam,VN,,no,sapo_social,,other,,0,1
KH12477,18012517,,,,,,,,,,,,no,,,other,,0,0
KH12478,18013085,,,,,,,,,Vietnam,VN,,no,,,other,,391000,1
KH12479,18016685,,,,,,,,,Vietnam,VN,,no,,,other,,1122400,1
KH12480,18017396,,,,,,,,,Vietnam,VN,,no,,,other,,579600,1
KH12481,18017496,,,,,,,,,Vietnam,VN,,no,,,other,,304000,1
KH12482,18017936,,,,,,,,,,,,no,,,other,,0,0
KH12483,18019347,,,,,,,,,Vietnam,VN,,no,,,other,,1004000,2
KH12484,18021215,,,,,,,,,,,,no,,,other,,0,0
KH12485,18021911,,,,,,,,,Vietnam,VN,,no,,,other,,2100000,2
KH12486,18023004,,,,,,,,,,,,no,,,other,,0,0
KH12487,18023423,,,,,,,,,,,,no,,,other,,0,0
KH12488,18024115,,,,,,,,,,,,no,,,other,,0,0
KH12489,18024609,,,,,,,,,,,,no,,,other,,0,0
KH12490,18024970,,,,,,,,,Vietnam,VN,,no,,,other,,1510000,1
KH12491,18024992,,,,,,,,,,,,no,,,other,,0,0
KH12492,18025400,,,,,,,,,,,,no,,,other,,0,0
KH12493,18026285,,,,,,,,,,,,no,,,other,,0,0
KH12494,18028762,,,,,,,,,,,,no,,,other,,0,0
KH12495,18029087,,,,,,,,,,,,no,,,other,,0,0
KH12496,18034697,,,,,,,,,,,,no,,,other,,0,0
KH12497,18036341,,,,,,,,,,,,no,,,other,,0,0
KH12498,18079074,,,,,,,,,,,,no,,,other,,0,0
KH12499,18080220,,TP Hồ Chí Minh,TP Hồ Chí Minh,2.0,Quận Gò Vấp,42.0,Phường 10,9270.0,Vietnam,VN,,no,sapo_social,,other,,4106000,3
KH12500,18080470,,,,,,,,,,,,no,,,other,,0,0
KH12501,18094033,,,,,,,,,,,,no,,,other,,0,0
KH12502,18097716,,,,,,,,,,,,no,,,other,,0,0
KH12503,18103434,,,,,,,,,Vietnam,VN,,no,,,other,,425000,1
KH12504,18103528,,,,,,,,,Vietnam,VN,,no,,,other,,2895000,3
KH12505,18105385,,,,,,,,,,,,no,,,other,,0,0
KH12506,18118828,,,,,,,,,,,,no,,,other,,0,0
KH12507,18126881,,,,,,,,,Vietnam,VN,,no,,,other,,800000,1
KH12508,18127058,,,,,,,,,,,,no,,,other,,0,0
KH12509,18131347,,,,,,,,,,,,no,,,other,,0,0
KH12510,18132904,,,,,,,,,,,,no,,,other,,0,0
KH12511,18133220,,,,,,,,,Vietnam,VN,,no,sapo_social,,female,2025-03-14,0,1
KH12512,18135197,,TP Hồ Chí Minh,TP Hồ Chí Minh,2.0,Quận Bình Tân,48.0,Phường Bình Hưng Hòa A,9457.0,Vietnam,VN,,no,sapo_social,,other,,523000,1
KH12513,18135814,,,,,,,,,Vietnam,VN,,no,,,other,,910000,1
KH12514,18136056,,,,,,,,,Vietnam,VN,,no,,,other,,1900000,1
KH12515,18136131,,,,,,,,,,,,no,,,other,,0,0
KH12516,18139423,,,,,,,,,,,,no,,,other,,0,0
KH12517,18143407,,TP Hồ Chí Minh,TP Hồ Chí Minh,2.0,Quận 3,32.0,Phường Võ Thị Sáu,107463.0,Vietnam,VN,,no,sapo_social,,other,,0,2
KH12518,18144720,,,,,,,,,,,,no,,,other,,0,0
KH12519,18153417,,,,,,,,,,,,no,,,other,,0,0
KH12520,18156494,,,,,,,,,,,,no,,,other,,0,0
KH12521,18158292,,,,,,,,,Vietnam,VN,,no,sapo_social,,other,,530000,3
KH12522,18163452,,,,,,,,,,,,no,,,other,,0,0
KH12523,18216667,,,,,,,,,,,,no,,,other,,0,0
KH12524,18217869,,Hà Nội,Hà Nội,1.0,Quận Ba Đình,2.0,Phường Phúc Xá,1.0,Vietnam,VN,,no,,,other,,0,1
KH12525,18218157,,,,,,,,,Vietnam,VN,,no,,,other,,954000,1
KH12526,18224291,,,,,,,,,,,,no,,,other,,0,0
KH12527,18225461,,,,,,,,,Vietnam,VN,,no,,,other,,670000,1
KH12528,18225664,,,,,,,,,Vietnam,VN,,no,,,other,,980000,1
KH12529,18226800,,,,,,,,,,,,no,,,other,,0,0
KH12530,18228399,,,,,,,,,,,,no,,,other,,0,0
KH12531,18229355,,,,,,,,,,,,no,,,other,,0,0
KH12532,18229538,,TP Hồ Chí Minh,TP Hồ Chí Minh,2.0,Thành phố Thủ Đức,10924.0,Phường Linh Tây,107440.0,Vietnam,VN,,no,sapo_social,,female,,0,0
KH12533,18230500,,,,,,,,,Vietnam,VN,,no,,,other,,0,1
KH12534,18231276,,,,,,,,,,,,no,,,other,,0,0
KH12535,18233236,,,,,,,,,Vietnam,VN,,no,,,other,,470000,1
KH12536,18234089,,,,,,,,,,,,no,,,other,,0,0
KH12537,18240905,,,,,,,,,,,,no,,,other,,0,0
KH12538,18242767,,TP Hồ Chí Minh,TP Hồ Chí Minh,2.0,Quận Thủ Đức,47.0,Phường Linh Đông,9247.0,Vietnam,VN,,no,,,other,,0,1
KH12539,18245091,,TP Hồ Chí Minh,TP Hồ Chí Minh,2.0,Quận 11,40.0,Phường 13,9386.0,Vietnam,VN,,no,sapo_social,,other,,0,1
KH12540,18262120,,,,,,,,,,,,no,,,other,,0,0
KH12541,18263434,,,,,,,,,,,,no,,,other,,0,0
KH12542,18264482,,TP Hồ Chí Minh,TP Hồ Chí Minh,2.0,Quận Gò Vấp,42.0,Phường 6,9266.0,Vietnam,VN,,no,,,female,2000-12-24,0,0
KH12543,18266753,,,,,,,,,,,,no,,,other,,0,0
KH12544,18280864,,,,,,,,,Vietnam,VN,,no,,,other,,1060000,1
KH12545,18282589,,TP Hồ Chí Minh,TP Hồ Chí Minh,2.0,Quận Gò Vấp,42.0,Phường 14,9269.0,Vietnam,VN,,no,sapo_social,,other,,14658000,8
KH12546,18290757,,,,,,,,,,,,no,,,other,,0,0
KH12547,18293482,,,,,,,,,Vietnam,VN,,no,,,other,,850000,1
KH12548,18300071,,,,,,,,,,,,no,,,other,,0,0
KH12549,18313668,,,,,,,,,Vietnam,VN,,no,sapo_social,,other,,7000000,2
KH12550,18326299,,,,,,,,,,,,no,,,other,,0,0
KH12551,18330297,,,,,,,,,,,,no,,,other,,0,0
KH12552,18330391,,TP Hồ Chí Minh,TP Hồ Chí Minh,2.0,Quận 3,32.0,Phường Võ Thị Sáu,107463.0,Vietnam,VN,,no,sapo_social,,other,,0,1
KH12553,18334767,,,,,,,,,,,,no,,,other,,0,0
KH12554,18336662,,TP Hồ Chí Minh,TP Hồ Chí Minh,2.0,Quận 7,36.0,Phường Tân Phong,9474.0,Vietnam,VN,,no,sapo_social,,other,,0,1
KH12555,18337913,,,,,,,,,,,,no,,,other,,0,0
KH12556,18339046,,,,,,,,,Vietnam,VN,,no,,,other,,0,0
KH12557,18340809,,TP Hồ Chí Minh,TP Hồ Chí Minh,2.0,Quận Phú Nhuận,46.0,Phường 2,9331.0,Vietnam,VN,,no,sapo_social,,other,,676000,2
KH12558,18348049,,TP Hồ Chí Minh,TP Hồ Chí Minh,2.0,Thành phố Thủ Đức,10924.0,Phường Hiệp Bình Phước,107436.0,Vietnam,VN,,no,,,other,,0,2
KH12559,18355490,,,,,,,,,,,,no,,,other,,0,0
KH12560,18355979,,,,,,,,,Vietnam,VN,,no,,,male,,270000,1
KH12561,18356107,,TP Hồ Chí Minh,TP Hồ Chí Minh,2.0,Quận Bình Thạnh,45.0,Phường 13,9279.0,Vietnam,VN,,no,,,other,,0,1
KH12562,18356669,,,,,,,,,,,,no,,,other,,0,0
KH12563,18406483,,,,,,,,,Vietnam,VN,,no,,,other,,3939300,5
KH12564,18407640,,TP Hồ Chí Minh,TP Hồ Chí Minh,2.0,Huyện Hóc Môn,50.0,Xã Bà Điểm,9508.0,Vietnam,VN,,no,sapo_social,,other,,4241000,2
KH12565,18414280,,,,,,,,,,,,no,,,other,,0,0
KH12566,18414745,,,,,,,,,Vietnam,VN,,no,,,other,,370000,1
KH12567,18426251,,,,,,,,,,,,no,,,other,,0,0
KH12568,18427814,,TP Hồ Chí Minh,TP Hồ Chí Minh,2.0,Quận 8,37.0,Phường 4,9447.0,Vietnam,VN,,no,,,other,,355000,1
KH12569,18434102,,,,,,,,,,,,no,,,other,,0,0
KH12570,18474497,,TP Hồ Chí Minh,TP Hồ Chí Minh,2.0,Quận 4,33.0,Phường 13,9397.0,Vietnam,VN,,no,sapo_social,,other,,6600000,1
KH12571,18484795,,,,,,,,,,,,no,,,other,,0,0
KH12572,18484879,,TP Hồ Chí Minh,TP Hồ Chí Minh,2.0,Huyện Nhà Bè,52.0,Xã Phú Xuân,9529.0,Vietnam,VN,,no,sapo_social,,other,,5835000,2
KH12573,18485953,,,,,,,,,,,,no,,,other,,0,0
KH12574,18486983,,,,,,,,,,,,no,,,other,,0,0
KH12575,18488747,,,,,,,,,Vietnam,VN,,yes,,,male,1977-06-13,1425000,1
KH12576,18490451,,,,,,,,,,,,no,,,other,,0,0
KH12577,18497489,,,,,,,,,,,,no,,,other,,0,0
KH12578,18501779,,,,,,,,,,,,no,,,other,,0,0
KH12579,18502578,,,,,,,,,,,,no,,,other,,0,0
KH12580,18502902,,,,,,,,,,,,no,,,other,,0,0
KH12581,18503114,,,,,,,,,,,,no,,,other,,0,0
KH12582,18590829,,TP Hồ Chí Minh,TP Hồ Chí Minh,2.0,Quận 7,36.0,Phường Tân Thuận Tây,9467.0,Vietnam,VN,,no,,,other,,1372000,1
KH12583,18592724,,,,,,,,,Vietnam,VN,,yes,,,male,1996-11-26,330000,1
KH12584,18593868,,TP Hồ Chí Minh,TP Hồ Chí Minh,2.0,Quận 10,39.0,Phường 14,9367.0,Vietnam,VN,,no,,,other,,330000,1
KH12585,18595294,,,,,,,,,Vietnam,VN,,no,,,other,,0,0
KH12586,18595313,,TP Hồ Chí Minh,TP Hồ Chí Minh,2.0,Quận 4,33.0,Phường 4,9405.0,Vietnam,VN,,no,,,other,,1395000,2
KH12587,18599720,,,,,,,,,Vietnam,VN,,no,,,female,2001-11-19,425000,1
KH12588,18608332,,TP Hồ Chí Minh,TP Hồ Chí Minh,2.0,Quận 8,37.0,Phường 8,9440.0,Vietnam,VN,,no,,,other,,706000,1
KH12589,18608890,,,,,,,,,Vietnam,VN,,no,,,male,,870720,1
KH12590,18609717,,,,,,,,,Vietnam,VN,,no,sapo_social,,other,,4800000,3
KH12591,18610159,,,,,,,,,,,,no,,,other,,0,0
KH12592,18618899,,,,,,,,,,,,no,,,other,,0,0
KH12593,18632100,,,,,,,,,,,,no,,,other,,0,0
KH12594,18634287,,,,,,,,,Vietnam,VN,,no,,,male,,1500000,2
KH12595,18637018,,,,,,,,,Vietnam,VN,,yes,,,male,,410000,1
KH12596,18641279,,TP Hồ Chí Minh,TP Hồ Chí Minh,2.0,Quận 3,32.0,Phường 14,9353.0,Vietnam,VN,,no,,,other,,1001000,1
KH12597,18641485,,,,,,,,,Vietnam,VN,,yes,,,male,,2300000,2
KH12598,18642801,,,,,,,,,,,,no,,,other,,0,0
KH12599,18643860,,,,,,,,,,,,no,,,other,,0,0
KH12600,18646244,,,,,,,,,,,,no,,,other,,0,0
KH12601,18648513,,,,,,,,,,,,no,,,other,,0,0
KH12602,18648660,,,,,,,,,Vietnam,VN,,yes,,,female,1995-12-22,2488000,4
KH12603,18648778,,Hà Nội,Hà Nội,1.0,Quận Ba Đình,2.0,Phường Liễu Giai,5.0,Vietnam,VN,,no,,,other,,0,0
KH12604,18648895,,Hà Nội,Hà Nội,1.0,Thị xã Sơn Tây,1.0,Phường Phú Thịnh,3291.0,Vietnam,VN,,no,,,other,,0,0
KH12605,18649052,,TP Hồ Chí Minh,TP Hồ Chí Minh,2.0,Quận 7,36.0,Phường Tân Phong,9474.0,Vietnam,VN,,no,sapo_social,,other,,1900000,1
KH12606,18652502,,TP Hồ Chí Minh,TP Hồ Chí Minh,2.0,Quận 3,32.0,Phường Võ Thị Sáu,107463.0,Vietnam,VN,,no,,,other,,2324900,2
KH12607,18668076,,,,,,,,,,,,no,,,other,,0,0
KH12608,18668162,,,,,,,,,Vietnam,VN,,no,,,female,1983-10-13,1069000,1
KH12609,18668475,,,,,,,,,,,,no,,,other,,0,0
KH12610,18675559,,,,,,,,,,,,no,,,other,,0,0
KH12611,18675825,,,,,,,,,Vietnam,VN,,no,,,female,1994-05-27,1454000,3
KH12612,18675890,,,,,,,,,Vietnam,VN,,yes,,,male,1991-04-16,549000,1
KH12613,18784513,,,,,,,,,,,,no,,,other,,0,0
KH12614,18785561,,TP Hồ Chí Minh,TP Hồ Chí Minh,2.0,Quận 1,30.0,Phường Bến Nghé,9219.0,Vietnam,VN,,no,sapo_social,,other,,0,2
KH12615,18788623,,TP Hồ Chí Minh,TP Hồ Chí Minh,2.0,Quận 3,32.0,Phường Võ Thị Sáu,107463.0,Vietnam,VN,,no,sapo_social,,other,,0,1
KH12616,19005396,,,,,,,,,,,,no,,,other,,0,0
KH12617,19058483,,,,,,,,,,,,no,,,other,,0,0
KH12618,19060908,,,,,,,,,,,,no,,,other,,0,0
KH12619,19063215,,TP Hồ Chí Minh,TP Hồ Chí Minh,2.0,Quận 12,41.0,Phường Tân Chánh Hiệp,9231.0,Vietnam,VN,,no,sapo_social,,other,,1355000,2
KH12620,19066690,,,,,,,,,Vietnam,VN,,no,sapo_social,,female,1995-10-20,4953000,4
KH12621,19067797,,TP Hồ Chí Minh,TP Hồ Chí Minh,2.0,Quận 3,32.0,Phường Võ Thị Sáu,107463.0,Vietnam,VN,,no,,,other,,660000,3
KH12622,19074145,,,,,,,,,,,,no,,,other,,0,0
KH12623,19106951,,,,,,,,,Vietnam,VN,,no,sapo_social,,other,,0,0
KH12624,19122064,,,,,,,,,,,,no,,,other,,0,0
KH12625,19123431,,,,,,,,,,,,no,,,other,,0,0
KH12626,19123622,,,,,,,,,Vietnam,VN,,no,,,other,,830000,1
KH12627,19123675,,TP Hồ Chí Minh,TP Hồ Chí Minh,2.0,Quận Gò Vấp,42.0,Phường 9,9275.0,Vietnam,VN,,no,sapo_social,,other,,0,1
KH12628,19124205,,TP Hồ Chí Minh,TP Hồ Chí Minh,2.0,Quận Phú Nhuận,46.0,Phường 2,9331.0,Vietnam,VN,,no,sapo_social,,other,,0,1
KH12629,19128919,,,,,,,,,,,,no,,,other,,0,0
KH12630,19218227,,TP Hồ Chí Minh,TP Hồ Chí Minh,2.0,Quận 1,30.0,Phường Bến Nghé,9219.0,Vietnam,VN,,no,,,other,,0,1
KH12631,19232007,,,,,,,,,,,,no,,,other,,0,0
KH12632,19234868,,TP Hồ Chí Minh,TP Hồ Chí Minh,2.0,Quận Bình Tân,48.0,Phường Tân Tạo A,9463.0,Vietnam,VN,,no,sapo_social,,other,,1928000,3
KH12633,19237335,,,,,,,,,Vietnam,VN,,no,,,other,,330000,1
KH12634,19298343,,,,,,,,,Vietnam,VN,,no,,,female,,3410000,1
KH12635,19343354,,,,,,,,,Vietnam,VN,,no,sapo_social,,other,,0,2
KH12636,19357998,,TP Hồ Chí Minh,TP Hồ Chí Minh,2.0,Quận Tân Phú,44.0,Phường Phú Trung,9321.0,Vietnam,VN,,no,sapo_social,,other,,0,1
KH12637,19359374,,,,,,,,,Vietnam,VN,,no,,,male,2002-06-11,330000,1
KH12638,19361195,,TP Hồ Chí Minh,TP Hồ Chí Minh,2.0,Quận 7,36.0,Phường Tân Thuận Tây,9467.0,Vietnam,VN,,no,,,other,,1370000,2
KH12639,19378508,,,,,,,,,,,,no,,,other,,0,0
KH12640,19378706,,,,,,,,,Vietnam,VN,,no,,,other,,570000,1
KH12641,19379430,,TP Hồ Chí Minh,TP Hồ Chí Minh,2.0,Thành phố Thủ Đức,10924.0,Phường Thạnh Mỹ Lợi,107456.0,Vietnam,VN,,no,sapo_social,,other,,2347000,2
KH12642,19382971,,TP Hồ Chí Minh,TP Hồ Chí Minh,2.0,Quận 6,35.0,Phường 11,9432.0,Vietnam,VN,,no,,,other,,2100000,1
KH12643,19383051,,TP Hồ Chí Minh,TP Hồ Chí Minh,2.0,Quận 6,35.0,Phường 11,9432.0,Vietnam,VN,,no,sapo_social,,other,,0,1
KH12644,19383377,,,,,,,,,Vietnam,VN,,no,,,other,,1172000,4
KH12645,19397304,,TP Hồ Chí Minh,TP Hồ Chí Minh,2.0,Quận 3,32.0,Phường 4,9360.0,Vietnam,VN,,no,sapo_social,,other,,0,1
KH12646,19399704,,,,,,,,,,,,no,,,other,,0,0
KH12647,19404757,,TP Hồ Chí Minh,TP Hồ Chí Minh,2.0,Quận 5,34.0,Phường 3,9413.0,Vietnam,VN,,no,,,other,,0,1
KH12648,19408238,,,,,,,,,,,,no,,,other,,0,0
KH12649,19408576,,TP Hồ Chí Minh,TP Hồ Chí Minh,2.0,Quận 12,41.0,Phường Tân Chánh Hiệp,9231.0,Vietnam,VN,,no,sapo_social,,other,,0,1
KH12650,19408705,,,,,,,,,,,,no,,,other,,0,0
KH12651,19417976,,,,,,,,,,,,no,,,other,,0,0
KH12652,19418495,,,,,,,,,,,,no,,,other,,0,0
KH12653,19422716,,,,,,,,,,,,no,,,other,,0,0
KH12654,19431287,,,,,,,,,Vietnam,VN,,no,sapo_social,,other,,437500,1
KH12655,19433869,,TP Hồ Chí Minh,TP Hồ Chí Minh,2.0,Huyện Nhà Bè,52.0,Thị trấn Nhà Bè,9525.0,Vietnam,VN,,no,sapo_social,,other,,0,1
KH12656,19437886,,,,,,,,,,,,no,,,other,,0,0
KH12657,19441645,,,,,,,,,,,,no,,,other,,0,0
KH12658,19450676,,TP Hồ Chí Minh,TP Hồ Chí Minh,2.0,Quận 10,39.0,Phường 12,9368.0,Vietnam,VN,,no,sapo_social,,other,,3280000,3
KH12659,19450857,,,,,,,,,Vietnam,VN,,yes,,,male,,950000,1
KH12660,19451049,,,,,,,,,Vietnam,VN,,yes,,,male,,850000,1
KH12661,19453710,,,,,,,,,,,,no,,,other,,0,0
KH12662,19457338,,,,,,,,,,,,no,,,other,,0,0
KH12663,19574894,,,,,,,,,Vietnam,VN,,no,,,other,,425000,1
KH12664,19575224,,,,,,,,,,,,no,,,other,,0,0
KH12665,19591446,,,,,,,,,,,,no,,,other,,0,0
KH12666,19665605,,,,,,,,,,,,no,,,other,,0,0
KH12667,19729730,,,,,,,,,Vietnam,VN,,yes,,,male,1994-07-21,2830000,1
KH12668,19730409,,TP Hồ Chí Minh,TP Hồ Chí Minh,2.0,Quận Bình Tân,48.0,Phường Bình Hưng Hòa,9456.0,Vietnam,VN,,no,sapo_social,,other,,1720000,4
KH12669,19730465,,,,,,,,,Vietnam,VN,,no,,,male,,330000,1
KH12670,19739332,,TP Hồ Chí Minh,TP Hồ Chí Minh,2.0,Quận Gò Vấp,42.0,Phường 6,9266.0,Vietnam,VN,,no,,,other,,365000,1
KH12671,19740977,,,,,,,,,,,,no,,,other,,0,0
KH12672,19740989,,TP Hồ Chí Minh,TP Hồ Chí Minh,2.0,Quận 2,31.0,Phường An Phú,9341.0,Vietnam,VN,,no,sapo_social,,other,,2729000,2
KH12673,19741046,,,,,,,,,,,,no,,,other,,0,0
KH12674,19743319,,,,,,,,,Vietnam,VN,,no,,,male,,1464000,1
KH12675,19746457,,,,,,,,,Vietnam,VN,,no,sapo_social,,other,,0,0
KH12676,19752728,,,,,,,,,Vietnam,VN,,no,,,male,,1100000,2
KH12677,19754474,,TP Hồ Chí Minh,TP Hồ Chí Minh,2.0,Quận 10,39.0,Phường 15,9365.0,Vietnam,VN,,yes,,,female,2002-10-31,1160000,2
KH12678,19754527,,TP Hồ Chí Minh,TP Hồ Chí Minh,2.0,Quận 3,32.0,Phường 10,9359.0,Vietnam,VN,,no,,,other,,0,1
KH12679,19755430,,,,,,,,,,,,no,,,other,,0,0
KH12680,19757726,,,,,,,,,,,,no,,,other,,0,0
KH12681,19757731,,,,,,,,,,,,no,,,other,,0,0
KH12682,19765665,,TP Hồ Chí Minh,TP Hồ Chí Minh,2.0,Quận 12,41.0,Phường Thạnh Xuân,9227.0,Vietnam,VN,,no,,,other,,535000,2
KH12683,19765713,,,,,,,,,,,,no,,,other,,0,0
KH12684,19778198,,,,,,,,,,,,no,,,other,,0,0
KH12685,19803529,,,,,,,,,,,,no,,,other,,0,0
KH12686,19804876,,,,,,,,,Vietnam,VN,,yes,,,female,,865000,1
KH12687,19809797,,,,,,,,,,,,no,,,other,,0,0
KH12688,19815793,,Lào Cai,Lào Cai,38.0,Thành phố Lào Cai,399.0,Phường Bình Minh,905.0,Vietnam,VN,,no,sapo_social,,other,,112000,1
KH12689,19815834,,TP Hồ Chí Minh,TP Hồ Chí Minh,2.0,Quận Bình Thạnh,45.0,Phường 26,9282.0,Vietnam,VN,,no,,,other,,0,1
KH12690,19821133,,,,,,,,,,,,no,,,other,,0,0
KH12691,19822018,,,,,,,,,Vietnam,VN,,no,,,male,,1635000,1
KH12692,19822484,,,,,,,,,,,,no,,,other,,0,0
KH12693,19822670,,,,,,,,,Vietnam,VN,,no,,,male,,350000,1
KH12694,19822768,,,,,,,,,Vietnam,VN,,no,,,female,,2148000,2
KH12695,19829971,,,,,,,,,,,,no,,,other,,0,0
KH12696,19830082,,,,,,,,,Vietnam,VN,,no,,,male,,2328000,1
KH12697,19840439,,,,,,,,,Vietnam,VN,,no,,,male,1994-07-08,3900000,1
KH12698,19863427,,Bến Tre,Bến Tre,9.0,Thành phố Bến Tre,105.0,Phường 6,9907.0,Vietnam,VN,,no,,,other,,362500,1
KH12699,19866770,,,,,,,,,Vietnam,VN,,no,,,female,,425000,1
KH12700,19868257,,TP Hồ Chí Minh,TP Hồ Chí Minh,2.0,Thành phố Thủ Đức,10924.0,Phường Bình Chiểu,107430.0,Vietnam,VN,,no,,,other,,300000,1
KH12701,19869204,,,,,,,,,Vietnam,VN,,no,sapo_social,,other,,177000,1
KH12702,20040743,,Thanh Hóa,Thanh Hóa,56.0,Huyện Quảng Xương,620.0,Xã Quảng Hải,5619.0,Vietnam,VN,,no,,,other,,437000,1
KH12703,20064565,,TP Hồ Chí Minh,TP Hồ Chí Minh,2.0,Quận Bình Tân,48.0,Phường Bình Hưng Hòa B,9458.0,Vietnam,VN,,no,,,other,,340000,1
KH12704,20068346,,,,,,,,,Vietnam,VN,,yes,,,female,,650000,1
KH12705,20068371,,,,,,,,,Vietnam,VN,,yes,,,male,1999-05-09,617500,4
KH12706,20073632,,,,,,,,,,,,no,,,other,,0,0
KH12707,20076457,,,,,,,,,Vietnam,VN,,yes,,,male,,2080000,1
KH12708,20078038,,,,,,,,,Vietnam,VN,,yes,,,male,2001-03-08,3855750,9
KH12709,20079088,,,,,,,,,Vietnam,VN,,yes,,,male,,425000,1
KH12710,20079714,,,,,,,,,,,,no,,,other,,0,0
KH12711,20085518,,Tây Ninh,Tây Ninh,53.0,Huyện Gò Dầu,583.0,Thị trấn Gò Dầu,8844.0,Vietnam,VN,,no,sapo_social,,other,,447500,1
KH12712,20085861,,Đồng Nai,Đồng Nai,21.0,Huyện Tân Phú,229.0,Xã Phú Lâm,9018.0,Vietnam,VN,,no,sapo_social,,other,,267500,1
KH12713,20172015,,,,,,,,,Vietnam,VN,,no,,,other,,4500000,1
KH12714,20172688,,,,,,,,,Vietnam,VN,,yes,,,male,,330000,1
KH12715,20173607,,,,,,,,,Vietnam,VN,,no,sapo_social,,other,,0,0
KH12716,20173677,,,,,,,,,Vietnam,VN,,no,sapo_social,,other,,120500,1
KH12717,20174033,,,,,,,,,,,,no,,,other,,0,0
KH12718,20175570,,,,,,,,,,,,no,,,other,,0,0
KH12719,20373028,,,,,,,,,Vietnam,VN,,no,sapo_social,,male,,805000,1
KH12720,20382124,,,,,,,,,Vietnam,VN,,no,,,male,,330000,1
KH12721,20382384,,Trà Vinh,Trà Vinh,59.0,Huyện Cầu Ngang,653.0,Xã Hiệp Mỹ Tây,10141.0,Vietnam,VN,,yes,,,other,,330000,4
KH12722,20387667,,Lạng Sơn,Lạng Sơn,37.0,Huyện Tràng Định,389.0,Xã Đào Viên,2101.0,Vietnam,VN,,no,,,other,,0,1
KH12723,20402751,,TP Hồ Chí Minh,TP Hồ Chí Minh,2.0,Quận Phú Nhuận,46.0,Phường 3,9329.0,Vietnam,VN,,no,,,other,,455000,1
KH12724,20403280,,,,,,,,,Vietnam,VN,,no,sapo_social,,other,,425000,1
KH12725,20408101,,Đà Nẵng,Đà Nẵng,17.0,Quận Liên Chiểu,188.0,Phường Hòa Khánh Nam,6857.0,Vietnam,VN,,no,,,other,,353000,1
KH12726,20451873,,,,,,,,,Vietnam,VN,,no,,,female,,400000,1
KH12727,20453789,,,,,,,,,,,,no,,,other,,0,0
KH12728,20475487,,TP Hồ Chí Minh,TP Hồ Chí Minh,2.0,Quận Gò Vấp,42.0,Phường 11,9277.0,Vietnam,VN,,no,,,other,,615000,1
KH12729,20488365,,,,,,,,,Vietnam,VN,,no,sapo_social,,other,,500000,1
KH12730,20506602,,,,,,,,,Vietnam,VN,,no,,,other,,980000,2
KH12731,20509724,,TP Hồ Chí Minh,TP Hồ Chí Minh,2.0,Quận 11,40.0,Phường 9,9388.0,Vietnam,VN,,yes,sapo_social,,male,1996-07-01,8839000,8
KH12732,20510209,,,,,,,,,,,,no,,,other,,0,0
KH12733,20521776,,TP Hồ Chí Minh,TP Hồ Chí Minh,2.0,Quận 3,32.0,Phường 14,9353.0,Vietnam,VN,,no,,,other,,576000,2
KH12734,20541859,,,,,,,,,,,,no,,,other,,0,0
KH12735,20542114,,,,,,,,,Vietnam,VN,,no,,,other,,1480000,1
KH12736,20550761,,Bến Tre,Bến Tre,9.0,Huyện Thạnh Phú,113.0,Xã Thạnh Hải,10063.0,Vietnam,VN,,no,,,other,,434500,1
KH12737,20557378,,TP Hồ Chí Minh,TP Hồ Chí Minh,2.0,Quận 1,30.0,Phường Bến Nghé,9219.0,Vietnam,VN,,no,sapo_social,,other,,530000,1
KH12738,20558847,,,,,,,,,Vietnam,VN,,no,,,male,,1130000,1
KH12739,20567663,,,,,,,,,Vietnam,VN,,no,,,other,,425000,1
KH12740,20653496,,,,,,,,,Vietnam,VN,,no,,,male,,1835000,2
KH12741,20662162,,,,,,,,,Vietnam,VN,,no,sapo_social,,other,,2260000,1
KH12742,20662477,,,,,,,,,Vietnam,VN,,no,,,female,,660000,1
KH12743,20665700,,,,,,,,,,,,no,,,other,,0,0
KH12744,20666200,,Bình Thuận,Bình Thuận,13.0,Thành phố Phan Thiết,142.0,Phường Phú Tài,7818.0,Vietnam,VN,,no,,,other,,58500,1
KH12745,20714918,,,,,,,,,Vietnam,VN,,no,,,other,,46550,1
KH12746,20718958,,TP Hồ Chí Minh,TP Hồ Chí Minh,2.0,Quận Tân Bình,43.0,Phường 2,9299.0,Vietnam,VN,,no,sapo_social,,other,,11100000,1
KH12747,20739240,,Bà Rịa-Vũng Tàu,Bà Rịa-Vũng Tàu,4.0,Huyện Long Điền,67.0,Thị trấn Long Hải,9193.0,Vietnam,VN,,no,,,other,,459500,1
KH12748,20758142,,,,,,,,,Vietnam,VN,,no,sapo_social,,other,,14762150,4
KH12749,20761335,,,,,,,,,,,,no,,,other,,0,0
KH12750,20768848,,,,,,,,,,,,no,,,other,,0,0
KH12751,20769132,,TP Hồ Chí Minh,TP Hồ Chí Minh,2.0,Quận Tân Bình,43.0,Phường 2,9299.0,Vietnam,VN,,no,sapo_social,,other,,1140400,1
KH12752,20770844,,,,,,,,,Vietnam,VN,,no,,,other,,1890000,1
KH12753,20771232,,,,,,,,,Vietnam,VN,,no,,,other,,2450000,1
KH12754,20777483,,,,,,,,,Vietnam,VN,,yes,,,female,,790000,1
KH12755,20790120,,,,,,,,,Vietnam,VN,,no,,,other,,832000,1
KH12756,20807523,,,,,,,,,,,,no,,,other,,0,0
KH12757,20809593,,TP Hồ Chí Minh,TP Hồ Chí Minh,2.0,Quận 3,32.0,Phường Võ Thị Sáu,107463.0,Vietnam,VN,,no,,,other,,520000,1
KH12758,20811769,,,,,,,,,Vietnam,VN,,yes,,,male,,2360000,2
KH12759,20813664,,,,,,,,,Vietnam,VN,,no,,,other,,420000,1
KH12760,20814186,,,,,,,,,,,,no,,,other,,0,0
KH12761,20821197,,,,,,,,,Vietnam,VN,,yes,,,male,,1655000,2
KH12762,20832672,,,,,,,,,Vietnam,VN,,yes,,,male,,490000,1
KH12763,20836152,,,,,,,,,Vietnam,VN,,yes,,,male,,3246600,1
KH12764,20841454,,,,,,,,,Vietnam,VN,,no,,,male,,660000,2
KH12765,20842661,,TP Hồ Chí Minh,TP Hồ Chí Minh,2.0,Quận 1,30.0,Phường Bến Nghé,9219.0,Vietnam,VN,,no,,,other,,365000,1
KH12766,20842930,,,,,,,,,,,,no,,,other,,0,0
KH12767,20853136,,,,,,,,,Vietnam,VN,,no,,,male,,425000,1
KH12768,20853492,,,,,,,,,Vietnam,VN,,no,,,male,,1480000,1
KH12769,20853609,,,,,,,,,Vietnam,VN,,no,,,male,,2411000,5
KH12770,20858285,,,,,,,,,Vietnam,VN,,no,,,male,,3490000,2
KH12771,20871049,,,,,,,,,,,,no,,,other,,0,0
KH12772,20986477,,,,,,,,,Vietnam,VN,,no,,,female,,3005000,2
KH12773,20987552,,,,,,,,,Vietnam,VN,,no,sapo_social,,other,,600000,1
KH12774,20988208,,,,,,,,,,,,no,,,other,,0,0
KH12775,20988235,,,,,,,,,,,,no,,,other,,0,0
KH12776,21071067,,,,,,,,,,,,no,,,other,,0,0
KH12777,21103047,,,,,,,,,,,,no,,,other,,0,0
KH12778,21128595,,,,,,,,,Vietnam,VN,,no,sapo_social,,other,,9650000,2
KH12779,21140674,,Đắk Lắk,Đắk Lắk,18.0,Huyện Krông Pắc,202.0,Xã Ea Uy,8420.0,Vietnam,VN,,no,sapo_social,,other,,449000,1
KH12780,21170780,,,,,,,,,,,,no,,,other,,0,0
KH12781,21171757,,TP Hồ Chí Minh,TP Hồ Chí Minh,2.0,Quận 7,36.0,Phường Tân Phong,9474.0,Vietnam,VN,,no,,,other,,435000,1
KH12782,21201212,,TP Hồ Chí Minh,TP Hồ Chí Minh,2.0,Quận Gò Vấp,42.0,Phường 10,9270.0,Vietnam,VN,,no,sapo_social,,other,,370000,1
KH12783,21230001,,TP Hồ Chí Minh,TP Hồ Chí Minh,2.0,Quận Tân Bình,43.0,Phường 2,9299.0,Vietnam,VN,,no,sapo_social,,other,,382000,1
KH12784,21247432,,,,,,,,,Vietnam,VN,,yes,,,female,,2048000,1
KH12785,21257662,,TP Hồ Chí Minh,TP Hồ Chí Minh,2.0,Quận 3,32.0,Phường Võ Thị Sáu,107463.0,Vietnam,VN,,no,sapo_social,,other,,1780000,1
KH12786,21350505,,,,,,,,,,,,no,,,other,,0,0
KH12787,21350812,,,,,,,,,,,,no,,,other,,0,0
KH12788,21385601,,TP Hồ Chí Minh,TP Hồ Chí Minh,2.0,Huyện Bình Chánh,51.0,Xã Bình Hưng,9517.0,Vietnam,VN,,no,sapo_social,,other,,1715000,3
KH12789,21419659,,TP Hồ Chí Minh,TP Hồ Chí Minh,2.0,Thành phố Thủ Đức,10924.0,Phường Phú Hữu,107447.0,Vietnam,VN,,no,,,other,,1408000,2
KH12790,21469867,,,,,,,,,Vietnam,VN,,no,,,other,,1278000,1
KH12791,21470112,,,,,,,,,,,,no,,,other,,0,0
KH12792,21480010,,Quảng Nam,Quảng Nam,47.0,Huyện Núi Thành,504.0,Xã Tam Xuân 2,7139.0,Vietnam,VN,,no,,,other,,0,1
KH12793,21484330,,TP Hồ Chí Minh,TP Hồ Chí Minh,2.0,Quận 7,36.0,Phường Tân Phong,9474.0,Vietnam,VN,,no,,,other,,87236000,10
KH12794,21508616,,TP Hồ Chí Minh,TP Hồ Chí Minh,2.0,Quận Tân Bình,43.0,Phường 13,9302.0,Vietnam,VN,,no,,,other,,1870000,1
KH12795,21508623,,,,,,,,,Vietnam,VN,,no,,,other,,2050000,2
KH12796,21517245,,Bình Dương,Bình Dương,10.0,Thành phố Thủ Dầu Một,114.0,Phường Phú Hòa,8876.0,Vietnam,VN,,yes,,,female,1994-10-27,434000,1
KH12797,21522943,,,,,,,,,Vietnam,VN,,yes,,,male,,425000,1
KH12798,21523467,,TP Hồ Chí Minh,TP Hồ Chí Minh,2.0,Quận Gò Vấp,42.0,Phường 17,9265.0,Vietnam,VN,,no,sapo_social,,other,,85528245,23
KH12799,21523857,,TP Hồ Chí Minh,TP Hồ Chí Minh,2.0,Quận 12,41.0,Phường Tân Thới Hiệp,9233.0,Vietnam,VN,,no,sapo_social,,other,,1555000,1
KH12800,21526141,,,,,,,,,Vietnam,VN,,yes,,,male,,600000,1
KH12801,21526185,,TP Hồ Chí Minh,TP Hồ Chí Minh,2.0,Huyện Nhà Bè,52.0,Xã Phước Kiển,9526.0,Vietnam,VN,,yes,sapo_social,,female,,24169000,5
KH12802,21538618,,,,,,,,,Vietnam,VN,,no,,,male,,540000,1
KH12803,21568454,,Bà Rịa-Vũng Tàu,Bà Rịa-Vũng Tàu,4.0,Huyện Long Điền,67.0,Xã Phước Hưng,9198.0,Vietnam,VN,,no,,,other,,985000,2
KH12804,21572244,,,,,,,,,,,,no,,,other,,0,0
KH12805,21579831,,,,,,,,,Vietnam,VN,,yes,,,female,,10000000,1
KH12806,21586698,,,,,,,,,Vietnam,VN,,yes,,,male,,550000,1
KH12807,21590744,,,,,,,,,,,,no,,,other,,0,0
KH12808,21604645,,,,,,,,,Vietnam,VN,,yes,,,male,,755000,2
KH12809,21608959,,TP Hồ Chí Minh,TP Hồ Chí Minh,2.0,Quận 1,30.0,Phường Bến Thành,9220.0,Vietnam,VN,,no,,,other,,1038000,1
KH12810,21614926,,,,,,,,,,,,no,,,other,,0,0
KH12811,21614950,,TP Hồ Chí Minh,TP Hồ Chí Minh,2.0,Quận Phú Nhuận,46.0,Phường 9,9327.0,Vietnam,VN,,no,sapo_social,,other,,4230000,5
KH12812,21617747,,TP Hồ Chí Minh,TP Hồ Chí Minh,2.0,Quận Bình Thạnh,45.0,Phường 13,9279.0,Vietnam,VN,,no,sapo_social,,other,,971000,2
KH12813,21636917,,,,,,,,,,,,no,,,other,,0,0
KH12814,21707536,,TP Hồ Chí Minh,TP Hồ Chí Minh,2.0,Quận 1,30.0,Phường Bến Nghé,9219.0,Vietnam,VN,,no,,,other,,335000,1
KH12815,21794483,,TP Hồ Chí Minh,TP Hồ Chí Minh,2.0,Quận Phú Nhuận,46.0,Phường 11,9335.0,Vietnam,VN,,no,,,other,,930000,1
KH12816,21830449,,,,,,,,,Vietnam,VN,,no,,,other,,650000,1
KH12817,21839510,,TP Hồ Chí Minh,TP Hồ Chí Minh,2.0,Quận Gò Vấp,42.0,Phường 8,9276.0,Vietnam,VN,,no,sapo_social,,other,,1220000,1
KH12818,21849117,,TP Hồ Chí Minh,TP Hồ Chí Minh,2.0,Quận 9,38.0,Phường Phú Hữu,9262.0,Vietnam,VN,,no,sapo_social,,other,,450000,1
KH12819,21849301,,,,,,,,,Vietnam,VN,,no,sapo_social,,other,,860000,2
KH12820,21851948,,Hà Nội,Hà Nội,1.0,Quận Hà Đông,5.0,Phường La Khê,3282.0,Vietnam,VN,,no,,,other,,339000,1
KH12821,21856985,,TP Hồ Chí Minh,TP Hồ Chí Minh,2.0,Quận 5,34.0,Phường 11,9420.0,Vietnam,VN,,no,sapo_social,,other,,0,0
KH12822,21857063,,TP Hồ Chí Minh,TP Hồ Chí Minh,2.0,Quận 5,34.0,Phường 1,9419.0,Vietnam,VN,,no,,,other,,425000,2
KH12823,21863452,,,,,,,,,,,,no,,,other,,0,0
KH12824,21864092,,,,,,,,,Vietnam,VN,,no,,,male,,360000,1
KH12825,21866753,,,,,,,,,,,,no,,,other,,0,0
KH12826,21869970,,TP Hồ Chí Minh,TP Hồ Chí Minh,2.0,Quận Gò Vấp,42.0,Phường 11,9277.0,Vietnam,VN,,no,sapo_social,,other,,230000,1
KH12827,21871418,,TP Hồ Chí Minh,TP Hồ Chí Minh,2.0,Quận 9,38.0,,,Vietnam,VN,,yes,,,male,,6323200,2
KH12828,21878720,,,,,,,,,Vietnam,VN,,no,,,male,,330000,1
KH12829,21883293,,TP Hồ Chí Minh,TP Hồ Chí Minh,2.0,Quận Bình Thạnh,45.0,Phường 26,9282.0,Vietnam,VN,,no,,,other,,770000,1
KH12830,21883552,,,,,,,,,Vietnam,VN,,no,,,male,,898000,1
KH12831,21885562,,,,,,,,,Vietnam,VN,,yes,,,male,,915000,1
KH12832,21886384,,,,,,,,,,,,no,,,other,,0,0
KH12833,21890529,,TP Hồ Chí Minh,TP Hồ Chí Minh,2.0,Quận Bình Thạnh,45.0,Phường 17,9294.0,Vietnam,VN,,no,,,other,,1269000,3
KH12834,21894692,,,,,,,,,,,,no,,,other,,0,0
KH12835,21898738,,,,,,,,,,,,no,,,other,,0,0
KH12836,21901236,,TP Hồ Chí Minh,TP Hồ Chí Minh,2.0,Quận 8,37.0,Phường 5,9450.0,Vietnam,VN,,no,sapo_social,,other,,0,0
KH12837,21905775,,TP Hồ Chí Minh,TP Hồ Chí Minh,2.0,Quận 8,37.0,Phường 5,9450.0,Vietnam,VN,,no,,,other,,810000,1
KH12838,21905851,,TP Hồ Chí Minh,TP Hồ Chí Minh,2.0,Quận Gò Vấp,42.0,Phường 3,9278.0,Vietnam,VN,,no,sapo_social,,other,,294000,3
KH12839,21912004,,TP Hồ Chí Minh,TP Hồ Chí Minh,2.0,Quận 7,36.0,Phường Tân Phú,9473.0,Vietnam,VN,,no,sapo_social,,other,,4940000,1
KH12840,21917916,,,,,,,,,Vietnam,VN,,yes,,,female,,850000,1
KH12841,21932340,,TP Hồ Chí Minh,TP Hồ Chí Minh,2.0,Quận Bình Thạnh,45.0,Phường 13,9279.0,Vietnam,VN,,no,,,other,,345000,1
KH12842,21932342,,,,,,,,,Vietnam,VN,,no,,,other,,330000,1
KH12843,21933126,,TP Hồ Chí Minh,TP Hồ Chí Minh,2.0,Quận 4,33.0,Phường 13,9397.0,Vietnam,VN,,no,,,other,,760000,1
KH12844,21936961,,,,,,,,,,,,no,,,other,,0,0
KH12845,21938684,,,,,,,,,,,,no,,,other,,0,0
KH12846,21938826,,TP Hồ Chí Minh,TP Hồ Chí Minh,2.0,Quận Tân Phú,44.0,Phường Sơn Kỳ,9316.0,Vietnam,VN,,no,,,other,,1450000,1
KH12847,21947506,,,,,,,,,Vietnam,VN,,no,,,female,,5620000,1
KH12848,21948435,,TP Hồ Chí Minh,TP Hồ Chí Minh,2.0,Thành phố Thủ Đức,10924.0,Phường An Phú,107429.0,Vietnam,VN,,no,,,other,,2204000,2
KH12849,21959599,,,,,,,,,,,,no,,,other,,0,0
KH12850,21959718,,,,,,,,,,,,no,,,other,,0,0
KH12851,21985425,,TP Hồ Chí Minh,TP Hồ Chí Minh,2.0,Quận Bình Thạnh,45.0,Phường 19,9297.0,Vietnam,VN,,no,sapo_social,,other,,1530000,1
KH12852,21989652,,,,,,,,,Vietnam,VN,,no,,,other,,740000,2
KH12853,21993328,,,,,,,,,Vietnam,VN,,no,,,male,,1540000,3
KH12854,21994107,,,,,,,,,Vietnam,VN,,yes,,,male,2004-01-01,815000,1
KH12855,22003313,,,,,,,,,,,,no,,,other,,0,0
KH12856,22004743,,,,,,,,,Vietnam,VN,,yes,,,male,1993-11-01,590000,1
KH12857,22006446,,,,,,,,,,,,no,,,other,,0,0
KH12858,22019980,,,,,,,,,,,,no,,,other,,0,0
KH12859,22029194,,TP Hồ Chí Minh,TP Hồ Chí Minh,2.0,Quận 1,30.0,Phường Đa Kao,9218.0,Vietnam,VN,,no,,,other,,425000,1
KH12860,22046365,,,,,,,,,Vietnam,VN,,no,,,male,,6105500,3
KH12861,22064305,,,,,,,,,Vietnam,VN,,yes,,,male,,1800000,1
KH12862,22069676,,TP Hồ Chí Minh,TP Hồ Chí Minh,2.0,Quận Bình Thạnh,45.0,Phường 7,9286.0,Vietnam,VN,,no,sapo_social,,other,,2085000,1
KH12863,22069950,,,,,,,,,Vietnam,VN,,yes,,,male,,1365500,2
KH12864,22080727,,TP Hồ Chí Minh,TP Hồ Chí Minh,2.0,Quận 5,34.0,Phường 9,9412.0,Vietnam,VN,,no,,,other,,345000,1
KH12865,22083941,,,,,,,,,,,,no,,,other,,0,0
KH12866,22097345,,TP Hồ Chí Minh,TP Hồ Chí Minh,2.0,Quận Tân Phú,44.0,Phường Tân Sơn Nhì,9314.0,Vietnam,VN,,no,,,other,,153000,1
KH12867,22099701,,,,,,,,,,,,no,,,other,,0,0
KH12868,22127604,,,,,,,,,Vietnam,VN,,no,sapo_social,,other,,396000,1
KH12869,22128148,,TP Hồ Chí Minh,TP Hồ Chí Minh,2.0,Huyện Bình Chánh,51.0,Xã Bình Hưng,9517.0,Vietnam,VN,,no,sapo_social,,other,,1505000,1
KH12870,22129382,,,,,,,,,Vietnam,VN,,yes,,,male,,425000,1
KH12871,22133840,,TP Hồ Chí Minh,TP Hồ Chí Minh,2.0,Quận Bình Thạnh,45.0,Phường 3,9293.0,Vietnam,VN,,no,sapo_social,,other,,3450000,1
KH12872,22137457,,TP Hồ Chí Minh,TP Hồ Chí Minh,2.0,Quận 6,35.0,Phường 10,9439.0,Vietnam,VN,,no,,,other,,380000,2
KH12873,22138168,,,,,,,,,Vietnam,VN,,no,,,other,,13860000,1
KH12874,22138841,,,,,,,,,,,,no,,,other,,0,0
KH12875,22139222,,Hà Nội,Hà Nội,1.0,Quận Đống Đa,4.0,Phường Láng Hạ,70.0,Vietnam,VN,,no,sapo_social,,other,,635100,1
KH12876,22139270,,,,,,,,,Vietnam,VN,,no,,,other,2004-09-09,1275000,1
KH12877,22139492,,,,,,,,,,,,no,,,other,,0,0
KH12878,22139516,,,,,,,,,Vietnam,VN,,no,,,female,,2750000,1
KH12879,22140662,,TP Hồ Chí Minh,TP Hồ Chí Minh,2.0,Quận Bình Thạnh,45.0,Phường 26,9282.0,Vietnam,VN,,no,sapo_social,,other,,1125000,1
KH12880,22141933,,,,,,,,,Vietnam,VN,,yes,,,female,,530000,1
KH12881,22160820,,,,,,,,,Vietnam,VN,,yes,,,male,,530000,1
KH12882,22175428,,,,,,,,,Vietnam,VN,,no,,,other,,880000,2
KH12883,22186016,,TP Hồ Chí Minh,TP Hồ Chí Minh,2.0,Quận 1,30.0,Phường Phạm Ngũ Lão,9222.0,Vietnam,VN,,no,,,other,,0,0
KH12884,22189993,,,,,,,,,Vietnam,VN,,no,sapo_social,,other,,722000,1
KH12885,22207978,,TP Hồ Chí Minh,TP Hồ Chí Minh,2.0,Quận 8,37.0,Phường 4,9447.0,Vietnam,VN,,no,sapo_social,,other,,995000,2
KH12886,22210875,,Quảng Nam,Quảng Nam,47.0,Thành phố Hội An,499.0,Phường Cẩm Châu,6939.0,Vietnam,VN,,no,sapo_social,,other,,0,1
KH12887,22226765,,TP Hồ Chí Minh,TP Hồ Chí Minh,2.0,Quận Bình Thạnh,45.0,Phường 19,9297.0,Vietnam,VN,,no,sapo_social,,other,,445000,1
KH12888,22227071,,,,,,,,,Vietnam,VN,,yes,,,female,,330000,1
KH12889,22244769,,,,,,,,,Vietnam,VN,,no,,,female,,940000,1
KH12890,22329376,,,,,,,,,Vietnam,VN,,yes,,,female,,2200000,1
KH12891,22330621,,,,,,,,,,,,no,,,other,,0,0
KH12892,22367848,,,,,,,,,,,,no,,,other,,0,1
KH12893,22372709,,TP Hồ Chí Minh,TP Hồ Chí Minh,2.0,Quận Tân Phú,44.0,Phường Tân Quý,9317.0,Vietnam,VN,,no,sapo_social,,other,,1026000,2
KH12894,22376432,,,,,,,,,Vietnam,VN,,no,,,female,,940000,1
KH12895,22467007,,TP Hồ Chí Minh,TP Hồ Chí Minh,2.0,Quận 1,30.0,Phường Bến Nghé,9219.0,Vietnam,VN,,no,sapo_social,,other,,116809000,23
KH12896,22467252,,,,,,,,,Vietnam,VN,,no,,,other,,350000,1
KH12897,22467580,,TP Hồ Chí Minh,TP Hồ Chí Minh,2.0,Quận 1,30.0,Phường Đa Kao,9218.0,Vietnam,VN,,no,,,other,,425000,1
KH12898,22494159,,,,,,,,,,,,no,,,other,,0,0
KH12899,22500110,,,,,,,,,Vietnam,VN,,no,,,other,,1840000,1
KH12900,22500278,,,,,,,,,,,,no,,,other,,0,0
KH12901,22513108,,,,,,,,,Vietnam,VN,,no,,,female,,880000,2
KH12902,22514015,,,,,,,,,Vietnam,VN,,no,,,male,,1634000,1
KH12903,22542141,,,,,,,,,,,,no,,,other,,0,0
KH12904,22552084,,TP Hồ Chí Minh,TP Hồ Chí Minh,2.0,Quận 3,32.0,Phường 11,9355.0,Vietnam,VN,,no,sapo_social,,other,,5350400,1
KH12905,22593604,,,,,,,,,,,,no,,,other,,0,0
KH12906,22593743,,,,,,,,,Vietnam,VN,,yes,,,male,,330000,1
KH12907,22593867,,,,,,,,,Vietnam,VN,,yes,,,female,,330000,1
KH12908,22594737,,,,,,,,,,,,no,,,other,,0,0
KH12909,22594993,,,,,,,,,,,,no,,,other,,0,0
KH12910,22596339,,,,,,,,,,,,no,,,other,,0,0
KH12911,22632045,,TP Hồ Chí Minh,TP Hồ Chí Minh,2.0,Quận Bình Thạnh,45.0,Phường 25,9284.0,Vietnam,VN,,no,sapo_social,,other,,905000,2
KH12912,22632466,,,,,,,,,Vietnam,VN,,no,,,other,,425000,1
KH12913,22661549,,,,,,,,,,,,no,,,other,,0,0
KH12914,22664651,,,,,,,,,Vietnam,VN,,no,,,other,,760000,1
KH12915,22666625,,TP Hồ Chí Minh,TP Hồ Chí Minh,2.0,Quận 11,40.0,Phường 6,9391.0,Vietnam,VN,,no,sapo_social,,other,,7500000,3
KH12916,22668201,,,,,,,,,,,,no,,,other,,0,0
KH12917,22668251,,,,,,,,,,,,no,,,other,,0,0
KH12918,22679530,,,,,,,,,Vietnam,VN,,no,,,male,,330000,1
KH12919,22682608,,Khánh Hòa,Khánh Hòa,32.0,Thành phố Nha Trang,348.0,Phường Lộc Thọ,7621.0,Vietnam,VN,,no,sapo_social,,other,,4950000,2
KH12920,22726349,,,,,,,,,Vietnam,VN,,no,sapo_social,,other,,47454000,4
KH12921,22730749,,TP Hồ Chí Minh,TP Hồ Chí Minh,2.0,Quận Gò Vấp,42.0,Phường 10,9270.0,Vietnam,VN,,no,,,other,,1933000,4
KH12922,22740277,,,,,,,,,Vietnam,VN,,no,,,other,,180000,1
KH12923,22742352,,,,,,,,,Vietnam,VN,,no,,,other,,1845000,2
KH12924,22742421,,,,,,,,,Vietnam,VN,,no,,,female,,750000,1
KH12925,22746177,,TP Hồ Chí Minh,TP Hồ Chí Minh,2.0,Quận 7,36.0,Phường Tân Phong,9474.0,Vietnam,VN,,yes,,Cổng 2 Trường ĐH Tôn Đức Thắng,male,,760000,1
KH12926,22746556,,TP Hồ Chí Minh,TP Hồ Chí Minh,2.0,Quận 7,36.0,Phường Tân Phong,9474.0,Vietnam,VN,,yes,,,female,,0,0
KH12927,22756297,,,,,,,,,Vietnam,VN,,no,sapo_social,,other,,600000,1
KH12928,22756798,,,,,,,,,Vietnam,VN,,no,,,male,,785000,2
KH12929,22756978,,,,,,,,,Vietnam,VN,,no,,,female,,1254000,1
KH12930,22758028,,Kiên Giang,Kiên Giang,33.0,Huyện Kiên Hải,365.0,Xã Lại Sơn,10725.0,Vietnam,VN,,no,,,other,,0,0
KH12931,22807727,,TP Hồ Chí Minh,TP Hồ Chí Minh,2.0,Thành phố Thủ Đức,10924.0,Phường Hiệp Bình Chánh,107435.0,Vietnam,VN,700000.0,no,,,other,,0,0
KH12932,22811443,,TP Hồ Chí Minh,TP Hồ Chí Minh,2.0,Quận 5,34.0,Phường 11,9420.0,Vietnam,VN,,no,,,other,,145000,1
KH12933,22880505,,,,,,,,,Vietnam,VN,,yes,,,male,,1100000,1
KH12934,22896191,,,,,,,,,Vietnam,VN,,no,,,female,,4282600,4
KH12935,22896261,,,,,,,,,Vietnam,VN,,no,,,male,,11460000,4
KH12936,23117604,,TP Hồ Chí Minh,TP Hồ Chí Minh,2.0,Quận 9,38.0,Phường Long Bình,9250.0,Vietnam,VN,,no,sapo_social,,other,,1160000,1
KH12937,23164203,,,,,,,,,,,,no,,,other,,0,0
KH12938,23188959,,TP Hồ Chí Minh,TP Hồ Chí Minh,2.0,Quận 9,38.0,Phường Long Thạnh Mỹ,9251.0,Vietnam,VN,,no,,,other,,365000,1
KH12939,23217402,,,,,,,,,,,,no,,,other,,0,0
KH12940,23228757,,,,,,,,,Vietnam,VN,,no,,,other,,1012000,1
KH12941,23235371,,,,,,,,,,,,no,,,other,,0,0
KH12942,23244345,,,,,,,,,,,,no,,,other,,0,0
KH12943,23246320,,,,,,,,,Vietnam,VN,,no,,,male,,905000,1
KH12944,23257322,,,,,,,,,Vietnam,VN,,no,,,other,,745000,1
KH12945,23258380,,,,,,,,,Vietnam,VN,,no,,,other,,1225000,1
KH12946,23258546,,,,,,,,,,,,no,,,other,,0,0
KH12947,23258837,,,,,,,,,Vietnam,VN,,no,,,other,,550000,1
KH12948,23259780,,,,,,,,,Vietnam,VN,,no,,,male,,940000,1
KH12949,23261607,,,,,,,,,Vietnam,VN,,no,,,other,,330000,1
KH12950,23265835,,,,,,,,,,,,no,,,other,,0,0
KH12951,23270252,,TP Hồ Chí Minh,TP Hồ Chí Minh,2.0,Quận 3,32.0,Phường 12,9354.0,Vietnam,VN,,no,,,other,,275000,1
KH12952,23272534,,,,,,,,,Vietnam,VN,,yes,,,male,,390000,1
KH12953,23281236,,,,,,,,,,,,no,,,other,,0,0
KH12954,23296043,,,,,,,,,,,,no,,,other,,0,0
KH12955,23297666,,TP Hồ Chí Minh,TP Hồ Chí Minh,2.0,Quận Gò Vấp,42.0,Phường 14,9269.0,Vietnam,VN,,no,sapo_social,,other,,355000,1
KH12956,23301962,,,,,,,,,,,,no,,,other,,0,0
KH12957,23312051,,TP Hồ Chí Minh,TP Hồ Chí Minh,2.0,Quận Phú Nhuận,46.0,Phường 10,9334.0,Vietnam,VN,,no,,,other,,1225000,1
KH12958,23312802,,,,,,,,,,,,no,,,other,,0,0
KH12959,23353766,,,,,,,,,Vietnam,VN,,no,,,other,,830000,1
KH12960,23355894,,TP Hồ Chí Minh,TP Hồ Chí Minh,2.0,Huyện Hóc Môn,50.0,Xã Thới Tam Thôn,9502.0,Vietnam,VN,,no,,,other,,344000,1
KH12961,23356544,,,,,,,,,Vietnam,VN,,no,,,female,,530000,1
KH12962,23356659,,,,,,,,,Vietnam,VN,,no,,,male,,550000,1
KH12963,23358146,,,,,,,,,,,,no,,,other,,0,0
KH12964,23359351,,,,,,,,,,,,no,,,other,,0,0
KH12965,23416888,,,,,,,,,,,,no,,,other,,0,0
KH12966,23436824,,,,,,,,,Vietnam,VN,,no,,,female,,1709000,1
KH12967,23438557,,,,,,,,,Vietnam,VN,,yes,,,male,,330000,1
KH12968,23444212,,TP Hồ Chí Minh,TP Hồ Chí Minh,2.0,Quận 10,39.0,Phường 14,9367.0,Vietnam,VN,,no,sapo_social,,other,,36516188,7
KH12969,23444403,,TP Hồ Chí Minh,TP Hồ Chí Minh,2.0,Quận Bình Thạnh,45.0,Phường 25,9284.0,Vietnam,VN,,no,,,other,,680000,1
KH12970,23448290,,TP Hồ Chí Minh,TP Hồ Chí Minh,2.0,Quận Gò Vấp,42.0,Phường 7,9272.0,Vietnam,VN,,no,sapo_social,,other,,0,0
KH12971,23453498,,,,,,,,,Vietnam,VN,,yes,,,male,1996-04-17,0,0
KH12972,23459382,,,,,,,,,Vietnam,VN,,yes,,,male,,2895000,2
KH12973,23459480,,TP Hồ Chí Minh,TP Hồ Chí Minh,2.0,Quận Bình Thạnh,45.0,Phường 1,9292.0,Vietnam,VN,,no,,,other,,865000,2
KH12974,23467529,,,,,,,,,Vietnam,VN,,yes,,,male,,900000,1
KH12975,23473797,,TP Hồ Chí Minh,TP Hồ Chí Minh,2.0,Quận Tân Phú,44.0,Phường Tân Sơn Nhì,9314.0,Vietnam,VN,,no,sapo_social,,other,,450000,2
KH12976,23474842,,,,,,,,,Vietnam,VN,,no,,,female,,350000,1
KH12977,23477070,,TP Hồ Chí Minh,TP Hồ Chí Minh,2.0,Quận 10,39.0,Phường 8,9373.0,Vietnam,VN,,no,,,other,,425000,1
KH12978,23488670,,,,,,,,,,,,no,,,other,,0,0
KH12979,23492405,,,,,,,,,,,,no,,,other,,0,0
KH12980,23494320,,TP Hồ Chí Minh,TP Hồ Chí Minh,2.0,Quận 1,30.0,Phường Nguyễn Thái Bình,9221.0,Vietnam,VN,,no,sapo_social,,other,,12540000,2
KH12981,23498091,,Kiên Giang,Kiên Giang,33.0,Thành phố Phú Quốc,367.0,Xã Cửa Cạn,10716.0,Vietnam,VN,,no,,,other,,966100,1
KH12982,23502769,,TP Hồ Chí Minh,TP Hồ Chí Minh,2.0,Quận 1,30.0,Phường Bến Nghé,9219.0,Vietnam,VN,,no,,,other,,0,1
KH12983,23517333,,,,,,,,,Vietnam,VN,,no,,,male,,390000,1
KH12984,23519622,,,,,,,,,Vietnam,VN,,no,sapo_social,,other,,2056000,1
KH12985,23521507,,,,,,,,,,,,no,,,other,,0,0
KH12986,23526908,,Bình Dương,Bình Dương,10.0,Thành phố Thuận An,701.0,Phường Bình Chuẩn,8956.0,Vietnam,VN,,no,sapo_social,,other,,924000,1
KH12987,23535503,,,,,,,,,,,,no,,,other,,0,0
KH12988,23536262,,,,,,,,,Vietnam,VN,,yes,,,male,,3100000,5
KH12989,23566413,,,,,,,,,,,,no,,,other,,0,0
KH12990,23568363,,,,,,,,,Vietnam,VN,,no,,,other,,520000,1
KH12991,23568424,,,,,,,,,Vietnam,VN,,yes,,,male,,5280000,1
KH12992,23572017,,,,,,,,,,,,no,,,other,,0,0
KH12993,23578912,,,,,,,,,Vietnam,VN,,no,,,other,,900000,1
KH12994,23587175,,TP Hồ Chí Minh,TP Hồ Chí Minh,2.0,Quận Tân Phú,44.0,Phường Tân Quý,9317.0,Vietnam,VN,,no,,,other,,521000,2
KH12995,23588520,,TP Hồ Chí Minh,TP Hồ Chí Minh,2.0,Quận Bình Tân,48.0,Phường Bình Trị Đông A,9460.0,Vietnam,VN,,no,sapo_social,,other,,485000,1
KH12996,23591719,,,,,,,,,,,,no,,,other,,0,0
KH12997,23596728,,,,,,,,,,,,no,,,other,,0,0
KH12998,23598466,,,,,,,,,Vietnam,VN,,no,,,male,,1465000,1
KH12999,23600070,,,,,,,,,Vietnam,VN,,no,,,other,,14000,1
KH13000,23609175,,,,,,,,,,,,no,,,other,,0,0
KH13001,23610163,,TP Hồ Chí Minh,TP Hồ Chí Minh,2.0,Quận 8,37.0,Phường 5,9450.0,Vietnam,VN,,no,,,other,,196000,1
KH13002,23611022,,,,,,,,,,,,no,,,other,,0,0
KH13003,23614043,,TP Hồ Chí Minh,TP Hồ Chí Minh,2.0,Quận 5,34.0,Phường 1,9419.0,Vietnam,VN,,no,,,other,,3315000,1
KH13004,23614669,,,,,,,,,,,,no,,,other,,0,0
KH13005,23619808,,,,,,,,,,,,no,,,other,,0,0
KH13006,23629373,,,,,,,,,Vietnam,VN,,no,sapo_social,,other,,1325000,2
KH13007,23629618,,,,,,,,,,,,no,,,other,,0,0
KH13008,23634069,,TP Hồ Chí Minh,TP Hồ Chí Minh,2.0,Quận 6,35.0,Phường 10,9439.0,Vietnam,VN,,no,,,other,,68015000,4
KH13009,23636477,,TP Hồ Chí Minh,TP Hồ Chí Minh,2.0,Huyện Bình Chánh,51.0,Xã Lê Minh Xuân,9514.0,Vietnam,VN,,no,,,other,,794000,2
KH13010,23644002,,,,,,,,,Vietnam,VN,,no,,,female,,1275000,1
KH13011,23645352,,TP Hồ Chí Minh,TP Hồ Chí Minh,2.0,Quận Tân Bình,43.0,Phường 2,9299.0,Vietnam,VN,,no,sapo_social,,other,,377000,1
KH13012,23649339,,TP Hồ Chí Minh,TP Hồ Chí Minh,2.0,Quận 1,30.0,Phường Đa Kao,9218.0,Vietnam,VN,,no,sapo_social,,other,,16431800,6
KH13013,23652149,,,,,,,,,Vietnam,VN,,yes,,,male,,600000,1
KH13014,23668762,,,,,,,,,Vietnam,VN,,no,sapo_social,,other,,2515000,1
KH13015,23673885,,,,,,,,,,,,no,,,other,,0,0
KH13016,23676647,,,,,,,,,Vietnam,VN,,yes,,,male,,398000,1
KH13017,23678270,,,,,,,,,Vietnam,VN,,yes,,,male,,644000,1
KH13018,23679198,,,,,,,,,Vietnam,VN,,no,,,male,,0,1
KH13019,23687085,,,,,,,,,Vietnam,VN,,yes,,,male,,1729000,4
KH13020,23687859,,,,,,,,,Vietnam,VN,,no,,,male,,450000,1
KH13021,23700331,,,,,,,,,,,,no,,,other,,0,0
KH13022,23728723,,TP Hồ Chí Minh,TP Hồ Chí Minh,2.0,Thành phố Thủ Đức,10924.0,Phường Thảo Điền,107457.0,Vietnam,VN,,no,sapo_social,,other,,1580000,3
KH13023,23728729,,,,,,,,,,,,no,,,other,,0,0
KH13024,23730367,,,,,,,,,Vietnam,VN,,no,sapo_social,,other,,431000,1
KH13025,23730587,,,,,,,,,Vietnam,VN,,yes,,,female,,550000,1
KH13026,23736039,,Đồng Nai,Đồng Nai,21.0,Thành phố Biên Hòa,224.0,Phường Bửu Long,8970.0,Vietnam,VN,,no,sapo_social,,other,,5000000,1
KH13027,23797121,,,,,,,,,Vietnam,VN,,yes,,,male,,1283000,3
KH13028,23798042,,TP Hồ Chí Minh,TP Hồ Chí Minh,2.0,Quận 7,36.0,Phường Tân Hưng,9469.0,Vietnam,VN,,no,,,other,,360000,2
KH13029,23801793,,,,,,,,,Vietnam,VN,,no,sapo_social,,other,,5200000,1
KH13030,23876487,,,,,,,,,,,,no,,,other,,0,0
KH13031,23910228,,,,,,,,,Vietnam,VN,,yes,,,male,,3850000,2
KH13032,23911630,,,,,,,,,Vietnam,VN,,yes,,,female,,5000000,1
KH13033,23922538,,,,,,,,,,,,no,,,other,,0,0
KH13034,23923060,,TP Hồ Chí Minh,TP Hồ Chí Minh,2.0,Huyện Bình Chánh,51.0,Xã Tân Nhựt,9515.0,Vietnam,VN,,no,,,other,,344000,1
KH13035,23923944,,TP Hồ Chí Minh,TP Hồ Chí Minh,2.0,Quận 3,32.0,Phường Võ Thị Sáu,107463.0,Vietnam,VN,,no,,,other,,2500000,1
KH13036,23941024,,,,,,,,,Vietnam,VN,,no,,,male,,474000,1
KH13037,23953477,,TP Hồ Chí Minh,TP Hồ Chí Minh,2.0,Quận 11,40.0,Phường 15,9380.0,Vietnam,VN,,no,,,other,,357000,1
KH13038,23955935,,Hà Nội,Hà Nội,1.0,Quận Ba Đình,2.0,Phường Trúc Bạch,2.0,Vietnam,VN,,no,,,other,,0,1
KH13039,24015101,,TP Hồ Chí Minh,TP Hồ Chí Minh,2.0,Quận 12,41.0,Phường An Phú Đông,9232.0,Vietnam,VN,,no,sapo_social,,other,,0,1
KH13040,24018101,,TP Hồ Chí Minh,TP Hồ Chí Minh,2.0,Quận Tân Phú,44.0,Phường Tân Sơn Nhì,9314.0,Vietnam,VN,,no,,,other,,816000,1
KH13041,24020468,,TP Hồ Chí Minh,TP Hồ Chí Minh,2.0,Quận Tân Bình,43.0,Phường 12,9301.0,Vietnam,VN,,no,,,other,,330000,1
KH13042,24023007,,,,,,,,,,,,no,,,other,,0,0
KH13043,24027524,,,,,,,,,Vietnam,VN,,yes,,,female,,570000,1
KH13044,24028985,,,,,,,,,,,,no,,,other,,0,0
KH13045,24041153,,TP Hồ Chí Minh,TP Hồ Chí Minh,2.0,Quận Phú Nhuận,46.0,Phường 9,9327.0,Vietnam,VN,,no,,,other,,605000,1
KH13046,24041843,,,,,,,,,Vietnam,VN,,yes,,,other,,920000,1
KH13047,24044847,,,,,,,,,,,,no,,,other,,0,0
KH13048,24050972,,,,,,,,,,,,no,,,other,,0,0
KH13049,24055498,,,,,,,,,Vietnam,VN,,no,,,other,,550000,1
KH13050,24055758,,,,,,,,,Vietnam,VN,,no,,,other,,2280000,1
KH13051,24058258,,,,,,,,,,,,no,,,other,,0,0
KH13052,24061799,,,,,,,,,Vietnam,VN,,no,sapo_social,,other,,13886480,7
KH13053,24073483,,,,,,,,,Vietnam,VN,,yes,,,male,,2150000,1
KH13054,24092412,,TP Hồ Chí Minh,TP Hồ Chí Minh,2.0,Huyện Hóc Môn,50.0,Xã Bà Điểm,9508.0,Vietnam,VN,,no,,,other,,1804000,1
KH13055,24106097,,TP Hồ Chí Minh,TP Hồ Chí Minh,2.0,Quận Tân Phú,44.0,Phường Hòa Thạnh,9322.0,Vietnam,VN,,no,,,other,,2196000,2
KH13056,24129034,,,,,,,,,Vietnam,VN,,yes,,,male,,3619000,1
KH13057,24133695,,TP Hồ Chí Minh,TP Hồ Chí Minh,2.0,Quận 8,37.0,Phường 3,9443.0,Vietnam,VN,,no,sapo_social,,other,,450000,1
KH13058,24133833,,TP Hồ Chí Minh,TP Hồ Chí Minh,2.0,Quận 4,33.0,Phường 13,9397.0,Vietnam,VN,,no,,,other,,860000,1
KH13059,24153572,,TP Hồ Chí Minh,TP Hồ Chí Minh,2.0,Quận Tân Bình,43.0,Phường 8,9310.0,Vietnam,VN,,no,,,other,,337000,1
KH13060,24155514,,TP Hồ Chí Minh,TP Hồ Chí Minh,2.0,Quận 1,30.0,Phường Bến Nghé,9219.0,Vietnam,VN,,no,,,other,,1385000,1
KH13061,24225120,,,,,,,,,,,,no,,,other,,0,0
KH13062,24235691,,TP Hồ Chí Minh,TP Hồ Chí Minh,2.0,Quận Phú Nhuận,46.0,Phường 7,9328.0,Vietnam,VN,,no,sapo_social,,other,,2200000,1
KH13063,24320478,,,,,,,,,Vietnam,VN,,no,sapo_social,,other,,10029800,1
KH13064,24323633,,,,,,,,,Vietnam,VN,,no,,,other,,360000,1
KH13065,24329150,,TP Hồ Chí Minh,TP Hồ Chí Minh,2.0,Quận 7,36.0,Phường Phú Thuận,9472.0,Vietnam,VN,,no,,,other,,340000,2
KH13066,24362877,,TP Hồ Chí Minh,TP Hồ Chí Minh,2.0,Quận 2,31.0,Phường Cát Lái,9347.0,Vietnam,VN,,no,,,other,,2300000,1
KH13067,24364694,,,,,,,,,,,,no,,,other,,0,0
KH13068,24365602,,,,,,,,,Vietnam,VN,,no,,,other,,465000,1
KH13069,24374303,,,,,,,,,Vietnam,VN,,yes,,,male,,730000,1
KH13070,24375891,,,,,,,,,Vietnam,VN,,no,,,other,,1290000,1
KH13071,24383913,,,,,,,,,,,,no,,,other,,0,0
KH13072,24386239,,TP Hồ Chí Minh,TP Hồ Chí Minh,2.0,Quận 5,34.0,Phường 4,9411.0,Vietnam,VN,,no,,,other,,820000,2
KH13073,24413959,,,,,,,,,,,,no,,,other,,0,0
KH13074,24414179,,TP Hồ Chí Minh,TP Hồ Chí Minh,2.0,Quận Tân Bình,43.0,Phường 13,9302.0,Vietnam,VN,,no,,,other,,337000,1
KH13075,24414623,,TP Hồ Chí Minh,TP Hồ Chí Minh,2.0,Quận 1,30.0,Phường Bến Nghé,9219.0,Vietnam,VN,,no,,,other,,720000,1
KH13076,24426800,,TP Hồ Chí Minh,TP Hồ Chí Minh,2.0,Quận 10,39.0,Phường 15,9365.0,Vietnam,VN,,no,sapo_social,,other,,1742000,2
KH13077,24431301,,,,,,,,,,,,no,,,other,,0,0
KH13078,24434248,,TP Hồ Chí Minh,TP Hồ Chí Minh,2.0,Quận 7,36.0,Phường Phú Thuận,9472.0,Vietnam,VN,,no,,,other,,7735000,3
KH13079,24436354,,TP Hồ Chí Minh,TP Hồ Chí Minh,2.0,Quận 7,36.0,Phường Tân Phú,9473.0,Vietnam,VN,,yes,,,male,,22600000,2
KH13080,24457068,,,,,,,,,,,,no,,,other,,0,0
KH13081,24459195,,,,,,,,,Vietnam,VN,,no,,,other,,2825000,2
KH13082,24459273,,,,,,,,,Vietnam,VN,,no,,,other,,550000,1
KH13083,24459437,,,,,,,,,Vietnam,VN,,no,sapo_social,,other,,5170000,1
KH13084,24465420,,,,,,,,,,,,no,,,other,,0,0
KH13085,24470353,,TP Hồ Chí Minh,TP Hồ Chí Minh,2.0,Quận Bình Tân,48.0,Phường Bình Trị Đông,9459.0,Vietnam,VN,,no,sapo_social,,other,,437000,1
KH13086,24470991,,TP Hồ Chí Minh,TP Hồ Chí Minh,2.0,Quận Thủ Đức,47.0,Phường Hiệp Bình Phước,9243.0,Vietnam,VN,,no,,,other,,1395000,2
KH13087,24471813,,TP Hồ Chí Minh,TP Hồ Chí Minh,2.0,Quận Tân Bình,43.0,Phường 12,9301.0,Vietnam,VN,,no,sapo_social,,other,,815000,1
KH13088,24488812,,,,,,,,,,,,no,,,other,,0,0
KH13089,24493397,,TP Hồ Chí Minh,TP Hồ Chí Minh,2.0,Quận 3,32.0,Phường 5,9361.0,Vietnam,VN,,no,,,other,,1272000,3
KH13090,24496407,,,,,,,,,Vietnam,VN,,yes,,,male,,755000,1
KH13091,24507638,,,,,,,,,,,,no,,,other,,10800000,1
KH13092,24515305,,,,,,,,,Vietnam,VN,,no,,,other,,485000,1
KH13093,24515383,,,,,,,,,Vietnam,VN,,no,,,other,,60000,1
KH13094,24524903,,TP Hồ Chí Minh,TP Hồ Chí Minh,2.0,Quận 9,38.0,Phường Long Thạnh Mỹ,9251.0,Vietnam,VN,,no,,,other,,9310000,5
KH13095,24525770,,,,,,,,,Vietnam,VN,,no,sapo_social,,other,,0,0
KH13096,24533019,,,,,,,,,,,,no,,,other,,0,0
KH13097,24537076,,,,,,,,,,,,no,,,other,,0,0
KH13098,24539427,,TP Hồ Chí Minh,TP Hồ Chí Minh,2.0,Quận Bình Tân,48.0,Phường Bình Hưng Hòa,9456.0,Vietnam,VN,,no,sapo_social,,other,,1320000,1
KH13099,24556000,,TP Hồ Chí Minh,TP Hồ Chí Minh,2.0,Quận 7,36.0,Phường Tân Hưng,9469.0,Vietnam,VN,,no,sapo_social,,other,,360000,1
KH13100,24556150,,TP Hồ Chí Minh,TP Hồ Chí Minh,2.0,Quận 1,30.0,Phường Bến Thành,9220.0,Vietnam,VN,,no,sapo_social,,other,,375000,1
KH13101,24556607,,TP Hồ Chí Minh,TP Hồ Chí Minh,2.0,Quận Tân Phú,44.0,Phường Sơn Kỳ,9316.0,Vietnam,VN,,no,sapo_social,,other,,7085400,5
KH13102,24557027,,TP Hồ Chí Minh,TP Hồ Chí Minh,2.0,Quận 2,31.0,Phường An Phú,9341.0,Vietnam,VN,,no,sapo_social,,other,,700000,1
KH13103,24561194,,TP Hồ Chí Minh,TP Hồ Chí Minh,2.0,Quận Thủ Đức,47.0,Phường Hiệp Bình Chánh,9244.0,Vietnam,VN,,no,sapo_social,,other,,2530000,1
KH13104,24567154,,TP Hồ Chí Minh,TP Hồ Chí Minh,2.0,Quận Bình Thạnh,45.0,Phường 25,9284.0,Vietnam,VN,,no,sapo_social,,other,,7986000,3
KH13105,24567845,,,,,,,,,Vietnam,VN,,no,,,other,,430000,1
KH13106,24567913,,TP Hồ Chí Minh,TP Hồ Chí Minh,2.0,Thành phố Thủ Đức,10924.0,Phường Linh Xuân,107442.0,Vietnam,VN,,no,sapo_social,,other,,2745000,1
KH13107,24570354,,,,,,,,,Vietnam,VN,,no,,,male,,973000,2
KH13108,24574193,,,,,,,,,,,,no,,,other,,0,0
KH13109,24609647,,,,,,,,,Vietnam,VN,,yes,,,female,,1540000,1
KH13110,24611740,,,,,,,,,,,,no,,,other,,0,0
KH13111,24623658,,,,,,,,,Vietnam,VN,,no,,,female,,1150000,1
KH13112,24629432,,,,,,,,,,,,no,,,other,,0,0
KH13113,24631726,,,,,,,,,,,,no,,,other,,0,0
KH13114,24633522,,,,,,,,,Vietnam,VN,,yes,,,male,,1594000,1
KH13115,24638729,,,,,,,,,,,,no,,,other,,0,0
KH13116,24642429,,,,,,,,,,,,no,,,other,,0,0
KH13117,24687027,,,,,,,,,,,,no,,,other,,0,0
KH13118,24687656,,,,,,,,,Vietnam,VN,,no,sapo_social,,other,,1760000,1
KH13119,24768185,,,,,,,,,,,,no,,,other,,0,0
KH13120,24771610,,,,,,,,,,,,no,,,other,,0,0
KH13121,24784666,,TP Hồ Chí Minh,TP Hồ Chí Minh,2.0,Quận 2,31.0,Phường An Phú,9341.0,Vietnam,VN,,no,,,other,,2200000,1
KH13122,24786730,,TP Hồ Chí Minh,TP Hồ Chí Minh,2.0,Quận Bình Thạnh,45.0,Phường 25,9284.0,Vietnam,VN,,no,,,other,,1215000,2
KH13123,24789860,,TP Hồ Chí Minh,TP Hồ Chí Minh,2.0,Quận 9,38.0,Phường Long Bình,9250.0,Vietnam,VN,,no,,,other,,1215000,3
KH13124,24792291,,Bình Dương,Bình Dương,10.0,Thành phố Thủ Dầu Một,114.0,Phường Hiệp Thành,8873.0,Vietnam,VN,,no,,,other,,0,1
KH13125,24797171,,TP Hồ Chí Minh,TP Hồ Chí Minh,2.0,Quận Gò Vấp,42.0,Phường 16,9267.0,Vietnam,VN,,no,,,other,,355000,1
KH13126,24823786,,,,,,,,,,,,no,,,other,,0,0
KH13127,24836054,,TP Hồ Chí Minh,TP Hồ Chí Minh,2.0,Quận 7,36.0,Phường Tân Phú,9473.0,Vietnam,VN,,no,sapo_social,,other,,2055000,1
KH13128,24840753,,,,,,,,,Vietnam,VN,,no,,,female,,2700000,1
KH13129,24857633,,TP Hồ Chí Minh,TP Hồ Chí Minh,2.0,Quận 1,30.0,Phường Nguyễn Cư Trinh,9225.0,Vietnam,VN,,no,,,other,,514000,1
KH13130,24860094,,TP Hồ Chí Minh,TP Hồ Chí Minh,2.0,Quận Bình Thạnh,45.0,Phường 25,9284.0,Vietnam,VN,,no,,,other,,1355000,1
KH13131,24861745,,,,,,,,,,,,no,,,other,,0,0
KH13132,24868510,,,,,,,,,,,,no,,,other,,0,0
KH13133,24868588,,TP Hồ Chí Minh,TP Hồ Chí Minh,2.0,Quận 2,31.0,Phường Thảo Điền,9340.0,Vietnam,VN,,no,sapo_social,,other,,21941500,8
KH13134,24870519,,TP Hồ Chí Minh,TP Hồ Chí Minh,2.0,Quận Bình Thạnh,45.0,Phường 22,9296.0,Vietnam,VN,,no,sapo_social,,other,,35467470,31
KH13135,24874487,,,,,,,,,Vietnam,VN,,yes,,,male,,2050000,1
KH13136,24876424,,,,,,,,,Vietnam,VN,,yes,,,male,,1445300,1
KH13137,24888383,,TP Hồ Chí Minh,TP Hồ Chí Minh,2.0,Quận 7,36.0,Phường Tân Hưng,9469.0,Vietnam,VN,,no,,,other,,1800000,1
KH13138,24893573,,,,,,,,,Vietnam,VN,,no,sapo_social,,other,,485000,1
KH13139,24895983,,,,,,,,,,,,no,,,other,,0,0
KH13140,24896765,,,,,,,,,Vietnam,VN,,no,,,other,,2100000,1
KH13141,24896850,,,,,,,,,Vietnam,VN,,no,,,other,,2986500,7
KH13142,24910864,,,,,,,,,,,,no,,,other,,0,0
KH13143,24913170,,,,,,,,,Vietnam,VN,,no,,,other,,2161500,3
KH13144,24913386,,,,,,,,,,,,no,,,other,,0,0
KH13145,24914911,,TP Hồ Chí Minh,TP Hồ Chí Minh,2.0,Quận Phú Nhuận,46.0,Phường 10,9334.0,Vietnam,VN,,no,,,other,,450000,1
KH13146,24916524,,,,,,,,,,,,no,,,other,,0,0
KH13147,24960646,,,,,,,,,Vietnam,VN,,no,,,other,,50000,1
KH13148,24963156,,,,,,,,,,,,no,,,other,,0,0
KH13149,24971951,,TP Hồ Chí Minh,TP Hồ Chí Minh,2.0,Quận 3,32.0,Phường Võ Thị Sáu,107463.0,Vietnam,VN,,no,,,other,,430000,1
KH13150,24977681,,,,,,,,,Vietnam,VN,,yes,,,male,,330000,1
KH13151,24991890,,,,,,,,,Vietnam,VN,,yes,,,male,,3440000,1
KH13152,24992252,,,,,,,,,,,,no,,,other,,0,0
KH13153,24998747,,TP Hồ Chí Minh,TP Hồ Chí Minh,2.0,Quận 1,30.0,Phường Bến Nghé,9219.0,Vietnam,VN,,no,,,other,,9350000,1
KH13154,25000221,,,,,,,,,Vietnam,VN,,no,,,male,,4520000,1
KH13155,25000304,,,,,,,,,,,,no,,,other,,0,0
KH13156,25000987,,,,,,,,,,,,no,,,other,,0,0
KH13157,25023785,,,,,,,,,Vietnam,VN,,no,,,other,,1560000,2
KH13158,25025940,,TP Hồ Chí Minh,TP Hồ Chí Minh,2.0,Quận Thủ Đức,47.0,Phường Hiệp Bình Chánh,9244.0,Vietnam,VN,,no,,,other,,375000,1
KH13159,25027991,,TP Hồ Chí Minh,TP Hồ Chí Minh,2.0,Quận 1,30.0,Phường Tân Định,9217.0,Vietnam,VN,,no,sapo_social,,other,,1245000,1
KH13160,25054333,,TP Hồ Chí Minh,TP Hồ Chí Minh,2.0,Quận 6,35.0,Phường 11,9432.0,Vietnam,VN,,no,,,other,,480000,1
KH13161,25054929,,TP Hồ Chí Minh,TP Hồ Chí Minh,2.0,Quận 1,30.0,Phường Đa Kao,9218.0,Vietnam,VN,,no,sapo_social,,other,,1405000,2
KH13162,25064374,,,,,,,,,,,,no,,,other,,0,0
KH13163,25087094,,TP Hồ Chí Minh,TP Hồ Chí Minh,2.0,Huyện Hóc Môn,50.0,Xã Xuân Thới Thượng,9507.0,Vietnam,VN,,no,,,other,,0,1
KH13164,25098172,,TP Hồ Chí Minh,TP Hồ Chí Minh,2.0,Quận Bình Thạnh,45.0,Phường 14,9289.0,Vietnam,VN,,no,,,other,,550000,2
KH13165,25098602,,,,,,,,,Vietnam,VN,,no,,,female,,499000,2
KH13166,25099639,,,,,,,,,Vietnam,VN,,no,,,male,,330000,1
KH13167,25103852,,TP Hồ Chí Minh,TP Hồ Chí Minh,2.0,Quận 6,35.0,Phường 10,9439.0,Vietnam,VN,,no,,,other,,5390000,1
KH13168,25103955,,TP Hồ Chí Minh,TP Hồ Chí Minh,2.0,Quận 10,39.0,Phường 14,9367.0,Vietnam,VN,,no,sapo_social,,other,,790000,1
KH13169,25136291,Nhật Hoàng,TP Hồ Chí Minh,TP Hồ Chí Minh,2.0,Quận 2,31.0,Phường An Phú,9341.0,Vietnam,VN,,no,,,other,,8000000,1
KH13170,25136509,,TP Hồ Chí Minh,TP Hồ Chí Minh,2.0,Quận Bình Thạnh,45.0,Phường 11,9280.0,Vietnam,VN,,no,,,other,,6315000,5
KH13171,25137735,,,,,,,,,Vietnam,VN,,no,,,female,,62625800,5
KH13172,25138048,,,,,,,,,Vietnam,VN,,no,,,other,,450000,1
KH13173,25138181,,,,,,,,,Vietnam,VN,,no,,,female,,875000,2
KH13174,25138537,,,,,,,,,Vietnam,VN,,no,,,male,,430000,1
KH13175,25140236,,TP Hồ Chí Minh,TP Hồ Chí Minh,2.0,Quận 7,36.0,Phường Phú Thuận,9472.0,Vietnam,VN,,no,,,other,,730000,1
KH13176,25148604,,,,,,,,,Vietnam,VN,,no,,,other,,1840000,1
KH13177,25148774,,TP Hồ Chí Minh,TP Hồ Chí Minh,2.0,Quận Bình Thạnh,45.0,Phường 25,9284.0,Vietnam,VN,,yes,,,female,,10476400,2
KH13178,25154399,,TP Hồ Chí Minh,TP Hồ Chí Minh,2.0,Quận Bình Thạnh,45.0,Phường 22,9296.0,Vietnam,VN,,no,sapo_social,,other,,1130000,1
KH13179,25155280,,,,,,,,,Vietnam,VN,,no,,,male,,425000,1
KH13180,25155765,,,,,,,,,,,,no,,,other,,0,0
KH13181,25157456,,,,,,,,,,,,no,,,other,,0,0
KH13182,25157486,,,,,,,,,,,,no,,,other,,0,0
KH13183,25164817,,,,,,,,,,,,no,,,other,,0,0
KH13184,25168795,,,,,,,,,Vietnam,VN,,no,,,male,,1225000,1
KH13185,25186924,,,,,,,,,Vietnam,VN,,yes,,,male,,600000,1
KH13186,25187295,,TP Hồ Chí Minh,TP Hồ Chí Minh,2.0,Quận 4,33.0,Phường 1,9410.0,Vietnam,VN,,no,sapo_social,,other,,890000,1
KH13187,25189082,,,,,,,,,Vietnam,VN,,no,,,other,,2700000,1
KH13188,25189324,,TP Hồ Chí Minh,TP Hồ Chí Minh,2.0,Quận 10,39.0,Phường 13,9366.0,Vietnam,VN,,no,,,other,,504000,1
KH13189,25189422,,,,,,,,,Vietnam,VN,,yes,,,male,,530000,1
KH13190,25189770,,,,,,,,,,,,no,,,other,,0,0
KH13191,25200626,,,,,,,,,Vietnam,VN,,yes,,,male,,450000,1
KH13192,25205839,,,,,,,,,Vietnam,VN,,no,sapo_social,,other,,4800000,1
KH13193,25208390,,,,,,,,,,,,no,,,other,,0,0
KH13194,25211435,,,,,,,,,,,,no,,,other,,0,0
KH13195,25219825,,,,,,,,,,,,no,,,other,,0,0
KH13196,25220487,,TP Hồ Chí Minh,TP Hồ Chí Minh,2.0,Quận Phú Nhuận,46.0,Phường 9,9327.0,Vietnam,VN,,no,sapo_social,,other,,7710000,4
KH13197,25237762,,TP Hồ Chí Minh,TP Hồ Chí Minh,2.0,Quận Phú Nhuận,46.0,Phường 7,9328.0,Vietnam,VN,,no,,,other,,890000,2
KH13198,25294341,,,,,,,,,Vietnam,VN,,no,,,other,,18938280,1
KH13199,25295282,,,,,,,,,Vietnam,VN,,no,sapo_social,,other,,779000,1
KH13200,25327621,,,,,,,,,,,,no,,,other,,0,0
KH13201,25330617,,,,,,,,,Vietnam,VN,,yes,,,male,,1663000,1
KH13202,25336174,,,,,,,,,,,,no,,,other,,0,0
KH13203,25349760,,,,,,,,,,,,no,,,other,,0,0
KH13204,25357099,,TP Hồ Chí Minh,TP Hồ Chí Minh,2.0,Quận 7,36.0,Phường Tân Quy,9471.0,Vietnam,VN,,no,,,other,,500000,1
KH13205,25357324,,,,,,,,,Vietnam,VN,,yes,,,male,,1420000,2
KH13206,25359795,,TP Hồ Chí Minh,TP Hồ Chí Minh,2.0,Quận Tân Bình,43.0,Phường 5,9307.0,Vietnam,VN,,no,,,other,,1870000,1
KH13207,25402394,,,,,,,,,Vietnam,VN,,no,,,other,,380000,1
KH13208,25409128,,,,,,,,,,,,no,,,other,,0,0
KH13209,25434474,,TP Hồ Chí Minh,TP Hồ Chí Minh,2.0,Thành phố Thủ Đức,10924.0,Phường An Lợi Đông,107428.0,Vietnam,VN,,no,,,other,,850000,1
KH13210,25437110,,,,,,,,,,,,no,,,other,,0,0
KH13211,25448705,,,,,,,,,,,,no,,,other,,0,0
KH13212,25467743,,TP Hồ Chí Minh,TP Hồ Chí Minh,2.0,Quận 3,32.0,Phường Võ Thị Sáu,107463.0,Vietnam,VN,,no,sapo_social,,other,,4500000,4
KH13213,25471133,,,,,,,,,Vietnam,VN,,no,sapo_social,,other,,628000,1
KH13214,25471519,,,,,,,,,Vietnam,VN,,no,sapo_social,,other,,1415000,1
KH13215,25486272,,TP Hồ Chí Minh,TP Hồ Chí Minh,2.0,Quận 7,36.0,Phường Tân Phú,9473.0,Vietnam,VN,,no,sapo_social,,other,,3444000,1
KH13216,25503317,,,,,,,,,,,,no,,,other,,0,0
KH13217,25506731,,,,,,,,,,,,no,,,other,,0,0
KH13218,25507383,,,,,,,,,Vietnam,VN,,no,,,other,,760000,2
KH13219,25507797,,TP Hồ Chí Minh,TP Hồ Chí Minh,2.0,Quận Bình Thạnh,45.0,Phường 24,9287.0,Vietnam,VN,,no,sapo_social,,other,,470000,1
KH13220,25563490,,TP Hồ Chí Minh,TP Hồ Chí Minh,2.0,Quận Bình Tân,48.0,Phường Bình Trị Đông A,9460.0,Vietnam,VN,,no,,,other,,17580000,4
KH13221,25579092,,,,,,,,,,,,no,,,other,,0,0
KH13222,25606567,,Cần Thơ,Cần Thơ,16.0,Quận Cái Răng,176.0,Phường Hưng Phú,10757.0,Vietnam,VN,,no,sapo_social,,other,,563000,1
KH13223,25611674,,,,,,,,,Vietnam,VN,,no,,,female,,5441700,1
KH13224,25615789,,TP Hồ Chí Minh,TP Hồ Chí Minh,2.0,Quận Tân Bình,43.0,Phường 6,9309.0,Vietnam,VN,,no,,,other,,692000,1
KH13225,25624326,,,,,,,,,Vietnam,VN,,yes,,,male,,1430000,1
KH13226,25723934,,TP Hồ Chí Minh,TP Hồ Chí Minh,2.0,Quận Bình Thạnh,45.0,Phường 27,9281.0,Vietnam,VN,,no,,,other,,965000,2
KH13227,25755566,,,,,,,,,,,,no,,,other,,0,0
KH13228,25759056,,,,,,,,,,,,no,,,other,,0,0
KH13229,25761646,,,,,,,,,Vietnam,VN,,yes,,,male,,1173000,1
KH13230,25765872,,TP Hồ Chí Minh,TP Hồ Chí Minh,2.0,Quận Gò Vấp,42.0,Phường 10,9270.0,Vietnam,VN,,no,sapo_social,,other,,2307000,2
KH13231,25770537,,,,,,,,,Vietnam,VN,,no,,,other,,6908000,1
KH13232,25783438,,,,,,,,,,,,no,,,other,,0,0
KH13233,25785627,,,,,,,,,,,,no,,,other,,0,0
KH13234,25791650,,,,,,,,,Vietnam,VN,,yes,,,female,,3880000,2
KH13235,25815894,,,,,,,,,Vietnam,VN,,no,,,other,,330000,1
KH13236,25821719,,,,,,,,,Vietnam,VN,,no,,,other,,980000,1
KH13237,25822686,,TP Hồ Chí Minh,TP Hồ Chí Minh,2.0,Quận Gò Vấp,42.0,Phường 15,9263.0,Vietnam,VN,,no,,,other,,525000,1
KH13238,25823358,,,,,,,,,,,,no,,,other,,0,0
KH13239,25855045,,,,,,,,,Vietnam,VN,,no,,,other,,2450000,1
KH13240,25855394,,,,,,,,,Vietnam,VN,,no,,,other,,740000,1
KH13241,25856560,,TP Hồ Chí Minh,TP Hồ Chí Minh,2.0,Quận Bình Thạnh,45.0,Phường 25,9284.0,Vietnam,VN,,no,sapo_social,,other,,469000,1
KH13242,25857942,,,,,,,,,Vietnam,VN,,no,,,other,,1194000,1
KH13243,25871206,,TP Hồ Chí Minh,TP Hồ Chí Minh,2.0,Huyện Hóc Môn,50.0,Xã Đông Thạnh,9500.0,Vietnam,VN,,no,,,other,,485000,1
KH13244,25913824,,TP Hồ Chí Minh,TP Hồ Chí Minh,2.0,Quận 2,31.0,Phường Bình Trưng Đông,9343.0,Vietnam,VN,,no,,,other,,1425000,1
KH13245,25957238,,,,,,,,,,,,no,,,other,,0,0
KH13246,25965890,,TP Hồ Chí Minh,TP Hồ Chí Minh,2.0,Quận 1,30.0,Phường Bến Nghé,9219.0,Vietnam,VN,,no,,,other,,475000,1
KH13247,25984395,,TP Hồ Chí Minh,TP Hồ Chí Minh,2.0,Quận 4,33.0,Phường 12,9396.0,Vietnam,VN,,no,sapo_social,,other,,1040000,1
KH13248,25996215,,TP Hồ Chí Minh,TP Hồ Chí Minh,2.0,Quận 6,35.0,Phường 11,9432.0,Vietnam,VN,,no,sapo_social,,other,,4075000,1
KH13249,25996312,,,,,,,,,,,,no,,,other,,0,0
KH13250,26015079,,,,,,,,,,,,no,,,other,,0,0
KH13251,26019791,,TP Hồ Chí Minh,TP Hồ Chí Minh,2.0,Quận 1,30.0,Phường Đa Kao,9218.0,Vietnam,VN,,no,,,other,,5270000,2
KH13252,26039517,,,,,,,,,,,,no,,,other,,0,0
KH13253,26040491,,,,,,,,,,,,no,,,other,,0,0
KH13254,26041198,,,,,,,,,,,,no,,,other,,0,0
KH13255,26052669,,,,,,,,,Vietnam,VN,,no,,,other,,357000,1
KH13256,26103283,,,,,,,,,,,,no,,,other,,0,0
KH13257,26133407,,,,,,,,,Vietnam,VN,,no,,,other,,550000,1
KH13258,26174934,,TP Hồ Chí Minh,TP Hồ Chí Minh,2.0,Quận Tân Bình,43.0,Phường 12,9301.0,Vietnam,VN,,no,,,other,,3480000,2
KH13259,26180576,,,,,,,,,Vietnam,VN,,no,,,other,,4850000,1
KH13260,26181677,,,,,,,,,Vietnam,VN,,no,,,other,,1336000,1
KH13261,26182826,,,,,,,,,Vietnam,VN,,no,,,female,,450000,1
KH13262,26236536,,,,,,,,,Vietnam,VN,,no,sapo_social,,other,,940000,1
KH13263,26239122,,,,,,,,,Vietnam,VN,,no,,,other,,130000,1
KH13264,26240521,,TP Hồ Chí Minh,TP Hồ Chí Minh,2.0,Quận Phú Nhuận,46.0,Phường 1,9330.0,Vietnam,VN,,no,,,other,,477000,1
KH13265,26241848,,,,,,,,,Vietnam,VN,,no,,,other,,0,0
KH13266,26242731,,TP Hồ Chí Minh,TP Hồ Chí Minh,2.0,Thành phố Thủ Đức,10924.0,Phường Thủ Thiêm,107458.0,Vietnam,VN,,no,,,other,,495000,1
KH13267,26249964,,TP Hồ Chí Minh,TP Hồ Chí Minh,2.0,Quận Phú Nhuận,46.0,Phường 7,9328.0,Vietnam,VN,,no,sapo_social,,other,,720000,1
KH13268,26254699,,TP Hồ Chí Minh,TP Hồ Chí Minh,2.0,Quận 1,30.0,Phường Bến Nghé,9219.0,Vietnam,VN,,no,sapo_social,,other,,8400810,3
KH13269,26256218,,TP Hồ Chí Minh,TP Hồ Chí Minh,2.0,Quận 1,30.0,Phường Bến Nghé,9219.0,Vietnam,VN,,no,,,other,,715000,1
KH13270,26261986,,,,,,,,,,,,no,,,other,,0,0
KH13271,26262497,,TP Hồ Chí Minh,TP Hồ Chí Minh,2.0,Quận 10,39.0,Phường 14,9367.0,Vietnam,VN,,no,,,other,,450000,1
KH13272,26264990,,TP Hồ Chí Minh,TP Hồ Chí Minh,2.0,Quận 7,36.0,Phường Tân Phú,9473.0,Vietnam,VN,,no,,,other,,510000,1
KH13273,26265152,,TP Hồ Chí Minh,TP Hồ Chí Minh,2.0,Quận 3,32.0,Phường 12,9354.0,Vietnam,VN,,no,sapo_social,,other,,1663000,3
KH13274,26267923,,Quảng Ninh,Quảng Ninh,49.0,Thành phố Hạ Long,530.0,Phường Hà Phong,2304.0,Vietnam,VN,,no,,,other,,452100,1
KH13275,26285949,,TP Hồ Chí Minh,TP Hồ Chí Minh,2.0,Quận 1,30.0,Phường Bến Nghé,9219.0,Vietnam,VN,,no,,,other,,1716000,1
KH13276,26289504,,,,,,,,,,,,no,,,other,,0,0
KH13277,26295530,,,,,,,,,,,,no,,,other,,0,0
KH13278,26309248,,,,,,,,,Vietnam,VN,,no,,,male,,1028200,1
KH13279,26310840,,TP Hồ Chí Minh,TP Hồ Chí Minh,2.0,Quận 1,30.0,Phường Bến Thành,9220.0,Vietnam,VN,,no,,,other,,1950000,4
KH13280,26316149,,,,,,,,,Vietnam,VN,,no,,,other,,630000,1
KH13281,26326983,,TP Hồ Chí Minh,TP Hồ Chí Minh,2.0,Quận 1,30.0,Phường Bến Nghé,9219.0,Vietnam,VN,,no,sapo_social,,other,,1892000,1
KH13282,26333156,,,,,,,,,Vietnam,VN,,no,sapo_social,,other,,1575000,1
KH13283,26370781,,,,,,,,,Vietnam,VN,,no,sapo_social,,other,,0,0
KH13284,26427342,,,,,,,,,,,,no,,,other,,0,0
KH13285,26434442,,TP Hồ Chí Minh,TP Hồ Chí Minh,2.0,Quận 3,32.0,Phường 12,9354.0,Vietnam,VN,,no,sapo_social,,other,,0,0
KH13286,26434625,,TP Hồ Chí Minh,TP Hồ Chí Minh,2.0,Quận 1,30.0,Phường Đa Kao,9218.0,Vietnam,VN,,no,sapo_social,,other,,1422000,1
KH13287,26434962,,,,,,,,,Vietnam,VN,,no,,,other,,715000,1
KH13288,26437929,,,,,,,,,Vietnam,VN,,no,,,other,,800000,1
KH13289,26438118,,,,,,,,,Vietnam,VN,,no,sapo_social,,other,,490000,1
KH13290,26450760,,,,,,,,,Vietnam,VN,,no,,,male,,2880000,1
KH13291,26452373,,,,,,,,,,,,no,,,other,,0,0
KH13292,26454924,,,,,,,,,,,,no,,,other,,0,0
KH13293,26683611,,TP Hồ Chí Minh,TP Hồ Chí Minh,2.0,Quận 1,30.0,Phường Bến Nghé,9219.0,Vietnam,VN,,no,,,other,,357000,1
KH13294,26689242,,,,,,,,,Vietnam,VN,,no,,,female,,2285000,2
KH13295,26691417,,TP Hồ Chí Minh,TP Hồ Chí Minh,2.0,Quận 6,35.0,Phường 11,9432.0,Vietnam,VN,,no,sapo_social,,other,,600000,1
KH13296,26693953,,,,,,,,,,,,no,,,other,,0,0
KH13297,26706879,,,,,,,,,Vietnam,VN,,no,,,other,,1650000,1
KH13298,26707294,,,,,,,,,Vietnam,VN,,no,,,other,,592900,1
KH13299,26714066,,,,,,,,,Vietnam,VN,,no,sapo_social,,other,,11132500,12
KH13300,26714622,,,,,,,,,Vietnam,VN,,no,,,male,,2860500,4
KH13301,26716284,,TP Hồ Chí Minh,TP Hồ Chí Minh,2.0,Quận 2,31.0,Phường An Khánh,9346.0,Vietnam,VN,,no,,,other,,535000,1
KH13302,26730414,,,,,,,,,,,,no,,,other,,0,0
KH13303,26812016,,,,,,,,,Vietnam,VN,,no,,,other,,1342000,1
KH13304,26813596,,,,,,,,,Vietnam,VN,,no,,,male,,570000,1
KH13305,26820853,,TP Hồ Chí Minh,TP Hồ Chí Minh,2.0,Quận Tân Bình,43.0,Phường 12,9301.0,Vietnam,VN,,no,,,other,,337000,1
KH13306,26915611,,,,,,,,,Vietnam,VN,,no,,,male,,1010000,2
KH13307,26915811,,,,,,,,,Vietnam,VN,,no,,,male,,940000,1
KH13308,26925404,,,,,,,,,Vietnam,VN,,no,,,female,,499000,1
KH13309,27069741,,,,,,,,,Vietnam,VN,,no,,,other,,600000,1
KH13310,27070745,,,,,,,,,Vietnam,VN,,no,,,other,,1280000,1
KH13311,27072085,,TP Hồ Chí Minh,TP Hồ Chí Minh,2.0,Quận Bình Thạnh,45.0,Phường 14,9289.0,Vietnam,VN,,no,,,other,,594000,1
KH13312,27095531,,Thừa Thiên Huế,Thừa Thiên Huế,57.0,Thành phố Huế,629.0,Phường Xuân Phú,6718.0,Vietnam,VN,,no,,Hiện chưa rõ thông tin cô có nhận hay không,other,,777000,1
KH13313,27319018,,,,,,,,,Vietnam,VN,,no,sapo_social,,other,,941000,1
KH13314,27323089,,,,,,,,,Vietnam,VN,,no,,,other,,490000,1
KH13315,27323598,,,,,,,,,Vietnam,VN,,no,sapo_social,,other,,3615000,6
KH13316,27324033,,TP Hồ Chí Minh,TP Hồ Chí Minh,2.0,Quận Bình Thạnh,45.0,Phường 15,9290.0,Vietnam,VN,,no,sapo_social,,other,,1032000,2
KH13317,27329334,,,,,,,,,Vietnam,VN,,no,,,other,,460000,1
KH13318,27336198,,TP Hồ Chí Minh,TP Hồ Chí Minh,2.0,Quận 4,33.0,Phường 8,9400.0,Vietnam,VN,,no,,,other,,5235000,1
KH13319,27339002,,,,,,,,,,,,no,,,other,,0,0
KH13320,27343403,,,,,,,,,,,,no,,,other,,0,0
KH13321,27345071,,,,,,,,,,,,no,,,other,,0,0
KH13322,27350472,,,,,,,,,Vietnam,VN,,no,,,other,,940000,1
KH13323,27351279,,,,,,,,,,,,no,,,other,,0,0
KH13324,27351396,,,,,,,,,Vietnam,VN,,no,,,other,,630000,1
KH13325,27352704,,,,,,,,,,,,no,,,other,,0,0
KH13326,27374633,,,,,,,,,Vietnam,VN,,no,sapo_social,,other,,515000,1
KH13327,27376212,,,,,,,,,,,,no,,,other,,0,0
KH13328,27484957,,,,,,,,,,,,no,,,other,,0,0
KH13329,27485663,,TP Hồ Chí Minh,TP Hồ Chí Minh,2.0,Quận Phú Nhuận,46.0,Phường 3,9329.0,Vietnam,VN,,no,sapo_social,,other,,865000,2
KH13330,27613679,,,,,,,,,,,,no,,,other,,0,0
KH13331,27619154,,,,,,,,,Vietnam,VN,,no,,,other,,490000,1
KH13332,27692344,,,,,,,,,,,,no,,,other,,0,0
KH13333,27693988,,,,,,,,,Vietnam,VN,,no,,,other,,3410000,1
KH13334,27702396,,TP Hồ Chí Minh,TP Hồ Chí Minh,2.0,Quận 7,36.0,Phường Tân Phú,9473.0,Vietnam,VN,,no,sapo_social,,other,,1947000,3
KH13335,27706673,,,,,,,,,Vietnam,VN,,no,,,other,,490000,1
KH13336,27709775,,,,,,,,,,,,no,,,other,,0,0
KH13337,27712469,,TP Hồ Chí Minh,TP Hồ Chí Minh,2.0,Quận Bình Thạnh,45.0,Phường 22,9296.0,Vietnam,VN,,no,,,other,,1085000,2
KH13338,27718888,,TP Hồ Chí Minh,TP Hồ Chí Minh,2.0,Quận 3,32.0,Phường 12,9354.0,Vietnam,VN,,no,,,other,,1000000,1
KH13339,27743270,,,,,,,,,Vietnam,VN,,no,,,other,,350000,1
KH13340,27746017,,,,,,,,,Vietnam,VN,,no,,,other,,1542000,3
KH13341,27746537,,TP Hồ Chí Minh,TP Hồ Chí Minh,2.0,Huyện Bình Chánh,51.0,Xã Bình Hưng,9517.0,Vietnam,VN,,no,sapo_social,,other,,1405000,1
KH13342,27755262,,,,,,,,,,,,no,,,other,,0,0
KH13343,27756771,,,,,,,,,Vietnam,VN,,no,,,other,,2200000,2
KH13344,27758966,,TP Hồ Chí Minh,TP Hồ Chí Minh,2.0,Quận Gò Vấp,42.0,Phường 3,9278.0,Vietnam,VN,,no,sapo_social,,other,,520000,1
KH13345,27784794,,,,,,,,,Vietnam,VN,,no,,,other,,1323000,2
KH13346,27786148,,,,,,,,,Vietnam,VN,,no,,,other,,285000,1
KH13347,27792092,,TP Hồ Chí Minh,TP Hồ Chí Minh,2.0,Quận Bình Thạnh,45.0,Phường 25,9284.0,Vietnam,VN,,no,sapo_social,,other,,0,0
KH13348,27801218,,,,,,,,,,,,no,,,other,,0,0
KH13349,27809552,,TP Hồ Chí Minh,TP Hồ Chí Minh,2.0,Quận Bình Thạnh,45.0,Phường 5,9285.0,Vietnam,VN,,no,,,other,,395000,1
KH13350,27815995,,,,,,,,,Vietnam,VN,,no,,,other,,436100,1
KH13351,27863677,,TP Hồ Chí Minh,TP Hồ Chí Minh,2.0,Quận Bình Thạnh,45.0,Phường 7,9286.0,Vietnam,VN,,no,sapo_social,,other,,473900,1
KH13352,27870570,,,,,,,,,,,,no,,,other,,0,0
KH13353,27871333,,,,,,,,,,,,no,,,other,,0,0
KH13354,27874271,,,,,,,,,,,,no,,,other,,0,0
KH13355,27900724,,TP Hồ Chí Minh,TP Hồ Chí Minh,2.0,Quận Tân Phú,44.0,Phường Sơn Kỳ,9316.0,Vietnam,VN,,no,sapo_social,,other,,590000,1
KH13356,27926164,,,,,,,,,,,,no,,,other,,0,0
KH13357,27959439,,,,,,,,,Vietnam,VN,,no,sapo_social,,other,,2880000,1
KH13358,27960180,,,,,,,,,Vietnam,VN,,no,,,other,,2972000,3
KH13359,27962620,,,,,,,,,,,,no,,,other,,510000,1
KH13360,27965437,,,,,,,,,Vietnam,VN,,no,,,other,,1290000,1
KH13361,28042916,,TP Hồ Chí Minh,TP Hồ Chí Minh,2.0,Quận Bình Thạnh,45.0,Phường 7,9286.0,Vietnam,VN,,no,sapo_social,,male,,858000,2
KH13362,28642237,,,,,,,,,,,,no,,,other,,0,0
KH13363,28960538,,TP Hồ Chí Minh,TP Hồ Chí Minh,2.0,Quận 1,30.0,Phường Bến Nghé,9219.0,Vietnam,VN,,no,sapo_social,,other,,1807000,1
KH13364,29042538,,,,,,,,,Vietnam,VN,,no,sapo_social,,other,,900000,2
KH13365,29419866,,,,,,,,,,,,no,,,other,,0,0
KH13366,29425288,,,,,,,,,,,,no,,,other,,0,0
KH13367,29436807,,,,,,,,,,,,no,,,other,,0,0
KH13368,29509501,,TP Hồ Chí Minh,TP Hồ Chí Minh,2.0,Quận 9,38.0,Phường Tân Phú,9252.0,Vietnam,VN,,no,sapo_social,,other,,4810000,2
KH13369,29667331,,,,,,,,,Vietnam,VN,,no,,,other,,1470000,1
KH13370,29704981,,,,,,,,,Vietnam,VN,,no,,,other,,360000,1
KH13371,29705958,,,,,,,,,Vietnam,VN,,no,,,other,,4560000,1
KH13372,29831115,,,,,,,,,Vietnam,VN,,no,,,other,,1225000,1
KH13373,29831378,,TP Hồ Chí Minh,TP Hồ Chí Minh,2.0,Quận 1,30.0,Phường Bến Nghé,9219.0,Vietnam,VN,,no,sapo_social,,other,,15232000,3
KH13374,29834178,,TP Hồ Chí Minh,TP Hồ Chí Minh,2.0,Quận 1,30.0,Phường Bến Thành,9220.0,Vietnam,VN,,no,sapo_social,,other,,21054000,1
KH13375,29837382,,,,,,,,,Vietnam,VN,,no,,,other,,900000,1
KH13376,29854740,,,,,,,,,,,,no,,,other,,0,0
KH13377,29857812,,TP Hồ Chí Minh,TP Hồ Chí Minh,2.0,Quận 10,39.0,Phường 13,9366.0,Vietnam,VN,,no,,,other,,540000,1
KH13378,29859453,,,,,,,,,,,,no,,,other,,0,0
KH13379,29861322,,An Giang,An Giang,3.0,Thành phố Châu Đốc,55.0,Phường Châu Phú A,10441.0,Vietnam,VN,,no,sapo_social,,other,,760000,1
KH13380,29863858,,,,,,,,,,,,no,,,other,,0,0
KH13381,29864482,,TP Hồ Chí Minh,TP Hồ Chí Minh,2.0,Quận Bình Thạnh,45.0,Phường 6,9288.0,Vietnam,VN,,no,sapo_social,,other,,1315000,1
KH13382,29873482,,,,,,,,,Vietnam,VN,,no,sapo_social,,other,,10010000,2
KH13383,29874530,,TP Hồ Chí Minh,TP Hồ Chí Minh,2.0,Quận 1,30.0,Phường Bến Nghé,9219.0,Vietnam,VN,,no,sapo_social,,other,,3630000,1
KH13384,29878589,,,,,,,,,Vietnam,VN,,no,,,other,,880000,2
KH13385,29879268,,TP Hồ Chí Minh,TP Hồ Chí Minh,2.0,Quận Bình Thạnh,45.0,Phường 19,9297.0,Vietnam,VN,,no,sapo_social,,other,,1000000,1
KH13386,29880844,,,,,,,,,Vietnam,VN,,no,,,other,,2590000,1
KH13387,29881288,,TP Hồ Chí Minh,TP Hồ Chí Minh,2.0,Quận 1,30.0,Phường Phạm Ngũ Lão,9222.0,Vietnam,VN,,no,,,other,,0,1
KH13388,29886946,,,,,,,,,Vietnam,VN,,no,sapo_social,,other,,960000,1
KH13389,29889548,,,,,,,,,Vietnam,VN,,no,,,other,,0,0
KH13390,29956228,,,,,,,,,Vietnam,VN,,no,,,other,,940000,1
KH13391,29980000,,,,,,,,,Vietnam,VN,,no,sapo_social,,other,,1200000,1
KH13392,29980077,,TP Hồ Chí Minh,TP Hồ Chí Minh,2.0,Quận Tân Phú,44.0,Phường Sơn Kỳ,9316.0,Vietnam,VN,,no,sapo_social,,other,,480000,1
KH13393,29981381,,,,,,,,,,,,no,,,other,,0,0
KH13394,30023977,,TP Hồ Chí Minh,TP Hồ Chí Minh,2.0,Thành phố Thủ Đức,10924.0,Phường Bình Trưng Đông,107432.0,Vietnam,VN,,no,sapo_social,,other,,515000,1
KH13395,30024731,,,,,,,,,Vietnam,VN,,no,sapo_social,,other,,1600000,1
KH13396,30026094,,,,,,,,,Vietnam,VN,,no,,,other,,1164000,1
KH13397,30026359,,,,,,,,,Vietnam,VN,,no,sapo_social,,male,,5737550,2
KH13398,30026767,,,,,,,,,Vietnam,VN,,no,,,other,,2068000,1
KH13399,30115506,,TP Hồ Chí Minh,TP Hồ Chí Minh,2.0,Quận 7,36.0,Phường Tân Phong,9474.0,Vietnam,VN,,no,sapo_social,,other,,5819000,2
KH13400,30116861,,,,,,,,,Vietnam,VN,,no,,,other,,1830000,2
KH13401,30118404,,,,,,,,,Vietnam,VN,,no,,,other,,800000,1
KH13402,30120161,CÔNG TY CỔ PHẦN XUẤT NHẬP KHẨU THƯƠNG MẠI JODI VIỆT NAM,Hồ Chí Minh,TP Hồ Chí Minh,2.0,Quận Bình Thạnh,45.0,Phường 13,9279.0,Vietnam,VN,,no,,,other,,70362000,7
KH13403,30126612,,,,,,,,,Vietnam,VN,,no,,,other,,450000,1
KH13404,30128861,,,,,,,,,Vietnam,VN,,no,,,other,,2110000,3
KH13405,30156799,,TP Hồ Chí Minh,TP Hồ Chí Minh,2.0,Quận 3,32.0,Phường Võ Thị Sáu,107463.0,Vietnam,VN,,no,sapo_social,,other,,0,1
KH13406,30169838,,,,,,,,,,,,no,,,other,,0,0
KH13407,30172891,,,,,,,,,,,,no,,,other,,0,0
KH13408,30177676,,,,,,,,,Vietnam,VN,,no,,,other,,450000,1
KH13409,30367427,,,,,,,,,Vietnam,VN,,no,,,other,,19242000,2
KH13410,30368651,,,,,,,,,Vietnam,VN,,no,,,other,,1450000,1
KH13411,30383120,,,,,,,,,,,,no,,,other,,0,0
KH13412,30392487,,,,,,,,,Vietnam,VN,,no,,,other,,1650000,1
KH13413,30397679,,,,,,,,,,,,no,,,other,,0,0
KH13414,30398908,,,,,,,,,,,,no,,,other,,0,0
KH13415,30399334,,,,,,,,,,,,no,,,other,,0,0
KH13416,30401253,,,,,,,,,Vietnam,VN,,no,,,other,,2600000,1
KH13417,30491453,,,,,,,,,,,,no,,,other,,0,0
KH13418,30506916,,TP Hồ Chí Minh,TP Hồ Chí Minh,2.0,Quận 3,32.0,Phường 13,9356.0,Vietnam,VN,,no,sapo_social,,other,,1651250,2
KH13419,30552127,,,,,,,,,Vietnam,VN,,no,,,other,,1134600,2
KH13420,30581731,,TP Hồ Chí Minh,TP Hồ Chí Minh,2.0,Quận 7,36.0,Phường Tân Kiểng,9468.0,Vietnam,VN,,no,sapo_social,,other,,3618000,2
KH13421,30585959,,Hà Nội,Hà Nội,1.0,Quận Bắc Từ Liêm,28.0,Phường Cổ Nhuế 1,211.0,Vietnam,VN,,no,sapo_social,,female,,1141000,1
KH13422,30586459,,Khánh Hòa,Khánh Hòa,32.0,Thành phố Nha Trang,348.0,Phường Vĩnh Thọ,7613.0,Vietnam,VN,,no,sapo_social,,other,,8859000,1
KH13423,30589815,,,,,,,,,Vietnam,VN,,no,,,other,,1320000,1
KH13424,30592919,,,,,,,,,Vietnam,VN,,no,,,other,,1953000,1
KH13425,30597019,,TP Hồ Chí Minh,TP Hồ Chí Minh,2.0,Quận 9,38.0,Phường Long Thạnh Mỹ,9251.0,Vietnam,VN,,no,sapo_social,,female,,1385700,1
KH13426,30597256,,,,,,,,,Vietnam,VN,,no,,,other,,2907900,2
KH13427,30603140,,,,,,,,,,,,no,,,other,,0,0
KH13428,30622636,,,,,,,,,,,,no,,,other,,2120400,1
KH13429,30624847,,,,,,,,,Vietnam,VN,,no,,,other,,31940000,1
KH13430,30625062,,Hà Giang,Hà Giang,24.0,Thành phố Hà Giang,264.0,Phường Nguyễn Trãi,243.0,Vietnam,VN,,no,,,other,,766800,2
KH13431,30630726,,TP Hồ Chí Minh,TP Hồ Chí Minh,2.0,Quận 3,32.0,Phường Võ Thị Sáu,107463.0,Vietnam,VN,,no,,,other,,550000,1
KH13432,30633003,,,,,,,,,Vietnam,VN,,no,,,other,,6400000,1
KH13433,30634603,,,,,,,,,,,,no,,,other,,0,0
KH13434,30640484,,,,,,,,,Vietnam,VN,,no,,,other,,425000,1
KH13435,30641663,,,,,,,,,,,,no,,,other,,0,0
KH13436,30660248,,Bình Phước,Bình Phước,12.0,Huyện Bù Đốp,136.0,Thị trấn Thanh Bình,8716.0,Vietnam,VN,,no,,,other,,1536400,4
KH13437,30661277,,TP Hồ Chí Minh,TP Hồ Chí Minh,2.0,Quận 3,32.0,Phường 6,9357.0,Vietnam,VN,,no,sapo_social,,other,,3630000,2
KH13438,30692045,,,,,,,,,Vietnam,VN,,no,,,other,,425000,0
KH13439,30694177,,2027,Tây Ninh,2027.0,,,Phường Tân Ninh,202528.0,Vietnam,VN,,no,sapo_social,,other,,27260000,2
KH13440,30696168,,,,,,,,,Vietnam,VN,,no,,,other,,300000,1
KH13441,30702443,,,,,,,,,Vietnam,VN,,no,sapo_social,,other,,0,0
KH13442,30705066,,,,,,,,,Vietnam,VN,,no,,,other,,1600000,1
KH13443,30705466,,,,,,,,,Vietnam,VN,,no,,,other,,1300000,1
KH13444,30712017,,,,,,,,,Vietnam,VN,,no,,,other,,550000,1
KH13445,30788766,,TP Hồ Chí Minh,TP Hồ Chí Minh,2.0,Quận 1,30.0,Phường Bến Thành,9220.0,Vietnam,VN,,no,sapo_social,,other,,24945000,3
KH13446,30795598,,TP Hồ Chí Minh,TP Hồ Chí Minh,2.0,Quận 10,39.0,Phường 12,9368.0,Vietnam,VN,,no,sapo_social,,other,,16500000,2
KH13447,30798559,,,,,,,,,Vietnam,VN,,no,,,other,,360000,1
KH13448,30800696,,,,,,,,,,,,no,,,other,,0,0
KH13449,30801540,,TP Hồ Chí Minh,TP Hồ Chí Minh,2.0,Quận Tân Bình,43.0,Phường 2,9299.0,Vietnam,VN,,no,sapo_social,,other,,533000,1
KH13450,31031681,,TP Hồ Chí Minh,TP Hồ Chí Minh,2.0,Quận Gò Vấp,42.0,Phường 1,9274.0,Vietnam,VN,,no,sapo_social,,other,,491000,1
KH13451,31223083,,,,,,,,,,,,no,,,other,,0,0
KH13452,31236636,,,,,,,,,,,,no,,,other,,0,0
KH13453,31238589,,,,,,,,,,,,no,,,other,,0,0
KH13454,31247509,,,,,,,,,,,,no,,,other,,0,0
KH13455,31249762,,,,,,,,,,,,no,,,other,,0,0
KH13456,31250603,,,,,,,,,Vietnam,VN,,no,sapo_social,,other,,3400000,1
KH13457,31250883,,,,,,,,,Vietnam,VN,,no,sapo_social,,other,,6040000,2
KH13458,31256207,,,,,,,,,Vietnam,VN,,no,,,other,,1040000,2
KH13459,31287267,,,,,,,,,Vietnam,VN,,no,,,other,,940000,1
KH13460,31288740,,,,,,,,,Vietnam,VN,,no,,,other,,530000,1
KH13461,31289291,,,,,,,,,,,,no,,,other,,0,0
KH13462,31303818,,,,,,,,,Vietnam,VN,,no,,,other,,730000,1
KH13463,31751983,,,,,,,,,Vietnam,VN,,no,,,other,,835000,1
KH13464,31757529,,,,,,,,,,,,no,,,other,,0,0
KH13465,31843286,,,,,,,,,,,,no,,,other,,0,0
KH13466,31844821,,TP Hồ Chí Minh,TP Hồ Chí Minh,2.0,Huyện Nhà Bè,52.0,Xã Phước Kiển,9526.0,Vietnam,VN,,no,sapo_social,,other,,0,0
KH13467,31850098,,,,,,,,,Vietnam,VN,,no,,,other,,550000,1
KH13468,31852673,,TP Hồ Chí Minh,TP Hồ Chí Minh,2.0,Quận 6,35.0,Phường 11,9432.0,Vietnam,VN,,no,sapo_social,,other,,1730000,1
KH13469,31855425,,,,,,,,,,,,no,,,other,,0,0
KH13470,31856106,,,,,,,,,,,,no,,,other,,0,0
KH13471,31861179,,,,,,,,,,,,no,,,other,,0,0
KH13472,31863593,,,,,,,,,,,,no,,,other,,0,0
KH13473,31868012,,,,,,,,,Vietnam,VN,,no,,,other,,490000,1
KH13474,31868055,,,,,,,,,,,,no,,,other,,0,0
KH13475,31918922,,,,,,,,,Vietnam,VN,,no,,,other,,450000,1
KH13476,31989573,,,,,,,,,,,,no,,,other,,0,0
KH13477,31999510,,TP Hồ Chí Minh,TP Hồ Chí Minh,2.0,Quận Phú Nhuận,46.0,Phường 8,9332.0,Vietnam,VN,,no,,,other,,2375000,3
KH13478,31999698,,,,,,,,,,,,no,,,other,,0,0
KH13479,32003282,,,,,,,,,Vietnam,VN,,no,,,other,,11275000,1
KH13480,32003383,,,,,,,,,Vietnam,VN,,no,,,other,,450000,1
KH13481,32003795,,,,,,,,,,,,no,,,other,,0,0
KH13482,32005582,,,,,,,,,,,,no,,,other,,0,0
KH13483,32010796,,,,,,,,,Vietnam,VN,,no,sapo_social,,other,,1680000,2
KH13484,32011871,,,,,,,,,Vietnam,VN,,no,,,other,,1396800,1
KH13485,32012137,,,,,,,,,Vietnam,VN,,no,,,other,,590000,1
KH13486,32020520,,,,,,,,,,,,no,,,other,,0,0
KH13487,32027946,,,,,,,,,,,,no,,,other,,0,0
KH13488,32028133,,,,,,,,,Vietnam,VN,,no,sapo_social,,other,,955000,1
KH13489,32033055,,,,,,,,,Vietnam,VN,,no,,,other,,460000,1
KH13490,32041872,,,,,,,,,Vietnam,VN,,no,,,other,,490000,1
KH13491,32041922,,TP Hồ Chí Minh,TP Hồ Chí Minh,2.0,Quận 1,30.0,Phường Nguyễn Cư Trinh,9225.0,Vietnam,VN,,no,sapo_social,,other,,3033000,1
KH13492,32042142,,TP Hồ Chí Minh,TP Hồ Chí Minh,2.0,Quận 11,40.0,Phường 8,9387.0,Vietnam,VN,,no,,,other,,269000,1
KH13493,32042636,,,,,,,,,Vietnam,VN,,no,,,other,,2700000,1
KH13494,32046763,,,,,,,,,,,,no,,,other,,0,0
KH13495,32046787,,,,,,,,,,,,no,,,other,,0,0
KH13496,32050625,,,,,,,,,Vietnam,VN,,no,,,other,,450000,1
KH13497,32054839,,TP Hồ Chí Minh,TP Hồ Chí Minh,2.0,Quận 2,31.0,Phường Thảo Điền,9340.0,Vietnam,VN,,no,sapo_social,,other,,11287000,4
KH13498,32105637,,,,,,,,,,,,no,,,other,,0,0
KH13499,32107237,,,,,,,,,Vietnam,VN,,no,,,male,,1100000,1
KH13500,32108107,,,,,,,,,Vietnam,VN,,no,,,male,,750000,1
KH13501,32108661,,,,,,,,,Vietnam,VN,,no,,,other,,2130000,1
KH13502,32111363,,,,,,,,,,,,no,,,other,,0,0
KH13503,32194299,,,,,,,,,,,,no,,,other,,0,0
KH13504,32196526,,TP Hồ Chí Minh,TP Hồ Chí Minh,2.0,Quận 7,36.0,Phường Tân Phú,9473.0,Vietnam,VN,,no,sapo_social,,other,,3500000,2
KH13505,32208088,,,,,,,,,,,,no,,,other,,0,0
KH13506,32209971,,TP Hồ Chí Minh,TP Hồ Chí Minh,2.0,Quận 3,32.0,Phường 6,9357.0,Vietnam,VN,,no,sapo_social,,other,,1220000,1
KH13507,32212447,,TP Hồ Chí Minh,TP Hồ Chí Minh,2.0,Quận Tân Phú,44.0,Phường Tây Thạnh,9315.0,Vietnam,VN,,no,,,other,,3105000,1
KH13508,32213156,,,,,,,,,,,,no,,,other,,0,0
KH13509,32216081,,,,,,,,,,,,no,,,other,,0,0
KH13510,32227575,,,,,,,,,Vietnam,VN,,no,,,other,,550000,1
KH13511,32228045,,,,,,,,,,,,no,,,other,,0,0
KH13512,32393601,,,,,,,,,,,,no,,,other,,0,0
KH13513,32467617,,,,,,,,,,,,no,,,other,,0,0
KH13514,32509998,,TP Hồ Chí Minh,TP Hồ Chí Minh,2.0,Quận Bình Tân,48.0,Phường Bình Hưng Hòa A,9457.0,Vietnam,VN,,no,,,other,,515000,1
KH13515,32529232,,,,,,,,,,,,no,,,other,,0,0
KH13516,32652592,,2024,Gia Lai,2024.0,,,Phường Quy Nhơn,202107.0,Vietnam,VN,,no,sapo_social,,female,,566500,1
KH13517,32806707,,,,,,,,,Vietnam,VN,,no,,,other,,360000,1
KH13518,32998069,,,,,,,,,,,,no,,,other,,0,0
KH13519,33021010,,,,,,,,,,,,no,,,other,,0,0
KH13520,33021082,,,,,,,,,,,,no,,,other,,0,0
KH13521,33042586,,,,,,,,,,,,no,,,other,,0,0
KH13522,33086875,,,,,,,,,,,,no,,,other,,0,0
KH13523,33091399,,,,,,,,,Vietnam,VN,,no,,,other,,605000,1
KH13524,33095203,,,,,,,,,,,,no,,,other,,0,0
KH13525,33396166,,,,,,,,,Vietnam,VN,,no,sapo_social,,other,,3795000,1
KH13526,33409628,,,,,,,,,Vietnam,VN,,no,sapo_social,,other,,2185000,1
KH13527,33449580,,,,,,,,,,,,no,,,other,,0,0
KH13528,33478624,,,,,,,,,Vietnam,VN,,no,,,other,,720000,1
KH13529,33481256,,,,,,,,,,,,no,,,other,,0,0
KH13530,33490243,,,,,,,,,,,,no,,,other,,0,0
KH13531,33494374,,,,,,,,,,,,no,,,other,,0,0
KH13532,33494447,,,,,,,,,,,,no,,,other,,0,0
KH13533,33496325,,,,,,,,,Vietnam,VN,,no,sapo_social,,other,,2100000,1
KH13534,33498659,,,,,,,,,Vietnam,VN,,no,sapo_social,,female,,475000,1
KH13535,33499559,,,,,,,,,,,,no,,,other,,0,0
KH13536,33660718,,,,,,,,,Vietnam,VN,,no,,,other,,1350000,1
KH13537,33677055,,,,,,,,,Vietnam,VN,,no,,,other,,2050000,2
KH13538,33757623,,,,,,,,,Vietnam,VN,,no,sapo_social,,other,,1950000,1
KH13539,33758959,,,,,,,,,Vietnam,VN,,no,,,other,,715000,1
KH13540,33765720,,,,,,,,,Vietnam,VN,,no,,,other,,1550000,2
KH13541,33768359,,,,,,,,,,,,no,,,other,,0,0
KH13542,33773583,,,,,,,,,Vietnam,VN,,no,,,other,,6550000,2
KH13543,33774046,,,,,,,,,Vietnam,VN,,no,sapo_social,,other,,1300000,1
KH13544,33783265,,,,,,,,,Vietnam,VN,,no,,,other,,1430000,1
KH13545,33785076,,,,,,,,,Vietnam,VN,,no,,,other,,2550000,3
KH13546,33791353,,,,,,,,,Vietnam,VN,,no,sapo_social,,other,,860000,1
KH13547,33793174,,,,,,,,,,,,no,,,other,,0,0
KH13548,33794267,,TP Hồ Chí Minh,TP Hồ Chí Minh,2.0,Quận Phú Nhuận,46.0,Phường 5,9326.0,Vietnam,VN,,no,sapo_social,,male,,2910000,2
KH13549,33796055,,,,,,,,,Vietnam,VN,,no,,,other,,1000000,1
KH13550,33798587,,Nghệ An,Nghệ An,41.0,Thành phố Vinh,444.0,Phường Vinh Tân,5679.0,Vietnam,VN,,no,,,other,,1660000,1
KH13551,33813550,,,,,,,,,Vietnam,VN,,no,sapo_social,,female,,1540000,1
KH13552,33847610,,,,,,,,,Vietnam,VN,,no,,,other,,510000,1
KH13553,33847746,,,,,,,,,Vietnam,VN,,no,,,other,,460000,1
KH13554,33852047,,,,,,,,,Vietnam,VN,,no,,,other,,1850000,1
KH13555,33858627,,,,,,,,,Vietnam,VN,,no,sapo_social,,other,,824500,1
KH13556,33896437,,,,,,,,,Vietnam,VN,,no,,,other,,3346500,1
KH13557,33896561,,,,,,,,,,,,no,,,other,,0,0
KH13558,33896625,,,,,,,,,Vietnam,VN,,no,sapo_social,,other,,2750000,2
KH13559,33896767,,TP Hồ Chí Minh,TP Hồ Chí Minh,2.0,Quận 7,36.0,Phường Phú Thuận,9472.0,Vietnam,VN,,no,sapo_social,,male,,580000,1
KH13560,33907957,,TP Hồ Chí Minh,TP Hồ Chí Minh,2.0,Quận Tân Bình,43.0,Phường 6,9309.0,Vietnam,VN,,no,sapo_social,,other,,2330000,1
KH13561,33910809,,TP Hồ Chí Minh,TP Hồ Chí Minh,2.0,Quận Tân Phú,44.0,Phường Hòa Thạnh,9322.0,Vietnam,VN,,no,,,other,,1390000,1
KH13562,33911055,,,,,,,,,Vietnam,VN,,no,,,other,,6490000,2
KH13563,33915983,,TP Hồ Chí Minh,TP Hồ Chí Minh,2.0,Quận 5,34.0,Phường 12,9414.0,Vietnam,VN,,no,sapo_social,,other,,1100000,1
KH13564,33919418,,,,,,,,,Vietnam,VN,,no,,,other,,890000,1
KH13565,33921969,,TP Hồ Chí Minh,TP Hồ Chí Minh,2.0,Quận 1,30.0,Phường Nguyễn Thái Bình,9221.0,Vietnam,VN,,no,sapo_social,,other,,28400000,2
KH13566,33923634,,,,,,,,,Vietnam,VN,,no,sapo_social,,other,,5420000,1
KH13567,33926369,,TP Hồ Chí Minh,TP Hồ Chí Minh,2.0,Quận Phú Nhuận,46.0,Phường 15,9333.0,Vietnam,VN,,no,sapo_social,,other,,1674000,1
KH13568,33926443,,,,,,,,,,,,no,,,other,,0,0
KH13569,33926864,,,,,,,,,,,,no,,,other,,0,0
KH13570,33928394,,,,,,,,,Vietnam,VN,,no,,,other,,900000,1
KH13571,33930497,,,,,,,,,,,,no,,,other,,0,0
KH13572,33933640,,,,,,,,,,,,no,,,other,,0,0
KH13573,33934551,,,,,,,,,,,,no,,,other,,0,0
KH13574,33941254,,TP Hồ Chí Minh,TP Hồ Chí Minh,2.0,Quận Thủ Đức,47.0,Phường Hiệp Bình Chánh,9244.0,Vietnam,VN,,no,sapo_social,,other,,1145000,1
KH13575,33943031,,,,,,,,,Vietnam,VN,,no,,,other,,4200000,1
KH13576,33944614,,,,,,,,,Vietnam,VN,,no,sapo_social,,male,,0,0
KH13577,33944792,,,,,,,,,,,,no,,,other,,0,0
KH13578,33948590,,TP Hồ Chí Minh,TP Hồ Chí Minh,2.0,Quận 4,33.0,Phường 1,9410.0,Vietnam,VN,,no,,,other,,0,1
KH13579,33950296,,,,,,,,,Vietnam,VN,,no,sapo_social,,other,,5200000,1
KH13580,33950474,,,,,,,,,,,,no,,,other,,0,0
KH13581,33960004,,,,,,,,,,,,no,,,other,,0,0
KH13582,33960796,,TP Hồ Chí Minh,TP Hồ Chí Minh,2.0,Quận 7,36.0,Phường Tân Hưng,9469.0,Vietnam,VN,,no,sapo_social,,male,,2950000,1
KH13583,33975072,,TP Hồ Chí Minh,TP Hồ Chí Minh,2.0,Quận Tân Bình,43.0,Phường 4,9300.0,Vietnam,VN,,no,sapo_social,,other,,820000,1
KH13584,33978915,,,,,,,,,,,,no,,,other,,0,0
KH13585,33981494,,TP Hồ Chí Minh,TP Hồ Chí Minh,2.0,Quận Bình Thạnh,45.0,Phường 11,9280.0,Vietnam,VN,,no,,,other,,465000,1
KH13586,33981940,,,,,,,,,,,,no,,,other,,0,0
KH13587,34013830,,,,,,,,,Vietnam,VN,,no,,,male,,450000,1
KH13588,34014976,,,,,,,,,,,,no,,,other,,0,0
KH13589,34015371,,,,,,,,,Vietnam,VN,,no,,,other,,1829000,2
KH13590,34019714,,,,,,,,,,,,no,,,other,,0,0
KH13591,34020104,,,,,,,,,Vietnam,VN,,no,,,male,,1970000,2
KH13592,34022416,,,,,,,,,Vietnam,VN,,no,,,other,,430000,1
KH13593,34022600,,,,,,,,,Vietnam,VN,,no,,,other,,380000,1
KH13594,34631505,,,,,,,,,Vietnam,VN,,no,,,male,,1850000,1
KH13595,34739771,,TP Hồ Chí Minh,TP Hồ Chí Minh,2.0,Quận 1,30.0,Phường Bến Nghé,9219.0,Vietnam,VN,,no,sapo_social,,other,,3707000,3
KH13596,34768065,,TP Hồ Chí Minh,TP Hồ Chí Minh,2.0,Quận 1,30.0,Phường Nguyễn Cư Trinh,9225.0,Vietnam,VN,,no,sapo_social,,other,,2720000,2
KH13597,34774891,,,,,,,,,,,,no,,,other,,0,0
KH13598,34790152,,,,,,,,,Vietnam,VN,,no,,,other,,900000,1
KH13599,34819580,,,,,,,,,,,,no,,,other,,0,0
KH13600,34845759,,,,,,,,,,,,no,,,other,,0,0
KH13601,34848912,,,,,,,,,Vietnam,VN,,no,sapo_social,,male,,1130000,1
KH13602,34853157,,,,,,,,,Vietnam,VN,,no,sapo_social,,female,,1930000,1
KH13603,34865394,,,,,,,,,Vietnam,VN,,no,,,other,,3400000,1
KH13604,34885723,,,,,,,,,Vietnam,VN,,no,sapo_social,,other,,2615000,2
KH13605,34887134,,,,,,,,,Vietnam,VN,,no,,,other,,760000,1
KH13606,34910668,,TP Hồ Chí Minh,TP Hồ Chí Minh,2.0,Quận Bình Thạnh,45.0,Phường 22,9296.0,Vietnam,VN,,no,sapo_social,,other,,35640000,7
KH13607,34913156,,,,,,,,,,,,no,,,other,,0,0
KH13608,34913461,,,,,,,,,Vietnam,VN,,no,,,other,,2640000,3
KH13609,34918988,,TP Hồ Chí Minh,TP Hồ Chí Minh,2.0,Huyện Nhà Bè,52.0,Xã Phước Kiển,9526.0,Vietnam,VN,,no,sapo_social,,other,,0,0
KH13610,34920018,,,,,,,,,Vietnam,VN,,no,,,other,,644000,1
KH13611,34926137,,,,,,,,,Vietnam,VN,,no,,,other,,605000,1
KH13612,34926772,,,,,,,,,Vietnam,VN,,no,,,other,,550000,1
KH13613,34928663,,,,,,,,,,,,no,,,other,,0,0
KH13614,35029376,,TP Hồ Chí Minh,TP Hồ Chí Minh,2.0,Quận Tân Phú,44.0,Phường Tân Thành,9318.0,Vietnam,VN,,no,sapo_social,,other,,980000,1
KH13615,35030258,,,,,,,,,Vietnam,VN,,no,,,other,,700000,1
KH13616,35031967,,,,,,,,,Vietnam,VN,,no,,,other,,715000,1
KH13617,35049545,,,,,,,,,Vietnam,VN,,no,sapo_social,,other,,2021800,3
KH13618,35054029,,Bình Dương,Bình Dương,10.0,Thành phố Dĩ An,120.0,Phường Bình Thắng,8951.0,Vietnam,VN,,no,sapo_social,,male,,0,0
KH13619,35057699,,,,,,,,,Vietnam,VN,,no,sapo_social,,other,,0,0
KH13620,35057994,,,,,,,,,Vietnam,VN,,no,sapo_social,,male,,840000,1
KH13621,35063955,,,,,,,,,Vietnam,VN,,no,,,other,,450000,1
KH13622,35064190,,,,,,,,,Vietnam,VN,,no,,,other,,900000,1
KH13623,35066611,,TP Hồ Chí Minh,TP Hồ Chí Minh,2.0,Quận Phú Nhuận,46.0,Phường 7,9328.0,Vietnam,VN,,no,sapo_social,,female,,1850000,1
KH13624,35067156,,,,,,,,,,,,no,,,other,,0,0
KH13625,35070505,,,,,,,,,Vietnam,VN,,no,,,other,,1520000,1
KH13626,35074636,,,,,,,,,Vietnam,VN,,no,,,male,,980000,1
KH13627,35074676,,,,,,,,,,,,no,,,other,,1100000,1
KH13628,35103028,,,,,,,,,,,,no,,,other,,0,0
KH13629,35103669,,,,,,,,,Vietnam,VN,,no,,,male,,360000,1
KH13630,35103748,,,,,,,,,Vietnam,VN,,no,,,male,,630000,1
KH13631,35105837,,,,,,,,,,,,no,,,other,,0,0
KH13632,35189287,,TP Hồ Chí Minh,TP Hồ Chí Minh,2.0,Quận 2,31.0,Phường An Khánh,9346.0,Vietnam,VN,,no,sapo_social,,female,,480000,1
KH13633,35191743,,TP Hồ Chí Minh,TP Hồ Chí Minh,2.0,Quận 3,32.0,Phường 12,9354.0,Vietnam,VN,,no,sapo_social,,other,,1164000,1
KH13634,35196452,,,,,,,,,Vietnam,VN,,no,,,other,,1833300,1
KH13635,35197323,,TP Hồ Chí Minh,TP Hồ Chí Minh,2.0,Quận Tân Bình,43.0,Phường 4,9300.0,Vietnam,VN,,no,sapo_social,,other,,1220000,1
KH13636,35197930,,TP Hồ Chí Minh,TP Hồ Chí Minh,2.0,Quận 1,30.0,Phường Đa Kao,9218.0,Vietnam,VN,,no,sapo_social,,other,,2000000,1
KH13637,35220156,,,,,,,,,,,,no,,,other,,0,0
KH13638,35221995,,,,,,,,,Vietnam,VN,,no,,,female,,1850000,1
KH13639,35227431,,,,,,,,,,,,no,,,other,,0,0
KH13640,35227519,,2026,Lâm Đồng,2026.0,,,Xã Đức Lập,202446.0,Vietnam,VN,,no,sapo_social,,male,,8485000,2
KH13641,35237068,,,,,,,,,,,,no,,,other,,0,0
KH13642,35241544,,,,,,,,,,,,no,,,other,,0,0
KH13643,35253949,,TP Hồ Chí Minh,TP Hồ Chí Minh,2.0,Quận Phú Nhuận,46.0,Phường 11,9335.0,Vietnam,VN,,no,,,other,,1087000,1
KH13644,35256663,,,,,,,,,,,,no,,,other,,0,0
KH13645,35262902,,,,,,,,,Vietnam,VN,,no,,,other,,1880000,1
KH13646,35263580,,TP Hồ Chí Minh,TP Hồ Chí Minh,2.0,Quận 4,33.0,Phường 10,9401.0,Vietnam,VN,,no,sapo_social,,other,,2150000,1
KH13647,35264510,,,,,,,,,,,,no,,,other,,0,0
KH13648,35277235,,,,,,,,,,,,no,,,other,,0,0
KH13649,35278220,,,,,,,,,,,,no,,,other,,0,0
KH13650,35281406,,,,,,,,,,,,no,,,other,,0,0
KH13651,35282560,,,,,,,,,Vietnam,VN,,no,sapo_social,,male,,1340000,2
KH13652,35292523,,,,,,,,,,,,no,,,other,,0,0
KH13653,35293391,,TP Hồ Chí Minh,TP Hồ Chí Minh,2.0,Quận 4,33.0,Phường 3,9406.0,Vietnam,VN,,no,sapo_social,,other,,470000,1
KH13654,35293582,,,,,,,,,Vietnam,VN,,no,,,other,,420000,1
KH13655,35304886,,TP Hồ Chí Minh,TP Hồ Chí Minh,2.0,Quận 8,37.0,Phường 16,9454.0,Vietnam,VN,,no,sapo_social,,other,,500000,1
KH13656,35341094,,2028,Đồng Nai,2028.0,,,Xã Cẩm Mỹ,202594.0,Vietnam,VN,,no,sapo_social,,other,,1900000,1
KH13657,35350922,,,,,,,,,Vietnam,VN,,no,sapo_social,,other,,29660000,1
KH13658,35358758,,,,,,,,,Vietnam,VN,,no,,,other,,900000,1
KH13659,35368598,,TP Hồ Chí Minh,TP Hồ Chí Minh,2.0,Quận Bình Tân,48.0,Phường An Lạc,9464.0,Vietnam,VN,,no,sapo_social,,male,,3900000,2
KH13660,35368696,,TP Hồ Chí Minh,TP Hồ Chí Minh,2.0,Quận 1,30.0,Phường Nguyễn Thái Bình,9221.0,Vietnam,VN,,no,sapo_social,,other,,1600000,1
KH13661,35371263,,,,,,,,,Vietnam,VN,,no,sapo_social,,other,,13200000,1
KH13662,35376373,,TP Hồ Chí Minh,TP Hồ Chí Minh,2.0,Quận Gò Vấp,42.0,Phường 3,9278.0,Vietnam,VN,,no,sapo_social,,other,,1980000,1
KH13663,35376701,,,,,,,,,Vietnam,VN,,no,,,other,,3384000,2
KH13664,35379858,,,,,,,,,,,,no,,,other,,0,0
KH13665,35387491,,TP Hồ Chí Minh,TP Hồ Chí Minh,2.0,Thành phố Thủ Đức,10924.0,Phường Long Trường,107446.0,Vietnam,VN,,no,,,other,,2345460,1
KH13666,35387619,,,,,,,,,Vietnam,VN,,no,sapo_social,,female,,1330000,1
KH13667,35389303,,TP Hồ Chí Minh,TP Hồ Chí Minh,2.0,Quận Gò Vấp,42.0,Phường 6,9266.0,Vietnam,VN,,no,sapo_social,,other,,600000,1
KH13668,35390037,,,,,,,,,Vietnam,VN,,no,,,other,,550000,1
KH13669,35391415,,TP Hồ Chí Minh,TP Hồ Chí Minh,2.0,Quận Tân Bình,43.0,Phường 2,9299.0,Vietnam,VN,,no,,,other,,1132000,1
KH13670,35398646,,,,,,,,,Vietnam,VN,,no,sapo_social,,other,,0,0
KH13671,35408915,,TP Hồ Chí Minh,TP Hồ Chí Minh,2.0,Thành phố Thủ Đức,10924.0,Phường Long Trường,107446.0,Vietnam,VN,,no,sapo_social,,other,,9360000,2
KH13672,35421223,,,,,,,,,,,,no,,,other,,0,0
KH13673,35421253,,,,,,,,,,,,no,,,other,,0,0
KH13674,35421759,,,,,,,,,Vietnam,VN,,no,,,other,,1200000,2
KH13675,35427623,,,,,,,,,,,,no,,,other,,0,0
KH13676,35429094,,,,,,,,,Vietnam,VN,,no,sapo_social,,other,,1760000,1
KH13677,35462797,,,,,,,,,,,,no,,,other,,0,0
KH13678,35463807,,,,,,,,,Vietnam,VN,,no,,,other,,650000,1
KH13679,35464159,,,,,,,,,Vietnam,VN,,no,,,male,,490000,1
KH13680,35471485,,,,,,,,,Vietnam,VN,,no,,,male,,450000,1
KH13681,35473478,,,,,,,,,,,,no,,,other,,0,0
KH13682,35473916,,Hải Phòng,Hải Phòng,28.0,Quận Hồng Bàng,309.0,Phường Quán Toan,3865.0,Vietnam,VN,,no,,,other,,1167000,2
KH13683,35477287,,,,,,,,,,,,no,,,other,,0,0
KH13684,35489263,,,,,,,,,Vietnam,VN,,no,,,other,,4530000,2
KH13685,35492013,,TP Hồ Chí Minh,TP Hồ Chí Minh,2.0,Quận 12,41.0,Phường An Phú Đông,9232.0,Vietnam,VN,,no,,,other,,515000,1
KH13686,35492369,,,,,,,,,Vietnam,VN,,no,,,other,,1050000,1
KH13687,35492503,,TP Hồ Chí Minh,TP Hồ Chí Minh,2.0,Quận 7,36.0,Phường Tân Phú,9473.0,Vietnam,VN,,no,sapo_social,,female,,27244000,2
KH13688,35496258,,TP Hồ Chí Minh,TP Hồ Chí Minh,2.0,Quận 10,39.0,Phường 10,9370.0,Vietnam,VN,,no,sapo_social,,other,,996000,2
KH13689,35500970,,,,,,,,,,,,no,,,other,,0,0
KH13690,35509809,,,,,,,,,,,,no,,,other,,0,0
KH13691,35529992,,,,,,,,,Vietnam,VN,,no,,,other,,800000,1
KH13692,35530322,,,,,,,,,Vietnam,VN,,no,,,other,,0,0
KH13693,35613855,,,,,,,,,Vietnam,VN,,no,sapo_social,,female,,550000,1
KH13694,35614313,,,,,,,,,Vietnam,VN,,no,sapo_social,,other,,1600000,1
KH13695,35648136,,,,,,,,,,,,no,,,other,,12950000,1
KH13696,35660710,,TP Hồ Chí Minh,TP Hồ Chí Minh,2.0,Thành phố Thủ Đức,10924.0,Phường Trường Thọ,107460.0,Vietnam,VN,,no,sapo_social,,other,,2200000,1
KH13697,35693381,,TP Hồ Chí Minh,TP Hồ Chí Minh,2.0,Thành phố Thủ Đức,10924.0,Phường Linh Chiểu,107438.0,Vietnam,VN,,no,sapo_social,,other,,1660000,1
KH13698,35794533,,,,,,,,,Vietnam,VN,,no,,,male,,130000,1
KH13699,35797887,,TP Hồ Chí Minh,TP Hồ Chí Minh,2.0,Quận 5,34.0,Phường 5,9422.0,Vietnam,VN,,no,sapo_social,,other,,1135000,1
KH13700,35801856,,,,,,,,,Vietnam,VN,,yes,sapo_social,,female,,222175000,1
KH13701,35888885,,TP Hồ Chí Minh,TP Hồ Chí Minh,2.0,Quận 5,34.0,Phường 5,9422.0,Vietnam,VN,,no,sapo_social,,other,,3240000,4
KH13702,35934997,,,,,,,,,Vietnam,VN,,no,,,other,,940000,1
KH13703,35997346,,,,,,,,,Vietnam,VN,,no,sapo_social,,other,,14250000,1
KH13704,35997856,,,,,,,,,Vietnam,VN,,no,,,other,,964000,2
KH13705,36186002,,TP Hồ Chí Minh,TP Hồ Chí Minh,2.0,Quận 10,39.0,Phường 2,9374.0,Vietnam,VN,,no,sapo_social,,other,,1190000,1
KH13706,36186358,,Vĩnh Long,Vĩnh Long,61.0,Huyện Bình Tân,664.0,Thị trấn Tân Quới,10262.0,Vietnam,VN,,no,,,other,,481000,1
KH13707,36187027,,,,,,,,,,,,no,,,other,,0,0
KH13708,36196490,,,,,,,,,Vietnam,VN,,no,,,other,,6070000,2
KH13709,36198238,,,,,,,,,Vietnam,VN,,no,,,other,,1330000,1
KH13710,36201813,,,,,,,,,Vietnam,VN,,no,,,male,,2480000,1
KH13711,36202415,,,,,,,,,Vietnam,VN,,no,,,male,,465000,1
KH13712,36203443,,,,,,,,,,,,no,,,other,,0,0
KH13713,36208305,,,,,,,,,,,,no,,,other,,0,0
KH13714,36208381,,,,,,,,,Vietnam,VN,,no,sapo_social,,other,,0,0
KH13715,36208382,,,,,,,,,Vietnam,VN,,no,sapo_social,,other,,33220000,2
KH13716,36209488,,,,,,,,,Vietnam,VN,,no,,,male,,967200,1
KH13717,36214481,,,,,,,,,Vietnam,VN,,no,sapo_social,,other,,2880000,1
KH13718,36214960,,,,,,,,,,,,no,,,other,,0,0
KH13719,36215037,,,,,,,,,Vietnam,VN,,no,sapo_social,,other,,1390000,1
KH13720,36215213,,,,,,,,,,,,no,,,other,,0,0
KH13721,36219365,,,,,,,,,Vietnam,VN,,no,,,other,,1000000,1
KH13722,36219375,,,,,,,,,Vietnam,VN,,no,sapo_social,,male,,567500,1
KH13723,36222281,,TP Hồ Chí Minh,TP Hồ Chí Minh,2.0,Quận Tân Bình,43.0,Phường 5,9307.0,Vietnam,VN,,no,sapo_social,,other,,470000,1
KH13724,36223940,,,,,,,,,Vietnam,VN,,no,,,female,,3450000,1
KH13725,36224438,,,,,,,,,Vietnam,VN,,no,,,male,,450000,1
KH13726,36226451,,,,,,,,,,,,no,,,other,,0,0
KH13727,36227513,,,,,,,,,Vietnam,VN,,no,sapo_social,,female,,1650000,1
KH13728,36227557,,Bình Thuận,Bình Thuận,13.0,Thành phố Phan Thiết,142.0,Phường Phú Hài,7816.0,Vietnam,VN,,no,,,other,,0,1
KH13729,36234294,,,,,,,,,Vietnam,VN,,no,,,male,,550000,1
KH13730,36241214,,TP Hồ Chí Minh,TP Hồ Chí Minh,2.0,Quận 1,30.0,Phường Nguyễn Cư Trinh,9225.0,Vietnam,VN,,no,sapo_social,,other,,645000,1
KH13731,36243992,,,,,,,,,Vietnam,VN,,no,,,male,,1600000,1
KH13732,36245377,,TP Hồ Chí Minh,TP Hồ Chí Minh,2.0,Quận Thủ Đức,47.0,Phường Tam Bình,9241.0,Vietnam,VN,,no,sapo_social,,other,,21390000,2
KH13733,36249021,,,,,,,,,Vietnam,VN,,no,,,male,,650000,1
KH13734,36284191,,TP Hồ Chí Minh,TP Hồ Chí Minh,2.0,Quận 10,39.0,Phường 12,9368.0,Vietnam,VN,,no,sapo_social,,other,,0,0
KH13735,36284560,,TP Hồ Chí Minh,TP Hồ Chí Minh,2.0,Huyện Hóc Môn,50.0,Xã Xuân Thới Sơn,9503.0,Vietnam,VN,,no,,,other,,1110000,1
KH13736,36284787,,,,,,,,,,,,no,,,other,,0,0
KH13737,36290376,,,,,,,,,Vietnam,VN,,no,,,male,,2250000,2
KH13738,36291054,,TP Hồ Chí Minh,TP Hồ Chí Minh,2.0,Quận 5,34.0,Phường 7,9418.0,Vietnam,VN,,no,sapo_social,,other,,1125000,1
KH13739,36293179,,,,,,,,,Vietnam,VN,,no,,,other,,1100000,1
KH13740,36295839,,,,,,,,,,,,no,,,other,,0,0
KH13741,36300149,,Bình Định,Bình Định,11.0,Huyện Tuy Phước,128.0,Xã Phước Sơn,7482.0,Vietnam,VN,,no,,,other,,462900,1
KH13742,36318108,,,,,,,,,Vietnam,VN,,no,,,female,,2480000,1
KH13743,36319670,,,,,,,,,,,,no,,,other,,0,0
KH13744,36326276,,,,,,,,,,,,no,,,other,,0,0
KH13745,36337147,,,,,,,,,Vietnam,VN,,no,sapo_social,,other,,5070000,1
KH13746,36342283,,,,,,,,,Vietnam,VN,,no,sapo_social,,other,,1770000,1
KH13747,36350608,,,,,,,,,Vietnam,VN,,no,sapo_social,,other,,785000,1
KH13748,36354190,,,,,,,,,Vietnam,VN,,no,sapo_social,,other,,0,0
KH13749,36354191,,,,,,,,,Vietnam,VN,,no,sapo_social,,other,,829400,1
KH13750,36356723,,TP Hồ Chí Minh,TP Hồ Chí Minh,2.0,Quận Bình Thạnh,45.0,Phường 27,9281.0,Vietnam,VN,,no,sapo_social,,other,,1380000,1
KH13751,36358882,,,,,,,,,,,,no,,,other,,0,0
KH13752,36358899,,,,,,,,,Vietnam,VN,,no,,,other,,5178000,1
KH13753,36360872,,,,,,,,,,,,no,,,other,,0,0
KH13754,36361201,,,,,,,,,Vietnam,VN,,no,,,female,,3102000,1
KH13755,36361335,,,,,,,,,,,,no,,,other,,0,0
KH13756,36364302,,,,,,,,,Vietnam,VN,,no,,,other,,818400,1
KH13757,36379061,,,,,,,,,Vietnam,VN,,no,sapo_social,,other,,9130000,1
KH13758,36380795,,,,,,,,,Vietnam,VN,,no,sapo_social,,female,,1700000,1
KH13759,36382270,,,,,,,,,Vietnam,VN,,no,sapo_social,,other,,3000000,1
KH13760,36383681,,,,,,,,,,,,no,,,other,,0,0
KH13761,36384891,,,,,,,,,Vietnam,VN,,no,sapo_social,,other,,5500000,1
KH13762,36386650,,,,,,,,,Vietnam,VN,,no,,,other,,1220000,1
KH13763,36387064,,,,,,,,,,,,no,,,other,,0,0
KH13764,36387223,,,,,,,,,,,,no,,,other,,0,0
KH13765,36390486,,TP Hồ Chí Minh,TP Hồ Chí Minh,2.0,Quận 3,32.0,Phường Võ Thị Sáu,107463.0,Vietnam,VN,,no,sapo_social,,other,,1220000,1
KH13766,36390684,,,,,,,,,Vietnam,VN,,no,sapo_social,,other,,3410000,1
KH13767,36393353,,,,,,,,,,,,no,,,other,,0,0
KH13768,36419758,,,,,,,,,Vietnam,VN,,no,sapo_social,,female,,1815000,1
KH13769,36422542,,,,,,,,,Vietnam,VN,,no,,,other,,357000,1
KH13770,36423725,,,,,,,,,Vietnam,VN,,no,,,other,,420000,1
KH13771,36424568,,TP Hồ Chí Minh,TP Hồ Chí Minh,2.0,Quận Tân Phú,44.0,Phường Tân Thành,9318.0,Vietnam,VN,,no,sapo_social,,other,,1805000,2
KH13772,36426236,,,,,,,,,Vietnam,VN,,no,,,other,,2266000,1
KH13773,36429093,,,,,,,,,,,,no,,,other,,0,0
KH13774,36429423,,,,,,,,,Vietnam,VN,,no,sapo_social,,other,,2640000,1
KH13775,36434889,,,,,,,,,,,,no,,,other,,0,0
KH13776,36436773,,TP Hồ Chí Minh,TP Hồ Chí Minh,2.0,Quận Phú Nhuận,46.0,Phường 11,9335.0,Vietnam,VN,,no,sapo_social,,other,,2750000,2
KH13777,36443981,,,,,,,,,,,,no,,,other,,0,0
KH13778,36444318,,Đắk Lắk,Đắk Lắk,18.0,Thành phố Buôn Ma Thuột,192.0,Phường Thành Công,8272.0,Vietnam,VN,,no,,,other,,2622000,1
KH13779,36447211,,TP Hồ Chí Minh,TP Hồ Chí Minh,2.0,Huyện Bình Chánh,51.0,Xã Phong Phú,9518.0,Vietnam,VN,,no,sapo_social,,other,,810000,1
KH13780,36456273,,TP Hồ Chí Minh,TP Hồ Chí Minh,2.0,Quận 2,31.0,Phường Thạnh Mỹ Lợi,9348.0,Vietnam,VN,,no,sapo_social,,other,,2005000,1
KH13781,36461589,,,,,,,,,Vietnam,VN,,no,,,other,,370000,1
KH13782,36464558,,Bình Dương,Bình Dương,10.0,Huyện Bàu Bàng,117.0,Thị trấn Lai Uyên,8902.0,Vietnam,VN,,no,,,other,,456000,1
KH13783,36465384,,TP Hồ Chí Minh,TP Hồ Chí Minh,2.0,Thành phố Thủ Đức,10924.0,Phường An Phú,107429.0,Vietnam,VN,,no,sapo_social,,other,,104720000,5
KH13784,36468255,,,,,,,,,,,,no,,,other,,0,0
KH13785,36468428,,,,,,,,,Vietnam,VN,,no,,,female,,2260000,1
KH13786,36470612,,,,,,,,,Vietnam,VN,,no,,,female,,11970000,1
KH13787,36470976,,,,,,,,,Vietnam,VN,,no,,,other,,6900000,1
KH13788,36471008,,,,,,,,,Vietnam,VN,,no,,,other,,4650000,2
KH13789,36471371,,,,,,,,,Vietnam,VN,,no,sapo_social,,other,,0,0
KH13790,36478312,,TP Hồ Chí Minh,TP Hồ Chí Minh,2.0,Quận Gò Vấp,42.0,Phường 14,9269.0,Vietnam,VN,,no,sapo_social,,other,,1860000,1
KH13791,36480101,,,,,,,,,Vietnam,VN,,no,,,other,,6014000,1
KH13792,36480921,,,,,,,,,Vietnam,VN,,no,,,other,,1260000,1
KH13793,36481032,,,,,,,,,Vietnam,VN,,no,,,other,,2250000,1
KH13794,36485169,,,,,,,,,Vietnam,VN,,no,sapo_social,,other,,0,0
KH13795,36485385,,Quảng Ngãi,Quảng Ngãi,48.0,Thành phố Quảng Ngãi,516.0,Phường Chánh Lộ,7161.0,Vietnam,VN,,no,,,other,,1980000,1
KH13796,36489656,,,,,,,,,Vietnam,VN,,no,,,other,,900000,1
KH13797,36492676,,,,,,,,,Vietnam,VN,,no,,,female,,1900000,1
KH13798,36497476,,,,,,,,,Vietnam,VN,,no,,,other,,2003050,1
KH13799,36499571,,TP Hồ Chí Minh,TP Hồ Chí Minh,2.0,Quận 11,40.0,Phường 3,9384.0,Vietnam,VN,,no,sapo_social,,other,,615000,1
KH13800,36500634,,TP Hồ Chí Minh,TP Hồ Chí Minh,2.0,Quận 4,33.0,Phường 14,9404.0,Vietnam,VN,,no,sapo_social,,male,,1220000,1
KH13801,36500874,,,,,,,,,,,,no,,,other,,0,0
KH13802,36516532,,,,,,,,,,,,no,,,other,,0,0
KH13803,36520228,,,,,,,,,,,,no,,,other,,0,0
KH13804,36521901,,,,,,,,,Vietnam,VN,,yes,sapo_social,,other,,2090000,1
KH13805,36523098,,,,,,,,,Vietnam,VN,,no,,,male,,780000,1
KH13806,36530459,,TP Hồ Chí Minh,TP Hồ Chí Minh,2.0,Quận 4,33.0,Phường 1,9410.0,Vietnam,VN,,no,,,other,,525000,1
KH13807,36533513,,,,,,,,,,,,no,,,other,,0,0
KH13808,36571715,,Sóc Trăng,Sóc Trăng,51.0,Huyện Thạnh Trị,561.0,Thị trấn Phú Lộc,10978.0,Vietnam,VN,,no,,,other,,456000,1
KH13809,36576129,,TP Hồ Chí Minh,TP Hồ Chí Minh,2.0,Thành phố Thủ Đức,10924.0,Phường Linh Trung,107441.0,Vietnam,VN,,no,sapo_social,,other,,2852000,2
KH13810,36576482,,,,,,,,,Vietnam,VN,,no,sapo_social,,other,,3000000,1
KH13811,36580852,,,,,,,,,,,,no,,,other,,0,0
KH13812,36581300,,,,,,,,,Vietnam,VN,,no,sapo_social,,other,,12455000,1
KH13813,36582648,,TP Hồ Chí Minh,TP Hồ Chí Minh,2.0,Quận Bình Thạnh,45.0,Phường 25,9284.0,Vietnam,VN,,no,sapo_social,,other,,4680000,2
KH13814,36583479,,TP Hồ Chí Minh,TP Hồ Chí Minh,2.0,Quận 1,30.0,Phường Tân Định,9217.0,Vietnam,VN,,no,sapo_social,,other,,4455000,1
KH13815,36584430,,,,,,,,,,,,no,,,other,,0,0
KH13816,36586472,,TP Hồ Chí Minh,TP Hồ Chí Minh,2.0,Quận 2,31.0,Phường Bình Trưng Đông,9343.0,Vietnam,VN,,no,,,other,,695000,1
KH13817,36595247,,,,,,,,,,,,no,,,other,,0,0
KH13818,36600270,,,,,,,,,,,,no,,,other,,0,0
KH13819,36601538,,,,,,,,,,,,no,,,other,,0,0
KH13820,36603262,,,,,,,,,,,,no,,,other,,0,0
KH13821,36603382,,,,,,,,,,,,no,,,other,,0,0
KH13822,36603412,,TP Hồ Chí Minh,TP Hồ Chí Minh,2.0,Quận Bình Thạnh,45.0,Phường 25,9284.0,Vietnam,VN,,no,,,other,,1100000,0
KH13823,36604685,,TP Hồ Chí Minh,TP Hồ Chí Minh,2.0,Quận 3,32.0,Phường 2,9363.0,Vietnam,VN,,no,,,other,,1325000,1
KH13824,36605323,,,,,,,,,,,,no,,,other,,0,0
KH13825,36608054,,TP Hồ Chí Minh,TP Hồ Chí Minh,2.0,Thành phố Thủ Đức,10924.0,Phường Linh Đông,107439.0,Vietnam,VN,,no,sapo_social,,other,,24850000,1
KH13826,36614565,,,,,,,,,,,,no,,,other,,0,0
KH13827,36614764,,,,,,,,,,,,no,,,other,,0,0
KH13828,36620923,,,,,,,,,Vietnam,VN,,no,sapo_social,,male,,1120000,1
KH13829,36677625,,TP Hồ Chí Minh,TP Hồ Chí Minh,2.0,Thành phố Thủ Đức,10924.0,Phường Phú Hữu,107447.0,Vietnam,VN,,no,,,other,,2230000,1
KH13830,36684364,,TP Hồ Chí Minh,TP Hồ Chí Minh,2.0,Quận 1,30.0,Phường Bến Thành,9220.0,Vietnam,VN,,no,,,other,,550000,1
KH13831,36684998,,,,,,,,,Vietnam,VN,,no,,,male,,620000,1
KH13832,36686867,,Đồng Tháp,Đồng Tháp,22.0,Thành phố Hồng Ngự,237.0,,,Vietnam,VN,,no,sapo_social,,other,,7900000,1
KH13833,36695689,,,,,,,,,Vietnam,VN,,no,sapo_social,,other,,36000000,1
KH13834,36704914,,,,,,,,,,,,no,,,other,,0,0
KH13835,36707767,,,,,,,,,,,,no,,,other,,0,0
KH13836,36711973,,,,,,,,,,,,no,,,other,,0,0
KH13837,36713149,,,,,,,,,,,,no,,,other,,0,0
KH13838,36719974,,TP Hồ Chí Minh,TP Hồ Chí Minh,2.0,Quận 1,30.0,Phường Bến Nghé,9219.0,Vietnam,VN,,no,sapo_social,,other,,44770000,2
KH13839,36720280,,,,,,,,,,,,no,,,other,,0,0
KH13840,36723365,,,,,,,,,Vietnam,VN,,no,sapo_social,,female,,825000,1
KH13841,36725175,,TP Hồ Chí Minh,TP Hồ Chí Minh,2.0,Quận 11,40.0,Phường 15,9380.0,Vietnam,VN,,no,sapo_social,,other,,334000,1
KH13842,36726258,,,,,,,,,Vietnam,VN,,no,sapo_social,,other,,1650000,1
KH13843,36726605,,TP Hồ Chí Minh,TP Hồ Chí Minh,2.0,Quận Thủ Đức,47.0,Phường Linh Trung,9240.0,Vietnam,VN,,no,sapo_social,,other,,1530000,1
KH13844,36730049,,,,,,,,,Vietnam,VN,,no,,,male,,1195000,1
KH13845,36731306,,,,,,,,,Vietnam,VN,,no,,,other,,2130000,1
KH13846,36731857,,,,,,,,,Vietnam,VN,,no,,,female,,470000,1
KH13847,36732663,,,,,,,,,Vietnam,VN,,no,sapo_social,,other,,0,0
KH13848,36732695,,,,,,,,,,,,no,,,other,,0,0
KH13849,36732746,,,,,,,,,Vietnam,VN,,no,,,male,,530000,1
KH13850,36734945,,TP Hồ Chí Minh,TP Hồ Chí Minh,2.0,Quận Thủ Đức,47.0,Phường Hiệp Bình Phước,9243.0,Vietnam,VN,,no,,,other,,595000,1
KH13851,36739221,,,,,,,,,Vietnam,VN,,no,sapo_social,,other,,34700000,1
KH13852,36742145,,,,,,,,,Vietnam,VN,,no,,,other,,3800000,1
KH13853,36747685,,,,,,,,,Vietnam,VN,,no,,,other,,1160000,1
KH13854,36748129,,,,,,,,,Vietnam,VN,,no,,,other,,3100000,1
KH13855,36748295,,TP Hồ Chí Minh,TP Hồ Chí Minh,2.0,Quận Tân Phú,44.0,Phường Tây Thạnh,9315.0,Vietnam,VN,,no,sapo_social,,other,,1380000,1
KH13856,36748640,,,,,,,,,Vietnam,VN,,no,,,other,,6014000,1
KH13857,36749240,,TP Hồ Chí Minh,TP Hồ Chí Minh,2.0,Quận 12,41.0,Phường Thới An,9230.0,Vietnam,VN,,no,sapo_social,,other,,915000,1
KH13858,36750277,,TP Hồ Chí Minh,TP Hồ Chí Minh,2.0,Quận 2,31.0,Phường An Phú,9341.0,Vietnam,VN,,no,,,other,,1230000,1
KH13859,36750626,,,,,,,,,Vietnam,VN,,no,,,other,,890000,1
KH13860,36752744,,TP Hồ Chí Minh,TP Hồ Chí Minh,2.0,Quận 12,41.0,Phường An Phú Đông,9232.0,Vietnam,VN,,no,sapo_social,,other,,11426600,1
KH13861,36759285,,,,,,,,,Vietnam,VN,,no,,,other,,6600000,2
KH13862,36781761,,,,,,,,,Vietnam,VN,,no,,,other,,550000,1
KH13863,36782275,,,,,,,,,Vietnam,VN,,no,,,other,,10243200,1
KH13864,36782585,,,,,,,,,Vietnam,VN,,no,,,male,,1600000,1
KH13865,36782731,,,,,,,,,Vietnam,VN,,no,,,male,,4130000,2
KH13866,36787839,,,,,,,,,Vietnam,VN,,no,,,other,,490000,1
KH13867,36794532,,,,,,,,,,,,no,,,other,,0,0
KH13868,36797340,,,,,,,,,Vietnam,VN,,no,,,female,,0,0
KH13869,36797971,,,,,,,,,,,,no,,,other,,0,0
KH13870,36802485,,,,,,,,,Vietnam,VN,,no,sapo_social,,female,,2960000,1
KH13871,36802691,,,,,,,,,,,,no,,,other,,0,0
KH13872,36806810,,,,,,,,,Vietnam,VN,,no,,,other,,2800000,1
KH13873,36807104,,TP Hồ Chí Minh,TP Hồ Chí Minh,2.0,Quận 9,38.0,Phường Tăng Nhơn Phú B,9255.0,Vietnam,VN,,no,sapo_social,,male,,0,0
KH13874,36807786,,,,,,,,,Vietnam,VN,,no,,,other,,1340000,1
KH13875,36807984,,TP Hồ Chí Minh,TP Hồ Chí Minh,2.0,Quận Bình Thạnh,45.0,Phường 13,9279.0,Vietnam,VN,,no,sapo_social,,other,,3220000,2
KH13876,36808452,,,,,,,,,,,,no,,,other,,0,0
KH13877,36808466,,,,,,,,,Vietnam,VN,,no,,,other,,1900000,1
KH13878,36808916,,,,,,,,,Vietnam,VN,,no,,,other,,2040000,1
KH13879,36809261,,,,,,,,,Vietnam,VN,,no,,,other,,800000,1
KH13880,36813418,,,,,,,,,Vietnam,VN,,no,,,male,,1420000,1
KH13881,36816652,,TP Hồ Chí Minh,TP Hồ Chí Minh,2.0,Quận Gò Vấp,42.0,Phường 14,9269.0,Vietnam,VN,,no,,,other,,1345000,1
KH13882,36818569,,,,,,,,,,,,no,,,other,,0,0
KH13883,36822363,,TP Hồ Chí Minh,TP Hồ Chí Minh,2.0,Quận Gò Vấp,42.0,Phường 6,9266.0,Vietnam,VN,,no,sapo_social,,other,,3800000,1
KH13884,36829939,,,,,,,,,,,,no,,,other,,0,0
KH13885,36853922,,,,,,,,,Vietnam,VN,,no,,,other,,350000,1
KH13886,36854990,,,,,,,,,,,,no,,,other,,0,0
KH13887,36858305,,,,,,,,,,,,no,,,other,,0,0
KH13888,36859316,,,,,,,,,Vietnam,VN,,no,sapo_social,,male,,1960000,1
KH13889,36860028,,,,,,,,,Vietnam,VN,,no,,,other,,4895000,1
KH13890,36861893,,,,,,,,,,,,no,,,other,,0,0
KH13891,36862683,,,,,,,,,,,,no,,,other,,0,0
KH13892,36864485,,TP Hồ Chí Minh,TP Hồ Chí Minh,2.0,Quận Gò Vấp,42.0,Phường 14,9269.0,Vietnam,VN,,no,sapo_social,,male,,2725000,1
KH13893,36864581,,,,,,,,,Vietnam,VN,,no,sapo_social,,male,,3515000,2
KH13894,36865373,,Gia Lai,Gia Lai,23.0,Thị xã An Khê,248.0,Xã Cửu An,8072.0,Vietnam,VN,,no,,,other,,762900,1
KH13895,36870286,,,,,,,,,,,,no,,,other,,0,0
KH13896,36870428,,,,,,,,,,,,no,,,other,,0,0
KH13897,36874208,,TP Hồ Chí Minh,TP Hồ Chí Minh,2.0,Quận 1,30.0,Phường Bến Nghé,9219.0,Vietnam,VN,,no,,,other,,890000,1
KH13898,36877545,,,,,,,,,Vietnam,VN,,no,,,female,,6001600,1
KH13899,36877675,,,,,,,,,,,,no,,,other,,0,0
KH13900,36890229,,,,,,,,,Vietnam,VN,,no,sapo_social,,other,,4401000,2
KH13901,36901748,,TP Hồ Chí Minh,TP Hồ Chí Minh,2.0,Quận 4,33.0,Phường 1,9410.0,Vietnam,VN,,no,sapo_social,,other,,9412000,1
KH13902,36902751,,,,,,,,,Vietnam,VN,,no,,,male,,1600000,1
KH13903,36902903,,,,,,,,,Vietnam,VN,,no,,,male,,350000,1
KH13904,36903407,,,,,,,,,,,,no,,,other,,0,0
KH13905,36920864,,,,,,,,,Vietnam,VN,,no,,,female,,1780000,1
KH13906,36920918,,TP Hồ Chí Minh,TP Hồ Chí Minh,2.0,Quận 3,32.0,Phường 6,9357.0,Vietnam,VN,,no,sapo_social,,other,,905000,1
KH13907,36921602,,TP Hồ Chí Minh,TP Hồ Chí Minh,2.0,Quận 3,32.0,Phường 6,9357.0,Vietnam,VN,,no,sapo_social,,other,,3190000,1
KH13908,36923227,,,,,,,,,Vietnam,VN,,no,,,male,,550000,1
KH13909,36923751,,,,,,,,,Vietnam,VN,,no,,,male,,550000,1
KH13910,36924116,,,,,,,,,Vietnam,VN,,no,,,male,,2750000,1
KH13911,36925005,,Bến Tre,Bến Tre,9.0,Huyện Bình Đại,107.0,Xã Bình Thới,10018.0,Vietnam,VN,,no,sapo_social,,other,,2795000,3
KH13912,36925617,,,,,,,,,Vietnam,VN,,no,,,other,,330000,1
KH13913,36927817,,,,,,,,,,,,no,,,other,,0,0
KH13914,36938435,,TP Hồ Chí Minh,TP Hồ Chí Minh,2.0,Quận 7,36.0,Phường Tân Phú,9473.0,Vietnam,VN,,no,sapo_social,,other,,0,0
KH13915,36938986,,,,,,,,,,,,no,,,other,,0,0
KH13916,36940306,,,,,,,,,Vietnam,VN,,no,,,male,,4963750,2
KH13917,36943045,,,,,,,,,Vietnam,VN,,no,,,male,,9600000,1
KH13918,36944618,,,,,,,,,Vietnam,VN,,no,sapo_social,,other,,6400000,1
KH13919,36944844,,,,,,,,,Vietnam,VN,,no,,,other,,6900000,1
KH13920,36991994,,,,,,,,,,,,no,,,other,,2050000,1
KH13921,37000785,,,,,,,,,Vietnam,VN,,no,sapo_social,,other,,15230000,2
KH13922,37020661,,,,,,,,,Vietnam,VN,,no,,,male,,4800000,1
KH13923,37027521,,,,,,,,,,,,no,,,other,,0,0
KH13924,37027753,,,,,,,,,Vietnam,VN,,no,,,other,,2090000,1
KH13925,37027906,,Bình Dương,Bình Dương,10.0,Thành phố Dĩ An,120.0,Phường Đông Hòa,8952.0,Vietnam,VN,,no,sapo_social,,other,,960000,1
KH13926,37030304,,,,,,,,,Vietnam,VN,,no,,,other,,1650000,1
KH13927,37062914,,,,,,,,,Vietnam,VN,,no,,,other,,1400000,2
KH13928,37062954,,,,,,,,,Vietnam,VN,,no,,,other,,3900000,2
KH13929,37063339,,,,,,,,,Vietnam,VN,,no,,,other,,3200000,1
KH13930,37067019,,,,,,,,,Vietnam,VN,,no,sapo_social,,other,,4208000,2
KH13931,37086192,,,,,,,,,Vietnam,VN,,no,,,other,,3190000,1
KH13932,37086975,,Đồng Nai,Đồng Nai,21.0,Huyện Xuân Lộc,232.0,Thị trấn Gia Ray,9108.0,Vietnam,VN,,no,sapo_social,,other,,625000,1
KH13933,37087658,,TP Hồ Chí Minh,TP Hồ Chí Minh,2.0,Quận Bình Tân,48.0,Phường An Lạc,9464.0,Vietnam,VN,,no,sapo_social,,other,,53300000,1
KH13934,37089229,,,,,,,,,Vietnam,VN,,no,,,other,,2900000,1
KH13935,37090926,,,,,,,,,Vietnam,VN,,no,,,other,,1100000,1
KH13936,37091310,,,,,,,,,Vietnam,VN,,no,,,other,,3290000,1
KH13937,37091629,,,,,,,,,Vietnam,VN,,no,sapo_social,,male,,4840000,1
KH13938,37098391,,,,,,,,,Vietnam,VN,,no,sapo_social,,other,,0,0
KH13939,37098392,,,,,,,,,Vietnam,VN,,no,sapo_social,,other,,0,0
KH13940,37102577,,,,,,,,,Vietnam,VN,,no,sapo_social,,other,,6155000,2
KH13941,37103789,,,,,,,,,Vietnam,VN,,no,,,other,,180000,1
KH13942,37103974,,Yên Bái,Yên Bái,63.0,Thị xã Nghĩa Lộ,680.0,Phường Tân An,1516.0,Vietnam,VN,,no,,,other,,773100,1
KH13943,37105290,,,,,,,,,Vietnam,VN,,no,,,other,,1080000,1
KH13944,37107180,,,,,,,,,Vietnam,VN,,no,,,male,,750000,1
KH13945,37108073,,,,,,,,,Vietnam,VN,,no,,,other,,1900000,1
KH13946,37111343,,,,,,,,,Vietnam,VN,,no,,,other,,890000,1
KH13947,37112076,,,,,,,,,Vietnam,VN,,no,sapo_social,,other,,9600000,2
KH13948,37115274,,,,,,,,,Vietnam,VN,,no,,,male,,2050000,1
KH13949,37115669,,,,,,,,,Vietnam,VN,,no,,,other,,120000,1
KH13950,37115937,,TP Hồ Chí Minh,TP Hồ Chí Minh,2.0,Quận Gò Vấp,42.0,Phường 8,9276.0,Vietnam,VN,,no,,,other,,550000,1
KH13951,37117401,,,,,,,,,Vietnam,VN,,no,,,other,,1358000,1
KH13952,37117796,,,,,,,,,Vietnam,VN,,no,,,other,,1650000,1
KH13953,37118262,,,,,,,,,,,,no,,,other,,0,0
KH13954,37119164,,Quảng Nam,Quảng Nam,47.0,Huyện Duy Xuyên,514.0,Xã Duy Hải,7019.0,Vietnam,VN,,no,sapo_social,,other,,530000,1
KH13955,37119602,,,,,,,,,,,,no,,,other,,3716000,1
KH13956,37120629,,,,,,,,,Vietnam,VN,,no,,,other,,1980000,2
KH13957,37120955,,,,,,,,,Vietnam,VN,,no,,,other,,6165000,2
KH13958,37151452,,TP Hồ Chí Minh,TP Hồ Chí Minh,2.0,Quận Tân Bình,43.0,Phường 4,9300.0,Vietnam,VN,,no,,,other,,1900000,1
KH13959,37151657,,,,,,,,,Vietnam,VN,,no,sapo_social,,other,,377000,1
KH13960,37153845,,Tiền Giang,Tiền Giang,58.0,Thành phố Mỹ Tho,638.0,Xã Đạo Thạnh,9742.0,Vietnam,VN,,no,,,other,,460500,1
KH13961,37157105,,,,,,,,,Vietnam,VN,,no,sapo_social,,female,,632500,1
KH13962,37157557,,TP Hồ Chí Minh,TP Hồ Chí Minh,2.0,Quận 11,40.0,Phường 5,9381.0,Vietnam,VN,,no,,,other,,480000,0
KH13963,37157930,,,,,,,,,Vietnam,VN,,no,,,male,,6800000,2
KH13964,37161656,,,,,,,,,Vietnam,VN,,no,sapo_social,,female,,5551000,1
KH13965,37162540,,,,,,,,,,,,no,,,other,,0,0
KH13966,37162938,,TP Hồ Chí Minh,TP Hồ Chí Minh,2.0,Quận 12,41.0,Phường Tân Thới Nhất,9237.0,Vietnam,VN,,no,,,other,,5520000,1
KH13967,37163184,,TP Hồ Chí Minh,TP Hồ Chí Minh,2.0,Quận 12,41.0,Phường An Phú Đông,9232.0,Vietnam,VN,,no,sapo_social,,other,,3260000,1
KH13968,37164015,,,,,,,,,Vietnam,VN,,no,,,other,,400000,1
KH13969,37164987,,TP Hồ Chí Minh,TP Hồ Chí Minh,2.0,Quận 12,41.0,Phường Tân Thới Nhất,9237.0,Vietnam,VN,,no,sapo_social,,other,,180000,1
KH13970,37167986,,,,,,,,,Vietnam,VN,,no,,,other,,440000,1
KH13971,37168536,,,,,,,,,Vietnam,VN,,no,,,other,,820000,1
KH13972,37170021,,TP Hồ Chí Minh,TP Hồ Chí Minh,2.0,Quận Tân Phú,44.0,Phường Phú Trung,9321.0,Vietnam,VN,,no,sapo_social,,other,,2520000,2
KH13973,37172328,,,,,,,,,Vietnam,VN,,no,,,male,,3300000,1
KH13974,37172398,,,,,,,,,Vietnam,VN,,no,,,male,,1900000,1
KH13975,37173574,,,,,,,,,Vietnam,VN,,no,,,other,,520000,1
KH13976,37174147,,TP Hồ Chí Minh,TP Hồ Chí Minh,2.0,Quận Phú Nhuận,46.0,Phường 2,9331.0,Vietnam,VN,,no,sapo_social,,other,,570000,1
KH13977,37175186,,,,,,,,,,,,no,,,other,,0,0
KH13978,37185595,,,,,,,,,,,,no,,,other,,0,0
KH13979,37189293,,,,,,,,,Vietnam,VN,,no,,,female,,2070000,2
KH13980,37190465,,,,,,,,,Vietnam,VN,,no,,,male,,900000,1
KH13981,37190513,,TP Hồ Chí Minh,TP Hồ Chí Minh,2.0,Quận Tân Bình,43.0,Phường 9,9311.0,Vietnam,VN,,no,sapo_social,,female,,1360000,1
KH13982,37190650,,,,,,,,,Vietnam,VN,,no,,,male,,530000,1
KH13983,37190770,,TP Hồ Chí Minh,TP Hồ Chí Minh,2.0,Quận 7,36.0,Phường Bình Thuận,9470.0,Vietnam,VN,,no,sapo_social,,other,,1630000,1
KH13984,37191998,,,,,,,,,,,,no,,,other,,0,0
KH13985,37197254,,,,,,,,,Vietnam,VN,,no,,,male,,3460000,2
KH13986,37200195,,,,,,,,,Vietnam,VN,,no,,,male,,2700000,1
KH13987,37201181,,,,,,,,,,,,no,,,other,,0,0
KH13988,37201193,,TP Hồ Chí Minh,TP Hồ Chí Minh,2.0,Quận 10,39.0,Phường 4,9375.0,Vietnam,VN,,no,sapo_social,,other,,1590000,1
KH13989,37202439,,,,,,,,,Vietnam,VN,,no,,,other,,0,0
KH13990,37203286,,TP Hồ Chí Minh,TP Hồ Chí Minh,2.0,Quận 7,36.0,Phường Tân Phong,9474.0,Vietnam,VN,,no,sapo_social,,other,,3595000,1
KH13991,37204031,,,,,,,,,Vietnam,VN,,no,,,other,,1880000,1
KH13992,37204672,,,,,,,,,Vietnam,VN,,no,,,other,,450000,1
KH13993,37204742,,,,,,,,,,,,no,,,other,,0,0
KH13994,37205072,,,,,,,,,,,,no,,,other,,0,0
KH13995,37209292,,,,,,,,,,,,no,,,other,,0,0
KH13996,37209648,,,,,,,,,Vietnam,VN,,no,sapo_social,,other,,550000,1
KH13997,37210411,,,,,,,,,Vietnam,VN,,no,,,other,,5200000,2
KH13998,37210532,,,,,,,,,,,,no,,,other,,0,0
KH13999,37211253,,,,,,,,,Vietnam,VN,,no,sapo_social,,other,,855000,1
KH14000,37212370,,TP Hồ Chí Minh,TP Hồ Chí Minh,2.0,Quận 1,30.0,Phường Bến Nghé,9219.0,Vietnam,VN,,no,sapo_social,,other,,2245000,3
KH14001,37218364,,,,,,,,,Vietnam,VN,,no,,,other,,1600000,0
KH14002,37219549,,,,,,,,,,,,no,,,other,,0,0
KH14003,37219599,,,,,,,,,Vietnam,VN,,no,,,other,,1100000,1
KH14004,37219717,,2029,Hồ Chí Minh,2029.0,,,Phường Cát Lái,202795.0,Vietnam,VN,,no,sapo_social,,other,,0,0
KH14005,37220024,,TP Hồ Chí Minh,TP Hồ Chí Minh,2.0,Quận Phú Nhuận,46.0,Phường 11,9335.0,Vietnam,VN,,no,sapo_social,,other,,1600000,1
KH14006,37220069,,,,,,,,,Vietnam,VN,,no,sapo_social,,other,,0,0
KH14007,37220084,,TP Hồ Chí Minh,TP Hồ Chí Minh,2.0,Quận 1,30.0,Phường Nguyễn Thái Bình,9221.0,Vietnam,VN,,no,sapo_social,,other,,3550000,1
KH14008,37221209,,,,,,,,,Vietnam,VN,,no,,,other,,0,0
KH14009,37221364,,TP Hồ Chí Minh,TP Hồ Chí Minh,2.0,Quận 1,30.0,Phường Nguyễn Cư Trinh,9225.0,Vietnam,VN,,no,sapo_social,,male,,4450000,2
KH14010,37221450,,TP Hồ Chí Minh,TP Hồ Chí Minh,2.0,Quận 6,35.0,Phường 12,9430.0,Vietnam,VN,,no,sapo_social,,other,,730000,1
KH14011,37221689,,,,,,,,,Vietnam,VN,,no,,,other,,1650000,1
KH14012,37221845,,TP Hồ Chí Minh,TP Hồ Chí Minh,2.0,Quận Bình Tân,48.0,Phường An Lạc,9464.0,Vietnam,VN,,no,,,other,,4595000,1
KH14013,37223219,,TP Hồ Chí Minh,TP Hồ Chí Minh,2.0,Quận 1,30.0,Phường Tân Định,9217.0,Vietnam,VN,,no,sapo_social,,other,,3410000,1
KH14014,37223628,,,,,,,,,Vietnam,VN,,no,,,other,,450000,1
KH14015,37226729,,TP Hồ Chí Minh,TP Hồ Chí Minh,2.0,Quận Bình Thạnh,45.0,Phường 6,9288.0,Vietnam,VN,,no,sapo_social,,other,,740000,1
KH14016,37227291,,,,,,,,,,,,no,,,other,,0,0
KH14017,37228504,,Tiền Giang,Tiền Giang,58.0,Thị xã Cai Lậy,645.0,Phường 1,9793.0,Vietnam,VN,,no,sapo_social,,other,,0,1
KH14018,37228732,,,,,,,,,Vietnam,VN,,no,,,other,,0,0
KH14019,37230028,,TP Hồ Chí Minh,TP Hồ Chí Minh,2.0,Huyện Hóc Môn,50.0,Thị trấn Hóc Môn,9497.0,Vietnam,VN,,no,sapo_social,,male,,2400000,1
KH14020,37236125,,,,,,,,,Vietnam,VN,,no,sapo_social,,other,,0,1
KH14021,37245614,,TP Hồ Chí Minh,TP Hồ Chí Minh,2.0,Quận 4,33.0,Phường 13,9397.0,Vietnam,VN,,no,sapo_social,,male,,0,1
KH14022,37246200,,,,,,,,,,,,no,,,other,,0,0
KH14023,37247763,,TP Hồ Chí Minh,TP Hồ Chí Minh,2.0,Quận Bình Thạnh,45.0,Phường 25,9284.0,Vietnam,VN,,no,,,other,,4235000,1
KH14024,37255001,,TP Hồ Chí Minh,TP Hồ Chí Minh,2.0,Quận 1,30.0,Phường Bến Thành,9220.0,Vietnam,VN,,no,sapo_social,,female,,2250000,1
KH14025,37255038,,,,,,,,,Vietnam,VN,,no,,,other,,670000,1
KH14026,37255284,,TP Hồ Chí Minh,TP Hồ Chí Minh,2.0,Quận 2,31.0,Phường An Phú,9341.0,Vietnam,VN,,no,sapo_social,,other,,5704182,1
KH14027,37255425,,TP Hồ Chí Minh,TP Hồ Chí Minh,2.0,Quận Tân Phú,44.0,Phường Tân Quý,9317.0,Vietnam,VN,,no,sapo_social,,female,,2240000,1
KH14028,37256666,,,,,,,,,Vietnam,VN,,no,sapo_social,,other,,1594500,2
KH14029,37257146,,,,,,,,,,,,no,,,other,,0,0
KH14030,37257809,,,,,,,,,Vietnam,VN,,no,sapo_social,,other,,1660000,1
KH14031,37258009,,,,,,,,,Vietnam,VN,,no,sapo_social,,other,,1980000,1
KH14032,37258262,,,,,,,,,Vietnam,VN,,no,sapo_social,,other,,6615400,1
KH14033,37258359,,,,,,,,,Vietnam,VN,,no,,,other,,6210000,1
KH14034,37258786,,,,,,,,,Vietnam,VN,,no,,,other,,3180000,1
KH14035,37263899,,,,,,,,,Vietnam,VN,,no,sapo_social,,other,,0,1
KH14036,37266392,,,,,,,,,,,,no,,,other,,0,0
KH14037,37267455,,,,,,,,,Vietnam,VN,,no,,,other,,2170000,1
KH14038,37268238,,TP Hồ Chí Minh,TP Hồ Chí Minh,2.0,Quận 2,31.0,Phường Bình Trưng Tây,9344.0,Vietnam,VN,,no,,,other,,825000,1
KH14039,37268242,,,,,,,,,Vietnam,VN,,no,,,male,,1100000,1
KH14040,37268986,,,,,,,,,Vietnam,VN,,no,,,male,,600000,1
KH14041,37269207,,TP Hồ Chí Minh,TP Hồ Chí Minh,2.0,Quận Bình Thạnh,45.0,Phường 6,9288.0,Vietnam,VN,,no,sapo_social,,male,,1620000,1
KH14042,37270246,,,,,,,,,Vietnam,VN,,no,,,other,,600000,1
KH14043,37270407,,,,,,,,,,,,no,,,other,,0,0
KH14044,37273163,,,,,,,,,Vietnam,VN,,no,,,male,,1700000,1
KH14045,37273352,,,,,,,,,Vietnam,VN,,no,,,female,,2480000,1
KH14046,37273731,,,,,,,,,,,,no,,,other,,0,0
KH14047,37274766,,,,,,,,,Vietnam,VN,,no,,,other,,510000,1
KH14048,37275732,,,,,,,,,,,,no,,,other,,0,0
KH14049,37276180,,,,,,,,,,,,no,,,other,,0,0
KH14050,37276214,,TP Hồ Chí Minh,TP Hồ Chí Minh,2.0,Quận 4,33.0,Phường 2,9408.0,Vietnam,VN,,no,sapo_social,,other,,520000,1
KH14051,37276927,,,,,,,,,Vietnam,VN,,no,,,other,,980000,1
KH14052,37278756,,,,,,,,,,,,no,,,other,,0,0
KH14053,37279763,,,,,,,,,Vietnam,VN,,no,,,male,,1900000,1
KH14054,37281221,,,,,,,,,Vietnam,VN,,no,,,female,,0,1
KH14055,37281716,,,,,,,,,Vietnam,VN,,no,sapo_social,,other,,0,1
KH14056,37281996,,,,,,,,,Vietnam,VN,,no,,,male,,1350000,1
KH14057,37282681,,TP Hồ Chí Minh,TP Hồ Chí Minh,2.0,Quận 3,32.0,Phường 12,9354.0,Vietnam,VN,,no,sapo_social,,other,,2270000,1
KH14058,37282870,,Hà Nội,Hà Nội,1.0,Quận Hoàng Mai,8.0,Phường Định Công,106.0,Vietnam,VN,,no,sapo_social,,other,,3355000,1
KH14059,37283789,,,,,,,,,Vietnam,VN,,no,,,other,,1430000,1
KH14060,37284179,,,,,,,,,Vietnam,VN,,no,,,other,,2880000,1
KH14061,37284980,,,,,,,,,Vietnam,VN,,no,sapo_social,,other,,10505000,1
KH14062,37286258,,TP Hồ Chí Minh,TP Hồ Chí Minh,2.0,Quận 1,30.0,Phường Bến Thành,9220.0,Vietnam,VN,,no,sapo_social,,male,,2535000,1
KH14063,37286369,,,,,,,,,,,,no,,,other,,0,0
KH14064,37286521,,,,,,,,,Vietnam,VN,,no,,,other,,2530000,1
KH14065,37286633,,,,,,,,,Vietnam,VN,,no,sapo_social,,female,,2850000,1
KH14066,37286754,,TP Hồ Chí Minh,TP Hồ Chí Minh,2.0,Quận 7,36.0,Phường Tân Phong,9474.0,Vietnam,VN,,no,sapo_social,,other,,39560000,2
KH14067,37288590,,,,,,,,,Vietnam,VN,,no,,,female,,2090000,1
KH14068,37289402,,,,,,,,,Vietnam,VN,,no,,,male,,3480000,1
KH14069,37289868,,,,,,,,,Vietnam,VN,,no,,,male,,840000,1
KH14070,37290025,,TP Hồ Chí Minh,TP Hồ Chí Minh,2.0,Quận Tân Bình,43.0,Phường 11,9305.0,Vietnam,VN,,no,sapo_social,,other,,0,0
KH14071,37290145,,,,,,,,,Vietnam,VN,,no,,,other,,1440000,1
KH14072,37290872,,,,,,,,,,,,no,,,other,,0,0
KH14073,37290978,,,,,,,,,Vietnam,VN,,no,,,male,,820000,1
KH14074,37291144,,,,,,,,,Vietnam,VN,,no,,,male,,1050000,3
KH14075,37291183,,TP Hồ Chí Minh,TP Hồ Chí Minh,2.0,Quận 4,33.0,Phường 6,9399.0,Vietnam,VN,,no,sapo_social,,male,,490000,1
KH14076,37291553,,,,,,,,,Vietnam,VN,,no,,,other,,550000,1
KH14077,37291751,,TP Hồ Chí Minh,TP Hồ Chí Minh,2.0,Quận Phú Nhuận,46.0,Phường 15,9333.0,Vietnam,VN,,no,,,other,,555000,1
KH14078,37292068,,,,,,,,,Vietnam,VN,,no,,,female,,2400000,1
KH14079,37297342,,,,,,,,,Vietnam,VN,,no,,,male,,550000,1
KH14080,37302321,,,,,,,,,Vietnam,VN,,no,,,other,,1680000,1
KH14081,37303831,,,,,,,,,,,,no,,,other,,0,0
KH14082,37303855,,TP Hồ Chí Minh,TP Hồ Chí Minh,2.0,Thành phố Thủ Đức,10924.0,Phường Hiệp Bình Chánh,107435.0,Vietnam,VN,,no,sapo_social,,other,,1400000,1
KH14083,37303900,,,,,,,,,Vietnam,VN,,no,,,male,,820000,1
KH14084,37306308,,,,,,,,,Vietnam,VN,,no,sapo_social,,female,,5080000,1
KH14085,37306352,,,,,,,,,,,,no,,,other,,4676000,1
KH14086,37308110,,,,,,,,,,,,no,,,other,,0,0
KH14087,37309093,,,,,,,,,Vietnam,VN,,no,,,male,,3100000,1
KH14088,37313305,,,,,,,,,Vietnam,VN,,no,sapo_social,,other,,2572000,1
KH14089,37346209,,TP Hồ Chí Minh,TP Hồ Chí Minh,2.0,Quận 10,39.0,Phường 10,9370.0,Vietnam,VN,,no,sapo_social,,other,,1255000,1
KH14090,37346404,,,,,,,,,,,,no,,,other,,0,0
KH14091,37351128,,,,,,,,,Vietnam,VN,,no,,,male,,891000,1
KH14092,37353424,,,,,,,,,Vietnam,VN,,no,,,male,,880000,1
KH14093,37354914,,TP Hồ Chí Minh,TP Hồ Chí Minh,2.0,Quận 8,37.0,Phường 4,9447.0,Vietnam,VN,,no,sapo_social,,other,,2990000,1
KH14094,37355627,,,,,,,,,Vietnam,VN,,no,sapo_social,,other,,0,0
KH14095,37355651,,TP Hồ Chí Minh,TP Hồ Chí Minh,2.0,Quận Tân Phú,44.0,Phường Tân Thành,9318.0,Vietnam,VN,,no,sapo_social,,other,,3406000,1
KH14096,37356163,,,,,,,,,Vietnam,VN,,no,sapo_social,,other,,1210000,1
KH14097,37356494,,,,,,,,,Vietnam,VN,,no,,,male,,1680000,1
KH14098,37357136,,,,,,,,,,,,no,,,other,,0,0
KH14099,37357416,,,,,,,,,Vietnam,VN,,no,sapo_social,,female,,5456000,1
KH14100,37358369,,,,,,,,,Vietnam,VN,,no,,,female,,2660000,2
KH14101,37358436,,,,,,,,,Vietnam,VN,,no,,,female,,3180000,1
KH14102,37359523,,,,,,,,,Vietnam,VN,,no,,,other,,1260000,1
KH14103,37375653,,,,,,,,,,,,no,,,other,,0,0
KH14104,37662167,,,,,,,,,,,,no,,,other,,0,0
KH14105,37662814,,TP Hồ Chí Minh,TP Hồ Chí Minh,2.0,Quận 12,41.0,Phường Trung Mỹ Tây,9234.0,Vietnam,VN,,no,sapo_social,,other,,0,0
KH14106,37662866,,,,,,,,,Vietnam,VN,,no,,,other,,2300000,1
KH14107,37662983,,,,,,,,,Vietnam,VN,,no,sapo_social,,other,,1640000,1
KH14108,37666665,,,,,,,,,Vietnam,VN,,no,,,other,,1700000,1
KH14109,37666713,,,,,,,,,Vietnam,VN,,no,sapo_social,,other,,1480000,1
KH14110,37666924,,,,,,,,,,,,no,,,other,,0,0
KH14111,37667220,,TP Hồ Chí Minh,TP Hồ Chí Minh,2.0,Quận 2,31.0,Phường An Phú,9341.0,Vietnam,VN,,no,,,other,,1270000,1
KH14112,37667801,,,,,,,,,Vietnam,VN,,no,,,other,,550000,1
KH14113,37677895,,TP Hồ Chí Minh,TP Hồ Chí Minh,2.0,Quận 3,32.0,Phường 4,9360.0,Vietnam,VN,,no,sapo_social,,other,,3550000,1
KH14114,37696300,,,,,,,,,Vietnam,VN,,no,,,female,,4680000,1
KH14115,37696369,,,,,,,,,Vietnam,VN,,no,sapo_social,,other,,2700000,1
KH14116,37696644,,,,,,,,,Vietnam,VN,,no,,,female,,1727000,1
KH14117,37696761,,,,,,,,,Vietnam,VN,,no,,,other,,2700000,1
KH14118,37696805,,TP Hồ Chí Minh,TP Hồ Chí Minh,2.0,Quận 10,39.0,Phường 8,9373.0,Vietnam,VN,,no,sapo_social,,male,,780000,1
KH14119,37697507,,,,,,,,,Vietnam,VN,,no,,,other,,1850000,2
KH14120,37699874,,,,,,,,,,,,no,,,other,,0,0
KH14121,37701161,,,,,,,,,Vietnam,VN,,no,,,other,,1150000,1
KH14122,37701498,,,,,,,,,Vietnam,VN,,no,sapo_social,,other,,499000,1
KH14123,37701544,,,,,,,,,Vietnam,VN,,no,sapo_social,,male,,1050000,1
KH14124,37702446,,,,,,,,,Vietnam,VN,,no,,,other,,930000,1
KH14125,37702509,,,,,,,,,Vietnam,VN,,no,,,male,,2200000,1
KH14126,37702655,,,,,,,,,Vietnam,VN,,no,,,female,,710000,1
KH14127,37702673,,,,,,,,,Vietnam,VN,,no,,,male,,1340000,1
KH14128,37717288,,,,,,,,,Vietnam,VN,,no,,,male,,1850000,1
KH14129,37718204,,,,,,,,,Vietnam,VN,,no,,,other,,2988000,1
KH14130,37718484,,,,,,,,,Vietnam,VN,,no,,,other,,929000,1
KH14131,37718876,,,,,,,,,,,,no,,,other,,0,0
KH14132,37825428,,,,,,,,,,,,no,,,other,,0,0
KH14133,37826468,,,,,,,,,Vietnam,VN,,no,sapo_social,,male,,1630000,1
KH14134,37826655,,,,,,,,,Vietnam,VN,,no,,,other,,3550000,1
KH14135,37827347,,,,,,,,,Vietnam,VN,,no,,,male,,300000,1
KH14136,37827434,,,,,,,,,Vietnam,VN,,no,,,other,,2094000,1
KH14137,37827608,,,,,,,,,Vietnam,VN,,no,,,other,,3105000,1
KH14138,37827884,,,,,,,,,Vietnam,VN,,no,,,male,,8189500,1
KH14139,37855846,,,,,,,,,Vietnam,VN,,no,sapo_social,,male,,1060000,1
KH14140,37884524,,,,,,,,,Vietnam,VN,,no,,,other,,550000,1
KH14141,37908486,,,,,,,,,Vietnam,VN,,no,,,other,,1650000,1
KH14142,37927929,,TP Hồ Chí Minh,TP Hồ Chí Minh,2.0,Quận 11,40.0,Phường 11,9383.0,Vietnam,VN,,no,sapo_social,,other,,860000,1
KH14143,37928270,,,,,,,,,Vietnam,VN,,no,sapo_social,,female,,5640000,1
KH14144,37943195,,TP Hồ Chí Minh,TP Hồ Chí Minh,2.0,Quận 3,32.0,Phường 7,9352.0,Vietnam,VN,,no,sapo_social,,other,,0,0
KH14145,37947764,,,,,,,,,Vietnam,VN,,no,,,other,,3245000,1
KH14146,37951338,,,,,,,,,Vietnam,VN,,no,,,other,,900000,1
KH14147,37968441,,TP Hồ Chí Minh,TP Hồ Chí Minh,2.0,Quận Gò Vấp,42.0,Phường 12,9268.0,Vietnam,VN,,no,,,other,,0,1
KH14148,37971997,,TP Hồ Chí Minh,TP Hồ Chí Minh,2.0,Quận 2,31.0,Phường Cát Lái,9347.0,Vietnam,VN,,no,sapo_social,,other,,0,0
KH14149,37972958,,TP Hồ Chí Minh,TP Hồ Chí Minh,2.0,Quận 3,32.0,Phường 14,9353.0,Vietnam,VN,,no,sapo_social,,other,,0,0
KH14150,37972991,,,,,,,,,Vietnam,VN,,no,,,other,,550000,1
KH14151,37973131,,,,,,,,,Vietnam,VN,,no,,,other,,579000,1
KH14152,37973622,,,,,,,,,Vietnam,VN,,no,sapo_social,,other,,580000,1
KH14153,37973829,,,,,,,,,Vietnam,VN,,no,,,other,,1220000,1
KH14154,37974088,,,,,,,,,Vietnam,VN,,no,,,male,,0,0
KH14155,37974089,,,,,,,,,Vietnam,VN,,no,,,male,,900000,1
KH14156,37974161,,,,,,,,,Vietnam,VN,,no,,,other,,1270000,1
KH14157,37974169,,,,,,,,,,,,no,,,other,,0,0
KH14158,37974588,,TP Hồ Chí Minh,TP Hồ Chí Minh,2.0,Quận 8,37.0,Phường 16,9454.0,Vietnam,VN,,no,sapo_social,,other,,0,0
KH14159,37975179,,,,,,,,,Vietnam,VN,,no,,,other,,1300000,1
KH14160,37975299,,,,,,,,,Vietnam,VN,,no,,,other,,1600000,1
KH14161,37975610,,,,,,,,,,,,no,,,other,,0,0
KH14162,37976136,,TP Hồ Chí Minh,TP Hồ Chí Minh,2.0,Quận 2,31.0,Phường An Khánh,9346.0,Vietnam,VN,,no,,,other,,0,1
KH14163,37979080,,,,,,,,,,,,no,,,other,,0,0
KH14164,37980665,,,,,,,,,Vietnam,VN,,no,,,other,,2035000,1
KH14165,37982464,,,,,,,,,Vietnam,VN,,no,,,other,,905000,1
KH14166,37983193,,,,,,,,,Vietnam,VN,,no,,,other,,2140000,1
KH14167,37983422,,,,,,,,,,,,no,,,other,,0,0
KH14168,37986529,,,,,,,,,,,,no,,,other,,0,0
KH14169,37988219,,,,,,,,,,,,no,,,other,,0,0
KH14170,37988844,,,,,,,,,,,,no,,,other,,0,0
KH14171,37991293,,,,,,,,,,,,no,,,other,,0,0
KH14172,37994326,,,,,,,,,,,,no,,,other,,0,0
KH14173,38006036,,,,,,,,,,,,no,,,other,,0,0
KH14174,38032409,,,,,,,,,,,,no,,,other,,0,0
KH14175,38112056,,,,,,,,,,,,no,,,other,,0,0
KH14176,38112141,,,,,,,,,Vietnam,VN,,no,,,male,,610000,1
KH14177,38113599,,,,,,,,,Vietnam,VN,,no,,,other,,12500400,2
KH14178,38178091,,,,,,,,,Vietnam,VN,,no,,,other,,3120000,2
KH14179,38229553,,,,,,,,,,,,no,,,other,,0,0
KH14180,38235854,,,,,,,,,Vietnam,VN,,no,,,other,,350000,1
KH14181,38237382,,,,,,,,,,,,no,,,other,,0,0
KH14182,38238134,,TP Hồ Chí Minh,TP Hồ Chí Minh,2.0,Quận 7,36.0,Phường Tân Thuận Đông,9466.0,Vietnam,VN,,no,,,other,,897000,1
KH14183,38285177,,TP Hồ Chí Minh,TP Hồ Chí Minh,2.0,Quận Bình Thạnh,45.0,Phường 25,9284.0,Vietnam,VN,,no,sapo_social,,other,,380000,1
KH14184,38289440,,,,,,,,,Vietnam,VN,,no,,,other,,1300000,1
KH14185,38298744,,,,,,,,,,,,no,,,other,,0,0
KH14186,38332655,,,,,,,,,,,,no,,,other,,0,0
KH14187,38357648,,TP Hồ Chí Minh,TP Hồ Chí Minh,2.0,Quận 1,30.0,Phường Nguyễn Cư Trinh,9225.0,Vietnam,VN,,no,,,other,,455000,1
KH14188,38384483,,,,,,,,,Vietnam,VN,,no,,,other,,22440000,5
KH14189,38387375,,,,,,,,,,,,no,,,other,,0,0
KH14190,38388552,,,,,,,,,Vietnam,VN,,no,,,other,,520000,1
KH14191,38388665,,,,,,,,,,,,no,,,other,,0,0
KH14192,38391306,,,,,,,,,,,,no,,,other,,0,0
KH14193,38395895,,,,,,,,,Vietnam,VN,,no,,,other,,3100000,1
KH14194,38396943,,,,,,,,,,,,no,,,other,,0,0
KH14195,38397288,,Phú Yên,Phú Yên,45.0,Huyện Đồng Xuân,485.0,Xã Xuân Lãnh,7528.0,Vietnam,VN,,no,sapo_social,,male,,820000,1
KH14196,38416512,,,,,,,,,Vietnam,VN,,no,,,female,,2620000,1
KH14197,38428696,,,,,,,,,Vietnam,VN,,no,,,other,,1991000,1
KH14198,38452858,,TP Hồ Chí Minh,TP Hồ Chí Minh,2.0,Quận Gò Vấp,42.0,Phường 5,9271.0,Vietnam,VN,,no,sapo_social,,male,,570000,1
KH14199,38453961,,TP Hồ Chí Minh,TP Hồ Chí Minh,2.0,Quận 10,39.0,Phường 13,9366.0,Vietnam,VN,,no,sapo_social,,other,,570000,1
KH14200,38454567,,,,,,,,,Vietnam,VN,,no,,,other,,550000,1
KH14201,38473047,,,,,,,,,Vietnam,VN,,no,,,male,,3200000,1
KH14202,38502093,,,,,,,,,,,,no,,,other,,0,0
KH14203,38511683,,TP Hồ Chí Minh,TP Hồ Chí Minh,2.0,Quận 7,36.0,Phường Phú Mỹ,9475.0,Vietnam,VN,,no,,,other,,0,1
KH14204,38548417,,Bình Phước,Bình Phước,12.0,Huyện Bù Đốp,136.0,Xã Tân Tiến,8723.0,Vietnam,VN,,no,,,other,,1100000,1
KH14205,38559134,,,,,,,,,Vietnam,VN,,no,,,female,,2970000,1
KH14206,38565833,,TP Hồ Chí Minh,TP Hồ Chí Minh,2.0,Quận Tân Bình,43.0,Phường 15,9313.0,Vietnam,VN,,no,sapo_social,,female,,377000,1
KH14207,38589650,,TP Hồ Chí Minh,TP Hồ Chí Minh,2.0,Quận Bình Thạnh,45.0,Phường 19,9297.0,Vietnam,VN,,no,sapo_social,,other,,3184500,2
KH14208,38626735,,,,,,,,,,,,no,,,other,,0,0
KH14209,38657960,,,,,,,,,,,,no,,,other,,0,0
KH14210,38657978,,,,,,,,,Vietnam,VN,,no,,,male,,2409770,2
KH14211,38675877,,,,,,,,,Vietnam,VN,,no,,,male,,694000,2
KH14212,38686888,,,,,,,,,,,,no,,,other,,0,0
KH14213,38687331,,TP Hồ Chí Minh,TP Hồ Chí Minh,2.0,Thành phố Thủ Đức,10924.0,Phường Linh Tây,107440.0,Vietnam,VN,,no,sapo_social,,other,,360000,1
KH14214,38688871,,,,,,,,,Vietnam,VN,,no,,,other,,490000,1
KH14215,38711708,,,,,,,,,,,,no,,,other,,0,0
KH14216,38773391,,,,,,,,,,,,no,,,other,,0,0
KH14217,38774298,,,,,,,,,Vietnam,VN,,no,,,male,,940000,1
KH14218,38775015,,,,,,,,,Vietnam,VN,,no,,,male,,450000,1
KH14219,38775270,,,,,,,,,Vietnam,VN,,no,,,female,,430000,1
KH14220,38776810,,,,,,,,,Vietnam,VN,,no,,,other,,1050000,1
KH14221,38776843,,,,,,,,,,,,no,,,other,,0,0
KH14222,38777064,,,,,,,,,,,,no,,,other,,0,0
KH14223,38781417,,,,,,,,,Vietnam,VN,,no,sapo_social,,other,,533500,1
KH14224,38856708,,,,,,,,,,,,no,,,other,,0,0
KH14225,38858699,,TP Hồ Chí Minh,TP Hồ Chí Minh,2.0,Quận 1,30.0,Phường Tân Định,9217.0,Vietnam,VN,,no,sapo_social,,other,,400000,1
KH14226,38862791,,,,,,,,,Vietnam,VN,,no,,,male,,880000,2
KH14227,38866474,,,,,,,,,,,,no,,,other,,0,0
KH14228,38866532,,,,,,,,,,,,no,,,other,,0,0
KH14229,38893297,,,,,,,,,Vietnam,VN,,no,,,male,,0,1
KH14230,38895141,,Đồng Tháp,Đồng Tháp,22.0,Huyện Tam Nông,243.0,Thị trấn Tràm Chim,10334.0,Vietnam,VN,,no,,,other,,5413800,1
KH14231,38898233,,TP Hồ Chí Minh,TP Hồ Chí Minh,2.0,Quận Bình Thạnh,45.0,Phường 13,9279.0,Vietnam,VN,,no,sapo_social,,other,,475000,1
KH14232,38899494,,,,,,,,,Vietnam,VN,,no,,,other,,2205000,1
KH14233,38901278,,TP Hồ Chí Minh,TP Hồ Chí Minh,2.0,Quận Bình Thạnh,45.0,Phường 21,9295.0,Vietnam,VN,,no,sapo_social,,male,,990000,1
KH14234,38918554,,,,,,,,,Vietnam,VN,,no,,,other,,1523000,1
KH14235,38961540,,,,,,,,,,,,no,,,other,,0,0
KH14236,38986869,,,,,,,,,Vietnam,VN,,no,,,other,,450000,1
KH14237,38994482,,,,,,,,,Vietnam,VN,,no,,,other,,1000000,1
KH14238,38995575,,,,,,,,,Vietnam,VN,,no,,,other,,1794500,1
KH14239,38998899,,,,,,,,,,,,no,,,other,,0,0
KH14240,39012701,,,,,,,,,Vietnam,VN,,no,sapo_social,,female,,870000,1
KH14241,39075993,,,,,,,,,Vietnam,VN,,no,,,male,,440000,1
KH14242,39100311,,,,,,,,,Vietnam,VN,,no,,,female,,520000,1
KH14243,39110711,,,,,,,,,Vietnam,VN,,no,,,other,,693000,1
KH14244,39110722,,,,,,,,,Vietnam,VN,,no,,,other,,370000,1
KH14245,39111603,,,,,,,,,,,,no,,,other,,0,0
KH14246,39146278,,,,,,,,,Vietnam,VN,,no,,,other,,450000,1
KH14247,39150528,,,,,,,,,Vietnam,VN,,no,,,male,,380000,1
KH14248,39151420,,TP Hồ Chí Minh,TP Hồ Chí Minh,2.0,Quận 2,31.0,Phường Thảo Điền,9340.0,Vietnam,VN,,no,sapo_social,,other,,825000,1
KH14249,39158335,,TP Hồ Chí Minh,TP Hồ Chí Minh,2.0,Huyện Hóc Môn,50.0,Xã Tân Xuân,9504.0,Vietnam,VN,,no,,,other,,620000,1
KH14250,39182222,,,,,,,,,Vietnam,VN,,no,,,male,,450000,1
KH14251,39185024,,,,,,,,,,,,no,,,other,,0,0
KH14252,39202184,,,,,,,,,Vietnam,VN,,no,,,male,,450000,1
KH14253,39222083,,,,,,,,,Vietnam,VN,,no,sapo_social,,other,,1000000,1
KH14254,39234145,,,,,,,,,,,,no,,,other,,0,0
KH14255,39240568,,Phú Yên,Phú Yên,45.0,Huyện Sông Hinh,488.0,Thị trấn Hai Riêng,7567.0,Vietnam,VN,,no,sapo_social,,other,,760000,2
KH14256,39245036,,,,,,,,,,,,no,,,other,,0,0
KH14257,39249680,,TP Hồ Chí Minh,TP Hồ Chí Minh,2.0,Quận Tân Bình,43.0,Phường 2,9299.0,Vietnam,VN,,no,,,other,,1270000,1
KH14258,39302640,,TP Hồ Chí Minh,TP Hồ Chí Minh,2.0,Quận Gò Vấp,42.0,Phường 17,9265.0,Vietnam,VN,,no,sapo_social,,other,,440000,1
KH14259,39342296,,TP Hồ Chí Minh,TP Hồ Chí Minh,2.0,Quận 7,36.0,Phường Tân Phong,9474.0,Vietnam,VN,,no,sapo_social,,male,,580000,1
KH14260,39342519,,,,,,,,,,,,no,,,other,,0,0
KH14261,39352815,,TP Hồ Chí Minh,TP Hồ Chí Minh,2.0,Quận 10,39.0,Phường 10,9370.0,Vietnam,VN,,no,sapo_social,,other,,970000,1
KH14262,39366675,,TP Hồ Chí Minh,TP Hồ Chí Minh,2.0,Quận 8,37.0,Phường 8,9440.0,Vietnam,VN,,no,sapo_social,,other,,2124000,1
KH14263,39409696,,,,,,,,,Vietnam,VN,,no,,,other,,500000,1
KH14264,39455155,,,,,,,,,,,,no,,,other,,0,0
KH14265,39459013,,TP Hồ Chí Minh,TP Hồ Chí Minh,2.0,Quận Tân Phú,44.0,Phường Sơn Kỳ,9316.0,Vietnam,VN,,no,,,other,,585000,1
KH14266,39489447,,TP Hồ Chí Minh,TP Hồ Chí Minh,2.0,Quận Phú Nhuận,46.0,Phường 10,9334.0,Vietnam,VN,,no,,,other,,835000,2
KH14267,39492078,,,,,,,,,Vietnam,VN,,no,,,other,,465000,1
KH14268,39503420,,,,,,,,,,,,no,,,other,,0,0
KH14269,39515132,,,,,,,,,Vietnam,VN,,no,,,female,,240000,1
KH14270,39518358,,,,,,,,,Vietnam,VN,,no,,,male,,550000,1
KH14271,39518557,,TP Hồ Chí Minh,TP Hồ Chí Minh,2.0,Quận 3,32.0,Phường 10,9359.0,Vietnam,VN,,no,sapo_social,,other,,445000,1
KH14272,39518875,,,,,,,,,Vietnam,VN,,no,,,male,,900000,1
KH14273,39530573,,Bình Thuận,Bình Thuận,13.0,Huyện Hàm Thuận Nam,147.0,Xã Tân Thành,7891.0,Vietnam,VN,,no,sapo_social,,other,,605000,1
KH14274,39531825,,,,,,,,,Vietnam,VN,,no,sapo_social,,other,,1060000,1
KH14275,39532283,,,,,,,,,Vietnam,VN,,no,,,other,,2700000,1
KH14276,39532832,,Trà Vinh,Trà Vinh,59.0,Thành phố Trà Vinh,648.0,Phường 2,10071.0,Vietnam,VN,,no,,,other,,580000,1
KH14277,39536377,,,,,,,,,Vietnam,VN,,no,,,other,,840000,1
KH14278,39538109,,,,,,,,,Vietnam,VN,,no,,,other,,760000,1
KH14279,39538142,,,,,,,,,,,,no,,,other,,0,0
KH14280,39555558,,,,,,,,,Vietnam,VN,,no,,,male,,440000,1
KH14281,39559587,,,,,,,,,,,,no,,,other,,0,0
KH14282,39576989,,,,,,,,,Vietnam,VN,,no,sapo_social,,other,,18734499,1
KH14283,39587811,,,,,,,,,Vietnam,VN,,no,,,other,,420000,1
KH14284,39591064,,,,,,,,,,,,no,,,other,,0,0
KH14285,39597498,,TP Hồ Chí Minh,TP Hồ Chí Minh,2.0,Quận 3,32.0,Phường 9,9358.0,Vietnam,VN,,no,sapo_social,,other,,775000,1
KH14286,39597746,,,,,,,,,Vietnam,VN,,no,,,male,,1590000,1
KH14287,39599767,,,,,,,,,Vietnam,VN,,no,sapo_social,,other,,1640000,1
KH14288,39614889,,,,,,,,,Vietnam,VN,,no,,,other,,490000,1
KH14289,39615940,,,,,,,,,,,,no,,,other,,0,0
KH14290,39616771,,,,,,,,,Vietnam,VN,,no,,,male,,1500000,1
KH14291,39617401,,TP Hồ Chí Minh,TP Hồ Chí Minh,2.0,Quận 3,32.0,Phường 14,9353.0,Vietnam,VN,,no,sapo_social,,other,,550000,1
KH14292,39649642,,,,,,,,,Vietnam,VN,,no,sapo_social,,other,,1820000,1
KH14293,39661448,,TP Hồ Chí Minh,TP Hồ Chí Minh,2.0,Quận 1,30.0,Phường Bến Thành,9220.0,Vietnam,VN,,no,,,other,,1350000,1
KH14294,39662289,,,,,,,,,,,,no,,,other,,0,0
KH14295,39662481,,TP Hồ Chí Minh,TP Hồ Chí Minh,2.0,Quận Phú Nhuận,46.0,Phường 5,9326.0,Vietnam,VN,,no,,,other,,14300000,2
KH14296,39672941,,,,,,,,,Vietnam,VN,,no,,,male,,1100000,1
KH14297,39675254,,,,,,,,,,,,no,,,other,,0,0
KH14298,39679943,,,,,,,,,Vietnam,VN,,no,,,male,,3160000,1
KH14299,39681870,,,,,,,,,,,,no,,,other,,0,0
KH14300,39685881,,Kon Tum,Kon Tum,34.0,Huyện Kon Plông,376.0,Thị trấn Măng Đen,11208.0,Vietnam,VN,,no,,,other,,0,1
KH14301,39686897,,,,,,,,,,,,no,,,other,,0,0
KH14302,39688588,,,,,,,,,,,,no,,,other,,0,0
KH14303,39772094,,TP Hồ Chí Minh,TP Hồ Chí Minh,2.0,Quận 1,30.0,Phường Phạm Ngũ Lão,9222.0,Vietnam,VN,,no,sapo_social,,male,,570000,1
KH14304,39824412,,,,,,,,,,,,no,,,other,,0,0
KH14305,39837335,,TP Hồ Chí Minh,TP Hồ Chí Minh,2.0,Quận 6,35.0,Phường 11,9432.0,Vietnam,VN,,no,sapo_social,,other,,475000,1
KH14306,39837360,,,,,,,,,,,,no,,,other,,0,0
KH14307,39838400,,,,,,,,,Vietnam,VN,,no,,,other,,450000,1
KH14308,39840613,,,,,,,,,,,,no,,,other,,0,0
KH14309,39842380,,,,,,,,,Vietnam,VN,,no,,,other,,605000,1
KH14310,39842969,,,,,,,,,,,,no,,,other,,0,0
KH14311,39847065,,,,,,,,,Vietnam,VN,,no,sapo_social,,other,,1600000,1
KH14312,39855274,,TP Hồ Chí Minh,TP Hồ Chí Minh,2.0,Thành phố Thủ Đức,10924.0,Phường An Khánh,107427.0,Vietnam,VN,,no,sapo_social,,other,,580000,1
KH14313,39857683,,TP Hồ Chí Minh,TP Hồ Chí Minh,2.0,Quận Tân Bình,43.0,Phường 5,9307.0,Vietnam,VN,,no,sapo_social,,other,,470000,1
